id_student,final_result,active_days,days_to_first_activity,last7_share,phase,phase_start,phase_end,phase_length
27759,Fail,10,0.0,0.017857142857142856,P1,0,19,20
30091,Pass,5,3.0,0.043795620437956206,P1,0,19,20
31014,Withdrawn,12,1.0,0.6331877729257642,P1,0,19,20
31849,Pass,8,0.0,0.4939759036144578,P1,0,19,20
37622,Pass,3,16.0,1.0,P1,0,19,20
38234,Fail,3,9.0,0.037037037037037035,P1,0,19,20
48040,Pass,16,0.0,0.24299065420560748,P1,0,19,20
48503,Pass,4,2.0,0.1643835616438356,P1,0,19,20
51301,Withdrawn,19,0.0,0.436241610738255,P1,0,19,20
52797,Pass,7,2.0,0.4879518072289157,P1,0,19,20
52899,Pass,11,1.0,0.20462046204620463,P1,0,19,20
55026,Pass,8,1.0,0.45918367346938777,P1,0,19,20
56340,Fail,0,,,P1,0,19,20
56789,Pass,3,2.0,0.3333333333333333,P1,0,19,20
57079,Fail,10,0.0,0.3979591836734694,P1,0,19,20
63044,Fail,4,0.0,0.40298507462686567,P1,0,19,20
68556,Fail,5,2.0,0.5454545454545454,P1,0,19,20
73489,Pass,13,0.0,0.19373219373219372,P1,0,19,20
78255,Withdrawn,10,0.0,0.4077669902912621,P1,0,19,20
84812,Pass,9,2.0,0.2967032967032967,P1,0,19,20
86291,Fail,0,,,P1,0,19,20
90243,Pass,13,2.0,0.30995475113122173,P1,0,19,20
96475,Pass,4,2.0,0.15492957746478872,P1,0,19,20
97567,Pass,3,0.0,0.0,P1,0,19,20
98268,Pass,3,10.0,0.47297297297297297,P1,0,19,20
98720,Pass,1,7.0,0.0,P1,0,19,20
100282,Withdrawn,2,9.0,0.64,P1,0,19,20
105527,Pass,6,1.0,0.5089285714285714,P1,0,19,20
105851,Pass,3,14.0,1.0,P1,0,19,20
105883,Pass,10,0.0,0.4188679245283019,P1,0,19,20
108118,Pass,5,3.0,0.43243243243243246,P1,0,19,20
108760,Fail,6,10.0,0.1032258064516129,P1,0,19,20
109372,Pass,10,0.0,0.17857142857142858,P1,0,19,20
109782,Withdrawn,5,2.0,0.40476190476190477,P1,0,19,20
111942,Pass,8,1.0,0.27413127413127414,P1,0,19,20
119898,Pass,3,5.0,0.8518518518518519,P1,0,19,20
123716,Pass,13,0.0,0.512,P1,0,19,20
124909,Pass,14,0.0,0.10071942446043165,P1,0,19,20
128386,Fail,2,4.0,0.0,P1,0,19,20
128889,Pass,13,2.0,0.4769452449567723,P1,0,19,20
131051,Pass,8,1.0,0.2978723404255319,P1,0,19,20
132626,Withdrawn,13,0.0,0.7120418848167539,P1,0,19,20
134563,Pass,17,0.0,0.4915526950925181,P1,0,19,20
138289,Fail,7,3.0,0.3082706766917293,P1,0,19,20
138920,Fail,7,1.0,0.6160714285714286,P1,0,19,20
139549,Pass,4,7.0,0.39285714285714285,P1,0,19,20
141949,Pass,12,1.0,0.15151515151515152,P1,0,19,20
146165,Pass,1,10.0,0.0,P1,0,19,20
146600,Pass,5,1.0,0.08860759493670886,P1,0,19,20
151800,Fail,1,17.0,1.0,P1,0,19,20
151917,Fail,3,2.0,0.6857142857142857,P1,0,19,20
153704,Fail,5,1.0,0.14285714285714285,P1,0,19,20
154011,Pass,3,3.0,0.043478260869565216,P1,0,19,20
154570,Withdrawn,20,0.0,0.30976430976430974,P1,0,19,20
156311,Pass,5,6.0,0.7792207792207793,P1,0,19,20
157060,Pass,2,11.0,0.15151515151515152,P1,0,19,20
157795,Pass,10,3.0,0.2509090909090909,P1,0,19,20
169213,Pass,4,12.0,0.9512195121951219,P1,0,19,20
174222,Pass,3,6.0,0.6756756756756757,P1,0,19,20
174440,Fail,6,1.0,0.5915492957746479,P1,0,19,20
174487,Pass,9,0.0,0.36046511627906974,P1,0,19,20
178738,Fail,5,1.0,0.015625,P1,0,19,20
178963,Pass,2,4.0,0.0,P1,0,19,20
179254,Fail,2,2.0,0.0,P1,0,19,20
182661,Pass,0,,,P1,0,19,20
188026,Fail,5,0.0,0.0784313725490196,P1,0,19,20
189095,Fail,9,0.0,0.5794392523364486,P1,0,19,20
191269,Pass,8,3.0,0.5233644859813084,P1,0,19,20
193215,Fail,6,2.0,0.5483870967741935,P1,0,19,20
195096,Pass,0,,,P1,0,19,20
197240,Pass,10,0.0,0.0625,P1,0,19,20
197412,Pass,5,10.0,0.5319148936170213,P1,0,19,20
197759,Pass,12,0.0,0.2982456140350877,P1,0,19,20
198339,Withdrawn,4,0.0,0.14583333333333334,P1,0,19,20
199663,Pass,1,1.0,0.0,P1,0,19,20
202879,Fail,7,3.0,0.3625,P1,0,19,20
203640,Pass,1,18.0,1.0,P1,0,19,20
205788,Pass,9,0.0,0.3684210526315789,P1,0,19,20
227416,Fail,0,,,P1,0,19,20
230081,Pass,4,2.0,0.8222222222222222,P1,0,19,20
231959,Withdrawn,8,2.0,0.6829268292682927,P1,0,19,20
233317,Pass,11,2.0,0.3025830258302583,P1,0,19,20
233752,Pass,19,0.0,0.3252747252747253,P1,0,19,20
233957,Fail,2,9.0,0.16666666666666666,P1,0,19,20
234929,Fail,1,15.0,1.0,P1,0,19,20
240993,Pass,14,0.0,0.3116883116883117,P1,0,19,20
241338,Fail,5,3.0,0.71875,P1,0,19,20
242149,Fail,1,13.0,1.0,P1,0,19,20
242893,Withdrawn,4,8.0,0.3,P1,0,19,20
243851,Pass,17,0.0,0.15333333333333332,P1,0,19,20
243909,Fail,4,2.0,0.4,P1,0,19,20
243992,Pass,8,3.0,0.2833333333333333,P1,0,19,20
245987,Pass,1,0.0,0.0,P1,0,19,20
247902,Pass,10,0.0,0.6808510638297872,P1,0,19,20
248716,Pass,4,1.0,0.25,P1,0,19,20
248800,Withdrawn,6,7.0,0.4605263157894737,P1,0,19,20
251815,Fail,0,,,P1,0,19,20
252257,Pass,2,8.0,0.2631578947368421,P1,0,19,20
252652,Withdrawn,5,3.0,0.0,P1,0,19,20
253577,Pass,13,1.0,0.5210280373831776,P1,0,19,20
256998,Pass,6,11.0,0.9545454545454546,P1,0,19,20
260179,Pass,2,9.0,0.5,P1,0,19,20
261332,Fail,4,4.0,0.034482758620689655,P1,0,19,20
261466,Pass,6,0.0,0.2236024844720497,P1,0,19,20
262639,Pass,6,2.0,0.10091743119266056,P1,0,19,20
264152,Pass,17,0.0,0.09592326139088729,P1,0,19,20
264744,Pass,6,6.0,0.6212121212121212,P1,0,19,20
265170,Fail,13,0.0,0.2804532577903683,P1,0,19,20
266564,Pass,3,6.0,0.8333333333333334,P1,0,19,20
266744,Withdrawn,8,2.0,0.3584905660377358,P1,0,19,20
268589,Pass,13,2.0,0.45742092457420924,P1,0,19,20
269204,Pass,3,0.0,0.0,P1,0,19,20
270646,Pass,2,17.0,1.0,P1,0,19,20
272172,Fail,13,2.0,0.3197278911564626,P1,0,19,20
272617,Withdrawn,1,4.0,0.0,P1,0,19,20
274247,Fail,0,,,P1,0,19,20
274971,Pass,4,1.0,0.7313432835820896,P1,0,19,20
276925,Withdrawn,6,1.0,0.2875,P1,0,19,20
277537,Fail,6,3.0,0.6528925619834711,P1,0,19,20
278272,Fail,6,1.0,0.4225352112676056,P1,0,19,20
278794,Pass,17,1.0,0.13368983957219252,P1,0,19,20
280140,Fail,2,9.0,0.8666666666666667,P1,0,19,20
280151,Fail,3,0.0,0.045454545454545456,P1,0,19,20
282038,Withdrawn,3,2.0,0.47619047619047616,P1,0,19,20
282785,Withdrawn,1,17.0,1.0,P1,0,19,20
284906,Pass,1,10.0,0.0,P1,0,19,20
285050,Fail,14,0.0,0.3055555555555556,P1,0,19,20
286690,Fail,1,18.0,1.0,P1,0,19,20
287309,Pass,4,2.0,0.6341463414634146,P1,0,19,20
287679,Pass,6,1.0,0.745,P1,0,19,20
289753,Withdrawn,14,2.0,0.3192771084337349,P1,0,19,20
289965,Fail,5,2.0,0.6935483870967742,P1,0,19,20
292537,Pass,1,18.0,1.0,P1,0,19,20
293760,Pass,2,17.0,1.0,P1,0,19,20
301583,Fail,7,3.0,0.6410256410256411,P1,0,19,20
301987,Pass,8,3.0,0.38333333333333336,P1,0,19,20
303331,Withdrawn,13,1.0,0.5700483091787439,P1,0,19,20
303617,Fail,7,6.0,0.7819548872180451,P1,0,19,20
304069,Withdrawn,7,3.0,0.26785714285714285,P1,0,19,20
305173,Fail,2,2.0,0.5853658536585366,P1,0,19,20
305812,Withdrawn,3,4.0,0.4948453608247423,P1,0,19,20
305935,Fail,0,,,P1,0,19,20
306964,Pass,7,0.0,0.2911392405063291,P1,0,19,20
307230,Withdrawn,6,0.0,0.1793103448275862,P1,0,19,20
308359,Withdrawn,1,16.0,1.0,P1,0,19,20
308509,Fail,5,0.0,0.07894736842105263,P1,0,19,20
308703,Withdrawn,7,2.0,0.48412698412698413,P1,0,19,20
308852,Withdrawn,0,,,P1,0,19,20
310125,Withdrawn,2,6.0,0.0,P1,0,19,20
310933,Pass,5,4.0,0.09090909090909091,P1,0,19,20
314850,Withdrawn,5,1.0,0.03496503496503497,P1,0,19,20
316076,Pass,8,2.0,0.37777777777777777,P1,0,19,20
318848,Pass,6,1.0,0.15625,P1,0,19,20
319618,Pass,4,6.0,0.0,P1,0,19,20
320051,Pass,0,,,P1,0,19,20
320757,Pass,12,1.0,0.3492063492063492,P1,0,19,20
323090,Pass,6,2.0,0.18181818181818182,P1,0,19,20
323606,Pass,5,4.0,0.05084745762711865,P1,0,19,20
324236,Withdrawn,15,2.0,0.23404255319148937,P1,0,19,20
324319,Withdrawn,7,0.0,0.037037037037037035,P1,0,19,20
324614,Withdrawn,2,2.0,0.1,P1,0,19,20
325887,Pass,13,1.0,0.2967032967032967,P1,0,19,20
329030,Fail,2,3.0,0.6,P1,0,19,20
333117,Withdrawn,11,2.0,0.6057692307692307,P1,0,19,20
333651,Withdrawn,6,4.0,0.30409356725146197,P1,0,19,20
335136,Fail,15,0.0,0.0846774193548387,P1,0,19,20
335481,Fail,2,1.0,0.0,P1,0,19,20
336478,Pass,7,0.0,0.5,P1,0,19,20
336646,Fail,5,3.0,0.3793103448275862,P1,0,19,20
337151,Pass,6,0.0,0.26595744680851063,P1,0,19,20
338741,Pass,2,13.0,1.0,P1,0,19,20
339494,Pass,4,2.0,0.1623931623931624,P1,0,19,20
339608,Pass,2,2.0,0.07692307692307693,P1,0,19,20
340911,Pass,1,18.0,1.0,P1,0,19,20
340965,Pass,5,6.0,0.6515151515151515,P1,0,19,20
342685,Pass,5,1.0,0.6060606060606061,P1,0,19,20
344568,Pass,7,0.0,0.24731182795698925,P1,0,19,20
345083,Withdrawn,12,1.0,0.5545112781954887,P1,0,19,20
345128,Fail,10,4.0,0.4146341463414634,P1,0,19,20
349554,Pass,12,1.0,0.42990654205607476,P1,0,19,20
349675,Fail,1,10.0,0.0,P1,0,19,20
352112,Pass,3,2.0,0.02564102564102564,P1,0,19,20
352339,Withdrawn,3,2.0,0.05263157894736842,P1,0,19,20
352688,Pass,7,1.0,0.4380952380952381,P1,0,19,20
354779,Pass,1,12.0,0.0,P1,0,19,20
360876,Fail,1,10.0,0.0,P1,0,19,20
364666,Fail,1,10.0,0.0,P1,0,19,20
364871,Pass,6,2.0,0.3049645390070922,P1,0,19,20
365060,Withdrawn,4,4.0,0.4576271186440678,P1,0,19,20
365169,Pass,15,2.0,0.2072072072072072,P1,0,19,20
365631,Pass,13,1.0,0.46360153256704983,P1,0,19,20
366524,Pass,5,1.0,0.2647058823529412,P1,0,19,20
367433,Pass,5,1.0,0.76,P1,0,19,20
368077,Pass,17,0.0,0.2949061662198391,P1,0,19,20
369986,Pass,1,4.0,0.0,P1,0,19,20
370307,Withdrawn,10,0.0,0.2459016393442623,P1,0,19,20
370859,Pass,6,0.0,0.0,P1,0,19,20
371888,Withdrawn,2,4.0,0.022222222222222223,P1,0,19,20
372172,Fail,2,17.0,1.0,P1,0,19,20
372658,Pass,2,4.0,0.0,P1,0,19,20
373174,Fail,4,9.0,0.6129032258064516,P1,0,19,20
373269,Fail,4,1.0,0.512987012987013,P1,0,19,20
373807,Fail,17,0.0,0.4199706314243759,P1,0,19,20
373848,Pass,4,8.0,0.8378378378378378,P1,0,19,20
374038,Fail,9,2.0,0.2682926829268293,P1,0,19,20
375960,Pass,0,,,P1,0,19,20
378721,Withdrawn,3,2.0,0.0,P1,0,19,20
379210,Fail,4,4.0,0.18604651162790697,P1,0,19,20
379983,Fail,1,3.0,0.0,P1,0,19,20
380205,Fail,3,14.0,1.0,P1,0,19,20
380240,Fail,20,0.0,0.30739299610894943,P1,0,19,20
381541,Pass,10,4.0,0.6266666666666667,P1,0,19,20
381669,Pass,6,5.0,0.3333333333333333,P1,0,19,20
382575,Fail,7,1.0,0.41818181818181815,P1,0,19,20
382920,Pass,14,1.0,0.2147239263803681,P1,0,19,20
383303,Fail,3,3.0,0.38666666666666666,P1,0,19,20
385040,Fail,4,2.0,0.5384615384615384,P1,0,19,20
385820,Pass,5,4.0,0.13636363636363635,P1,0,19,20
386889,Pass,4,2.0,0.15789473684210525,P1,0,19,20
387700,Fail,4,2.0,0.22,P1,0,19,20
388052,Pass,1,16.0,1.0,P1,0,19,20
388432,Fail,9,0.0,0.0975609756097561,P1,0,19,20
388549,Fail,4,0.0,0.24761904761904763,P1,0,19,20
388975,Fail,11,0.0,0.175,P1,0,19,20
389471,Fail,7,5.0,0.3626373626373626,P1,0,19,20
390958,Pass,3,3.0,0.3181818181818182,P1,0,19,20
392281,Fail,7,3.0,0.35294117647058826,P1,0,19,20
393327,Pass,9,3.0,0.4897959183673469,P1,0,19,20
395073,Fail,4,1.0,0.0,P1,0,19,20
395715,Withdrawn,14,2.0,0.1267605633802817,P1,0,19,20
398891,Pass,2,0.0,0.0,P1,0,19,20
398956,Fail,2,16.0,1.0,P1,0,19,20
402993,Pass,12,1.0,0.124,P1,0,19,20
404269,Pass,13,0.0,0.36683417085427134,P1,0,19,20
404708,Pass,6,3.0,0.375,P1,0,19,20
405945,Pass,2,4.0,0.4117647058823529,P1,0,19,20
408975,Pass,2,4.0,0.10869565217391304,P1,0,19,20
409160,Fail,13,0.0,0.43795620437956206,P1,0,19,20
409698,Withdrawn,5,3.0,0.3333333333333333,P1,0,19,20
409930,Pass,8,1.0,0.0875,P1,0,19,20
409945,Pass,5,5.0,0.6153846153846154,P1,0,19,20
410052,Pass,3,9.0,0.5,P1,0,19,20
410281,Fail,13,0.0,0.25308641975308643,P1,0,19,20
410537,Pass,4,5.0,0.7142857142857143,P1,0,19,20
410842,Pass,5,2.0,0.07142857142857142,P1,0,19,20
411226,Withdrawn,7,2.0,0.6567164179104478,P1,0,19,20
411642,Pass,1,4.0,0.0,P1,0,19,20
415216,Pass,5,1.0,0.3333333333333333,P1,0,19,20
415546,Fail,9,2.0,0.2,P1,0,19,20
417657,Fail,6,0.0,0.43103448275862066,P1,0,19,20
417785,Fail,0,,,P1,0,19,20
419375,Pass,13,0.0,0.17901234567901234,P1,0,19,20
420163,Pass,4,2.0,0.29411764705882354,P1,0,19,20
420724,Fail,0,,,P1,0,19,20
421018,Pass,0,,,P1,0,19,20
422223,Fail,1,18.0,1.0,P1,0,19,20
422479,Pass,5,5.0,0.3541666666666667,P1,0,19,20
423399,Pass,2,7.0,0.0,P1,0,19,20
424539,Pass,3,8.0,0.6136363636363636,P1,0,19,20
424637,Fail,1,19.0,1.0,P1,0,19,20
426458,Pass,2,16.0,1.0,P1,0,19,20
427683,Withdrawn,0,,,P1,0,19,20
427921,Pass,19,0.0,0.5439900867410161,P1,0,19,20
428323,Pass,8,2.0,0.3684210526315789,P1,0,19,20
428653,Pass,1,18.0,1.0,P1,0,19,20
430392,Pass,5,0.0,0.2727272727272727,P1,0,19,20
430708,Pass,4,3.0,0.65,P1,0,19,20
431071,Fail,0,,,P1,0,19,20
432144,Pass,18,1.0,0.23529411764705882,P1,0,19,20
432237,Pass,1,4.0,0.0,P1,0,19,20
433280,Pass,2,9.0,0.9318181818181818,P1,0,19,20
433864,Pass,11,0.0,0.2,P1,0,19,20
434397,Pass,7,4.0,0.5376344086021505,P1,0,19,20
438551,Pass,8,5.0,0.41,P1,0,19,20
439182,Pass,2,13.0,1.0,P1,0,19,20
439294,Fail,0,,,P1,0,19,20
440225,Pass,3,5.0,0.34146341463414637,P1,0,19,20
440563,Pass,20,0.0,0.2822085889570552,P1,0,19,20
440593,Pass,0,,,P1,0,19,20
440765,Fail,6,5.0,0.6041666666666666,P1,0,19,20
442910,Pass,6,2.0,0.42168674698795183,P1,0,19,20
443923,Withdrawn,4,8.0,0.15384615384615385,P1,0,19,20
444225,Fail,2,18.0,1.0,P1,0,19,20
444821,Pass,4,1.0,0.6756756756756757,P1,0,19,20
444960,Withdrawn,11,1.0,0.21142857142857144,P1,0,19,20
445351,Withdrawn,2,8.0,0.0,P1,0,19,20
445760,Pass,5,0.0,0.417910447761194,P1,0,19,20
446345,Fail,2,4.0,0.4,P1,0,19,20
446873,Fail,4,10.0,0.8823529411764706,P1,0,19,20
447086,Pass,1,16.0,1.0,P1,0,19,20
447516,Pass,3,3.0,0.0625,P1,0,19,20
464525,Pass,15,0.0,0.3391304347826087,P1,0,19,20
465730,Fail,1,16.0,1.0,P1,0,19,20
466202,Pass,3,4.0,0.375,P1,0,19,20
466477,Pass,7,0.0,0.3532608695652174,P1,0,19,20
466800,Pass,0,,,P1,0,19,20
466854,Fail,5,8.0,0.16,P1,0,19,20
467179,Withdrawn,5,2.0,0.0,P1,0,19,20
467606,Withdrawn,11,1.0,0.44878048780487806,P1,0,19,20
468187,Fail,3,3.0,0.48717948717948717,P1,0,19,20
468482,Withdrawn,1,18.0,1.0,P1,0,19,20
469878,Pass,15,1.0,0.24031007751937986,P1,0,19,20
470869,Pass,5,1.0,0.08024691358024691,P1,0,19,20
471196,Pass,5,2.0,0.0,P1,0,19,20
471434,Withdrawn,8,2.0,0.31125827814569534,P1,0,19,20
471711,Pass,3,14.0,1.0,P1,0,19,20
472262,Fail,8,0.0,0.40594059405940597,P1,0,19,20
472327,Pass,9,0.0,0.06976744186046512,P1,0,19,20
474071,Fail,8,2.0,0.46825396825396826,P1,0,19,20
475215,Withdrawn,5,3.0,0.9154929577464789,P1,0,19,20
475241,Fail,4,14.0,1.0,P1,0,19,20
475594,Fail,17,0.0,0.22790697674418606,P1,0,19,20
476278,Pass,6,1.0,0.5607476635514018,P1,0,19,20
476816,Fail,10,2.0,0.5178571428571429,P1,0,19,20
477319,Withdrawn,3,10.0,0.7894736842105263,P1,0,19,20
477825,Pass,4,1.0,0.40625,P1,0,19,20
478069,Pass,4,13.0,1.0,P1,0,19,20
478718,Fail,0,,,P1,0,19,20
478967,Fail,5,1.0,0.045454545454545456,P1,0,19,20
479020,Pass,4,1.0,0.1437908496732026,P1,0,19,20
479170,Pass,15,1.0,0.3053097345132743,P1,0,19,20
479305,Pass,6,6.0,0.525,P1,0,19,20
480667,Withdrawn,6,2.0,0.7788461538461539,P1,0,19,20
482356,Pass,6,0.0,0.08955223880597014,P1,0,19,20
482680,Pass,6,0.0,0.10344827586206896,P1,0,19,20
482810,Pass,5,4.0,0.30303030303030304,P1,0,19,20
483646,Pass,3,3.0,0.3333333333333333,P1,0,19,20
483703,Withdrawn,8,2.0,0.35294117647058826,P1,0,19,20
483744,Withdrawn,11,7.0,0.25806451612903225,P1,0,19,20
483876,Pass,4,1.0,0.8809523809523809,P1,0,19,20
484135,Pass,1,9.0,0.0,P1,0,19,20
484301,Pass,2,8.0,0.3333333333333333,P1,0,19,20
484412,Pass,15,0.0,0.05276705276705277,P1,0,19,20
485006,Pass,9,1.0,0.046703296703296704,P1,0,19,20
485439,Withdrawn,2,2.0,0.16666666666666666,P1,0,19,20
485762,Pass,2,17.0,1.0,P1,0,19,20
485772,Fail,4,1.0,0.23809523809523808,P1,0,19,20
486004,Pass,5,0.0,0.6176470588235294,P1,0,19,20
487214,Fail,7,5.0,0.30303030303030304,P1,0,19,20
487371,Pass,5,2.0,0.11504424778761062,P1,0,19,20
487681,Pass,12,2.0,0.4387755102040816,P1,0,19,20
488176,Withdrawn,0,,,P1,0,19,20
488195,Pass,3,0.0,0.22727272727272727,P1,0,19,20
488427,Pass,2,0.0,0.0,P1,0,19,20
489320,Pass,2,5.0,0.46153846153846156,P1,0,19,20
489889,Pass,4,1.0,0.75,P1,0,19,20
490500,Fail,4,7.0,0.9016393442622951,P1,0,19,20
490677,Pass,14,0.0,0.22151898734177214,P1,0,19,20
490894,Fail,5,6.0,0.967032967032967,P1,0,19,20
491097,Fail,0,,,P1,0,19,20
491279,Pass,15,0.0,0.08823529411764706,P1,0,19,20
491907,Fail,3,3.0,0.13333333333333333,P1,0,19,20
491966,Pass,0,,,P1,0,19,20
492153,Pass,10,3.0,0.26519337016574585,P1,0,19,20
492286,Pass,6,0.0,0.375,P1,0,19,20
492478,Withdrawn,5,3.0,0.23636363636363636,P1,0,19,20
492726,Pass,9,0.0,0.08695652173913043,P1,0,19,20
493453,Pass,3,6.0,0.018518518518518517,P1,0,19,20
493465,Pass,3,1.0,0.4782608695652174,P1,0,19,20
493999,Fail,3,2.0,0.48,P1,0,19,20
494471,Fail,12,2.0,0.3515625,P1,0,19,20
494896,Withdrawn,5,1.0,0.3,P1,0,19,20
494960,Pass,12,3.0,0.06428571428571428,P1,0,19,20
495035,Pass,0,,,P1,0,19,20
495449,Pass,14,2.0,0.15789473684210525,P1,0,19,20
495509,Pass,1,18.0,1.0,P1,0,19,20
495625,Pass,6,13.0,1.0,P1,0,19,20
495879,Pass,2,15.0,1.0,P1,0,19,20
495913,Pass,2,15.0,1.0,P1,0,19,20
496091,Fail,7,2.0,0.49142857142857144,P1,0,19,20
496334,Fail,4,4.0,0.47619047619047616,P1,0,19,20
496442,Pass,2,15.0,1.0,P1,0,19,20
497130,Pass,10,2.0,0.3170731707317073,P1,0,19,20
497632,Pass,2,17.0,1.0,P1,0,19,20
498543,Pass,0,,,P1,0,19,20
498635,Pass,3,4.0,0.14285714285714285,P1,0,19,20
498755,Pass,5,1.0,0.3106796116504854,P1,0,19,20
498841,Withdrawn,3,14.0,1.0,P1,0,19,20
498892,Fail,1,17.0,1.0,P1,0,19,20
499624,Withdrawn,7,0.0,0.13725490196078433,P1,0,19,20
499822,Withdrawn,1,16.0,1.0,P1,0,19,20
500016,Pass,1,7.0,0.0,P1,0,19,20
500135,Fail,6,2.0,0.32653061224489793,P1,0,19,20
500279,Withdrawn,0,,,P1,0,19,20
500552,Pass,3,1.0,0.03278688524590164,P1,0,19,20
500668,Pass,14,0.0,0.26420454545454547,P1,0,19,20
501053,Fail,1,8.0,0.0,P1,0,19,20
501208,Pass,1,5.0,0.0,P1,0,19,20
501637,Pass,10,2.0,0.23555555555555555,P1,0,19,20
501862,Fail,0,,,P1,0,19,20
501945,Withdrawn,8,2.0,0.3979591836734694,P1,0,19,20
503322,Pass,10,1.0,0.9375,P1,0,19,20
503516,Fail,6,1.0,0.0,P1,0,19,20
503804,Pass,16,0.0,0.36175710594315247,P1,0,19,20
503878,Fail,2,2.0,0.5625,P1,0,19,20
504013,Pass,1,18.0,1.0,P1,0,19,20
504022,Pass,0,,,P1,0,19,20
504466,Pass,9,2.0,0.4876847290640394,P1,0,19,20
504635,Pass,0,,,P1,0,19,20
505413,Pass,0,,,P1,0,19,20
505595,Withdrawn,1,2.0,0.0,P1,0,19,20
506185,Fail,6,0.0,0.23809523809523808,P1,0,19,20
506248,Fail,5,2.0,0.3170731707317073,P1,0,19,20
506804,Pass,5,3.0,0.48,P1,0,19,20
506980,Fail,3,0.0,0.0,P1,0,19,20
507016,Pass,7,1.0,0.14634146341463414,P1,0,19,20
507279,Fail,2,2.0,0.0,P1,0,19,20
507387,Fail,6,1.0,0.1276595744680851,P1,0,19,20
507676,Fail,3,1.0,0.0,P1,0,19,20
508028,Pass,9,0.0,0.6326530612244898,P1,0,19,20
508047,Withdrawn,5,0.0,0.6037735849056604,P1,0,19,20
508079,Pass,10,3.0,0.38414634146341464,P1,0,19,20
508414,Withdrawn,1,11.0,0.0,P1,0,19,20
508422,Fail,2,16.0,1.0,P1,0,19,20
508517,Fail,4,0.0,0.875,P1,0,19,20
508759,Withdrawn,15,0.0,0.43915343915343913,P1,0,19,20
509036,Fail,6,0.0,0.25773195876288657,P1,0,19,20
509236,Fail,1,0.0,0.0,P1,0,19,20
509258,Fail,3,17.0,1.0,P1,0,19,20
509390,Fail,0,,,P1,0,19,20
509845,Withdrawn,6,5.0,0.6666666666666666,P1,0,19,20
509913,Fail,6,1.0,0.1323529411764706,P1,0,19,20
510149,Fail,13,2.0,0.38125,P1,0,19,20
510438,Fail,1,11.0,0.0,P1,0,19,20
510776,Fail,1,1.0,0.0,P1,0,19,20
510868,Withdrawn,1,0.0,0.0,P1,0,19,20
511678,Pass,20,0.0,0.4101123595505618,P1,0,19,20
512417,Pass,10,2.0,0.5240963855421686,P1,0,19,20
512581,Fail,20,0.0,0.3392857142857143,P1,0,19,20
512775,Pass,2,12.0,0.4,P1,0,19,20
512839,Fail,4,6.0,0.609375,P1,0,19,20
512883,Withdrawn,3,2.0,0.0,P1,0,19,20
512940,Pass,5,2.0,0.6190476190476191,P1,0,19,20
512977,Pass,2,3.0,0.0,P1,0,19,20
513076,Fail,4,5.0,0.4,P1,0,19,20
513836,Withdrawn,8,0.0,0.31496062992125984,P1,0,19,20
514043,Pass,1,9.0,0.0,P1,0,19,20
514074,Withdrawn,9,0.0,0.4659090909090909,P1,0,19,20
514302,Pass,8,1.0,0.46511627906976744,P1,0,19,20
514445,Pass,3,10.0,0.08955223880597014,P1,0,19,20
514776,Fail,4,0.0,0.3548387096774194,P1,0,19,20
514864,Pass,10,0.0,0.11392405063291139,P1,0,19,20
515203,Fail,2,6.0,0.8888888888888888,P1,0,19,20
515417,Fail,0,,,P1,0,19,20
515646,Pass,5,3.0,0.22972972972972974,P1,0,19,20
515676,Pass,0,,,P1,0,19,20
516364,Withdrawn,1,16.0,1.0,P1,0,19,20
516926,Fail,7,0.0,0.20689655172413793,P1,0,19,20
517016,Fail,2,7.0,0.06666666666666667,P1,0,19,20
517231,Pass,20,0.0,0.5196451204055766,P1,0,19,20
517352,Pass,7,5.0,0.21348314606741572,P1,0,19,20
517553,Withdrawn,3,14.0,1.0,P1,0,19,20
518126,Pass,3,9.0,0.2777777777777778,P1,0,19,20
518223,Pass,11,2.0,0.18032786885245902,P1,0,19,20
518496,Pass,6,2.0,0.6595744680851063,P1,0,19,20
519294,Pass,5,0.0,0.16304347826086957,P1,0,19,20
519584,Pass,15,1.0,0.2391304347826087,P1,0,19,20
519622,Fail,6,1.0,0.1896551724137931,P1,0,19,20
520002,Pass,15,0.0,0.2384428223844282,P1,0,19,20
520024,Withdrawn,4,14.0,1.0,P1,0,19,20
520100,Fail,2,7.0,0.8888888888888888,P1,0,19,20
520325,Fail,6,2.0,0.1797752808988764,P1,0,19,20
521341,Pass,10,1.0,0.49707602339181284,P1,0,19,20
521509,Pass,3,1.0,0.175,P1,0,19,20
521590,Pass,12,2.0,0.453125,P1,0,19,20
521666,Fail,0,,,P1,0,19,20
521895,Pass,1,0.0,0.0,P1,0,19,20
521957,Withdrawn,2,5.0,0.0,P1,0,19,20
522426,Pass,9,2.0,0.13901345291479822,P1,0,19,20
522434,Pass,13,1.0,0.19863013698630136,P1,0,19,20
522441,Pass,4,1.0,0.0945945945945946,P1,0,19,20
522443,Fail,9,2.0,0.24087591240875914,P1,0,19,20
522446,Pass,14,0.0,0.45172824791418353,P1,0,19,20
522529,Pass,17,0.0,0.18110236220472442,P1,0,19,20
522622,Pass,0,,,P1,0,19,20
522650,Withdrawn,6,1.0,0.030303030303030304,P1,0,19,20
522714,Pass,16,1.0,0.32142857142857145,P1,0,19,20
522792,Pass,12,1.0,0.6793103448275862,P1,0,19,20
522889,Fail,5,5.0,0.5230769230769231,P1,0,19,20
522891,Pass,9,1.0,0.4344262295081967,P1,0,19,20
522894,Pass,11,0.0,0.18181818181818182,P1,0,19,20
522899,Fail,8,3.0,0.35353535353535354,P1,0,19,20
523331,Fail,1,13.0,1.0,P1,0,19,20
523466,Pass,7,0.0,0.35384615384615387,P1,0,19,20
523545,Pass,3,1.0,0.23255813953488372,P1,0,19,20
523655,Pass,2,9.0,0.0,P1,0,19,20
523757,Fail,7,0.0,0.48148148148148145,P1,0,19,20
523857,Pass,6,1.0,0.010752688172043012,P1,0,19,20
523928,Pass,4,13.0,1.0,P1,0,19,20
524076,Fail,1,18.0,1.0,P1,0,19,20
524496,Fail,3,10.0,0.13157894736842105,P1,0,19,20
525877,Withdrawn,4,4.0,0.47368421052631576,P1,0,19,20
525885,Fail,4,2.0,0.0,P1,0,19,20
526088,Fail,3,0.0,0.8823529411764706,P1,0,19,20
526177,Pass,4,2.0,0.9090909090909091,P1,0,19,20
526810,Withdrawn,11,2.0,0.4309623430962343,P1,0,19,20
527393,Pass,9,0.0,0.44366197183098594,P1,0,19,20
527580,Pass,2,3.0,0.5294117647058824,P1,0,19,20
527636,Fail,13,0.0,0.08823529411764706,P1,0,19,20
527799,Fail,11,2.0,0.09230769230769231,P1,0,19,20
528056,Fail,2,7.0,0.37209302325581395,P1,0,19,20
528464,Pass,1,18.0,1.0,P1,0,19,20
529000,Fail,1,4.0,0.0,P1,0,19,20
529597,Fail,2,18.0,1.0,P1,0,19,20
529795,Fail,2,8.0,0.0,P1,0,19,20
530021,Fail,3,3.0,0.7857142857142857,P1,0,19,20
530112,Fail,1,13.0,1.0,P1,0,19,20
530487,Pass,16,0.0,0.43450479233226835,P1,0,19,20
530514,Pass,1,5.0,0.0,P1,0,19,20
530753,Fail,11,5.0,0.6972477064220184,P1,0,19,20
530841,Pass,12,1.0,0.830028328611898,P1,0,19,20
531384,Pass,20,0.0,0.30042553191489363,P1,0,19,20
532114,Withdrawn,0,,,P1,0,19,20
532335,Pass,7,5.0,0.660377358490566,P1,0,19,20
532477,Pass,19,0.0,0.08059701492537313,P1,0,19,20
532739,Pass,2,10.0,0.36585365853658536,P1,0,19,20
532839,Fail,4,5.0,0.6111111111111112,P1,0,19,20
532868,Fail,20,0.0,0.2870748299319728,P1,0,19,20
532869,Pass,6,0.0,0.1875,P1,0,19,20
533164,Withdrawn,2,9.0,0.5,P1,0,19,20
533301,Pass,3,4.0,0.0,P1,0,19,20
534133,Pass,4,15.0,1.0,P1,0,19,20
534323,Pass,9,3.0,0.5588235294117647,P1,0,19,20
534816,Fail,4,0.0,0.16,P1,0,19,20
534946,Pass,1,0.0,0.0,P1,0,19,20
534998,Pass,14,0.0,0.3488372093023256,P1,0,19,20
535269,Fail,4,1.0,0.041666666666666664,P1,0,19,20
535379,Pass,8,3.0,0.2909090909090909,P1,0,19,20
535833,Pass,1,18.0,1.0,P1,0,19,20
536318,Pass,10,0.0,0.24285714285714285,P1,0,19,20
536632,Pass,3,10.0,0.6,P1,0,19,20
536649,Fail,4,5.0,0.3018867924528302,P1,0,19,20
536660,Pass,1,7.0,0.0,P1,0,19,20
536663,Withdrawn,4,2.0,0.8108108108108109,P1,0,19,20
536666,Pass,2,5.0,0.75,P1,0,19,20
536852,Fail,1,4.0,0.0,P1,0,19,20
536992,Pass,2,15.0,1.0,P1,0,19,20
537271,Fail,1,14.0,1.0,P1,0,19,20
538210,Pass,3,2.0,0.8235294117647058,P1,0,19,20
539426,Fail,2,1.0,0.6363636363636364,P1,0,19,20
539670,Fail,1,19.0,1.0,P1,0,19,20
540005,Pass,0,,,P1,0,19,20
540249,Fail,7,0.0,0.14953271028037382,P1,0,19,20
540293,Pass,4,14.0,1.0,P1,0,19,20
540521,Pass,7,2.0,0.38372093023255816,P1,0,19,20
540602,Pass,7,2.0,0.3619047619047619,P1,0,19,20
540682,Pass,9,1.0,0.45674740484429066,P1,0,19,20
541171,Withdrawn,6,2.0,0.4657534246575342,P1,0,19,20
542296,Pass,9,6.0,0.5317460317460317,P1,0,19,20
542472,Fail,1,6.0,0.0,P1,0,19,20
542562,Withdrawn,7,0.0,0.10526315789473684,P1,0,19,20
542707,Fail,4,11.0,0.5151515151515151,P1,0,19,20
543021,Withdrawn,6,4.0,0.7349397590361446,P1,0,19,20
543279,Fail,2,8.0,0.5,P1,0,19,20
543418,Withdrawn,1,8.0,0.0,P1,0,19,20
543428,Pass,13,1.0,0.271889400921659,P1,0,19,20
545200,Pass,3,12.0,0.5555555555555556,P1,0,19,20
545297,Fail,2,3.0,0.6666666666666666,P1,0,19,20
545298,Pass,1,8.0,0.0,P1,0,19,20
545443,Pass,3,4.0,0.35,P1,0,19,20
545462,Pass,17,0.0,0.34384384384384387,P1,0,19,20
546195,Fail,0,,,P1,0,19,20
546196,Pass,4,5.0,0.08695652173913043,P1,0,19,20
547311,Fail,12,0.0,0.22699386503067484,P1,0,19,20
547718,Withdrawn,9,1.0,0.1746031746031746,P1,0,19,20
547979,Withdrawn,1,0.0,0.0,P1,0,19,20
548197,Pass,6,7.0,0.952755905511811,P1,0,19,20
548899,Pass,4,4.0,0.0,P1,0,19,20
549129,Pass,4,3.0,0.5957446808510638,P1,0,19,20
549226,Fail,3,2.0,0.41025641025641024,P1,0,19,20
549445,Pass,4,1.0,0.19480519480519481,P1,0,19,20
549586,Pass,5,7.0,0.4861111111111111,P1,0,19,20
549745,Withdrawn,3,14.0,1.0,P1,0,19,20
549873,Fail,0,,,P1,0,19,20
549918,Fail,17,0.0,0.35359116022099446,P1,0,19,20
550412,Pass,2,13.0,1.0,P1,0,19,20
550559,Withdrawn,4,10.0,0.7333333333333333,P1,0,19,20
550941,Pass,16,3.0,0.4906832298136646,P1,0,19,20
551031,Fail,14,1.0,0.46887966804979253,P1,0,19,20
551136,Withdrawn,2,5.0,0.0,P1,0,19,20
551205,Pass,0,,,P1,0,19,20
551219,Pass,9,0.0,0.05737704918032787,P1,0,19,20
551234,Pass,19,0.0,0.5245283018867924,P1,0,19,20
551347,Pass,8,3.0,0.47701149425287354,P1,0,19,20
551802,Fail,4,6.0,0.654320987654321,P1,0,19,20
551836,Pass,16,1.0,0.5213270142180095,P1,0,19,20
552116,Pass,4,5.0,0.2857142857142857,P1,0,19,20
552177,Fail,1,6.0,0.0,P1,0,19,20
552205,Pass,2,1.0,0.0,P1,0,19,20
552339,Pass,16,0.0,0.23863636363636365,P1,0,19,20
552515,Pass,0,,,P1,0,19,20
552622,Pass,15,1.0,0.26865671641791045,P1,0,19,20
552883,Fail,4,2.0,0.4146341463414634,P1,0,19,20
553078,Pass,5,3.0,0.5567010309278351,P1,0,19,20
553825,Pass,3,3.0,0.0,P1,0,19,20
553856,Pass,9,2.0,0.2727272727272727,P1,0,19,20
553893,Fail,0,,,P1,0,19,20
554243,Fail,9,1.0,0.4251497005988024,P1,0,19,20
554297,Fail,5,4.0,0.4067796610169492,P1,0,19,20
554314,Fail,3,7.0,0.6764705882352942,P1,0,19,20
554540,Pass,6,4.0,0.3333333333333333,P1,0,19,20
555061,Fail,4,0.0,0.45454545454545453,P1,0,19,20
555346,Pass,5,5.0,0.22727272727272727,P1,0,19,20
555721,Pass,6,0.0,0.18518518518518517,P1,0,19,20
556062,Fail,1,3.0,0.0,P1,0,19,20
556175,Pass,3,2.0,0.34782608695652173,P1,0,19,20
556228,Pass,13,3.0,0.36923076923076925,P1,0,19,20
556427,Withdrawn,3,11.0,0.5,P1,0,19,20
556592,Pass,6,3.0,0.5375,P1,0,19,20
556738,Fail,3,1.0,0.016666666666666666,P1,0,19,20
556972,Pass,9,0.0,0.44360902255639095,P1,0,19,20
557652,Fail,0,,,P1,0,19,20
558035,Withdrawn,9,5.0,0.6521739130434783,P1,0,19,20
558333,Pass,1,8.0,0.0,P1,0,19,20
558533,Pass,6,2.0,0.16393442622950818,P1,0,19,20
558661,Fail,5,0.0,0.40540540540540543,P1,0,19,20
558755,Fail,8,1.0,0.08974358974358974,P1,0,19,20
558962,Pass,8,2.0,0.057971014492753624,P1,0,19,20
558983,Fail,9,1.0,0.22988505747126436,P1,0,19,20
559139,Withdrawn,8,6.0,0.5887096774193549,P1,0,19,20
559168,Pass,4,2.0,0.0,P1,0,19,20
559382,Pass,6,2.0,0.6,P1,0,19,20
559414,Pass,0,,,P1,0,19,20
559584,Pass,0,,,P1,0,19,20
559685,Fail,3,3.0,0.7702702702702703,P1,0,19,20
559851,Pass,3,3.0,0.125,P1,0,19,20
560030,Fail,8,1.0,0.32,P1,0,19,20
560074,Pass,12,1.0,0.15714285714285714,P1,0,19,20
560430,Fail,3,4.0,0.4051724137931034,P1,0,19,20
560567,Pass,4,9.0,0.4857142857142857,P1,0,19,20
560676,Fail,0,,,P1,0,19,20
560773,Pass,10,1.0,0.328,P1,0,19,20
560920,Withdrawn,6,3.0,0.0684931506849315,P1,0,19,20
561457,Pass,11,0.0,0.2773722627737226,P1,0,19,20
561534,Pass,5,2.0,0.25738396624472576,P1,0,19,20
561549,Fail,12,4.0,0.7009803921568627,P1,0,19,20
561591,Pass,2,1.0,0.0,P1,0,19,20
561674,Withdrawn,1,1.0,0.0,P1,0,19,20
561841,Pass,12,0.0,0.25,P1,0,19,20
562090,Pass,7,1.0,0.13071895424836602,P1,0,19,20
562270,Pass,1,0.0,0.0,P1,0,19,20
562456,Fail,15,0.0,0.25280898876404495,P1,0,19,20
563174,Fail,2,14.0,1.0,P1,0,19,20
563374,Fail,14,0.0,0.4444444444444444,P1,0,19,20
563706,Pass,11,0.0,0.19230769230769232,P1,0,19,20
563733,Pass,4,0.0,0.0,P1,0,19,20
563735,Pass,5,5.0,0.04,P1,0,19,20
563769,Fail,6,1.0,0.2972972972972973,P1,0,19,20
563794,Pass,8,1.0,0.42105263157894735,P1,0,19,20
564105,Pass,17,1.0,0.26119402985074625,P1,0,19,20
564129,Pass,0,,,P1,0,19,20
564144,Pass,3,6.0,0.3333333333333333,P1,0,19,20
564245,Pass,7,0.0,0.0,P1,0,19,20
564268,Pass,6,2.0,0.37755102040816324,P1,0,19,20
564596,Withdrawn,0,,,P1,0,19,20
564626,Fail,3,2.0,0.6071428571428571,P1,0,19,20
564792,Fail,10,2.0,0.41379310344827586,P1,0,19,20
564958,Pass,8,4.0,0.6293706293706294,P1,0,19,20
564972,Withdrawn,4,2.0,0.017241379310344827,P1,0,19,20
565393,Fail,6,4.0,0.5793103448275863,P1,0,19,20
565582,Pass,4,0.0,0.0625,P1,0,19,20
565607,Pass,13,1.0,0.42857142857142855,P1,0,19,20
565715,Pass,14,4.0,0.5752895752895753,P1,0,19,20
565888,Pass,3,16.0,1.0,P1,0,19,20
565919,Pass,9,5.0,0.3475783475783476,P1,0,19,20
566339,Pass,4,0.0,0.40625,P1,0,19,20
566358,Fail,9,2.0,0.26785714285714285,P1,0,19,20
566369,Pass,7,2.0,0.6855345911949685,P1,0,19,20
566392,Fail,12,2.0,0.24107142857142858,P1,0,19,20
566407,Pass,8,3.0,0.44642857142857145,P1,0,19,20
566415,Pass,1,12.0,0.0,P1,0,19,20
566720,Pass,6,3.0,0.3411764705882353,P1,0,19,20
566813,Pass,0,,,P1,0,19,20
566814,Pass,6,2.0,0.16129032258064516,P1,0,19,20
567013,Fail,0,,,P1,0,19,20
567160,Fail,1,6.0,0.0,P1,0,19,20
567262,Pass,4,8.0,0.6041666666666666,P1,0,19,20
567363,Pass,2,3.0,0.10714285714285714,P1,0,19,20
567402,Pass,10,0.0,0.7,P1,0,19,20
567429,Pass,3,1.0,0.40476190476190477,P1,0,19,20
567627,Pass,6,4.0,0.4,P1,0,19,20
567754,Pass,14,2.0,0.546875,P1,0,19,20
567915,Fail,3,6.0,0.125,P1,0,19,20
567929,Fail,13,0.0,0.22281167108753316,P1,0,19,20
567958,Pass,2,14.0,1.0,P1,0,19,20
567979,Pass,2,1.0,0.0,P1,0,19,20
568074,Pass,6,10.0,0.6792452830188679,P1,0,19,20
568370,Withdrawn,14,1.0,0.45979381443298967,P1,0,19,20
568474,Pass,6,0.0,0.3333333333333333,P1,0,19,20
568502,Pass,4,1.0,0.0,P1,0,19,20
568609,Withdrawn,6,3.0,0.36363636363636365,P1,0,19,20
568775,Withdrawn,3,15.0,1.0,P1,0,19,20
569035,Pass,13,0.0,0.23809523809523808,P1,0,19,20
569141,Pass,2,4.0,0.6666666666666666,P1,0,19,20
569334,Fail,1,17.0,1.0,P1,0,19,20
569854,Pass,6,2.0,0.5081967213114754,P1,0,19,20
569862,Pass,10,0.0,0.1144578313253012,P1,0,19,20
569930,Pass,12,5.0,0.29743589743589743,P1,0,19,20
570137,Pass,6,2.0,0.20588235294117646,P1,0,19,20
570157,Pass,5,9.0,0.21428571428571427,P1,0,19,20
570168,Pass,20,0.0,0.32415601442150116,P1,0,19,20
570271,Pass,9,1.0,0.15894039735099338,P1,0,19,20
570287,Pass,7,1.0,0.1232876712328767,P1,0,19,20
570351,Pass,4,11.0,0.5686274509803921,P1,0,19,20
570519,Fail,2,2.0,0.0,P1,0,19,20
570623,Pass,16,0.0,0.5181644359464627,P1,0,19,20
570759,Pass,6,7.0,0.6473684210526316,P1,0,19,20
570783,Pass,7,1.0,0.256198347107438,P1,0,19,20
570864,Pass,9,0.0,0.21839080459770116,P1,0,19,20
571083,Pass,7,2.0,0.6777777777777778,P1,0,19,20
571441,Pass,7,2.0,0.24175824175824176,P1,0,19,20
571503,Pass,3,6.0,0.13043478260869565,P1,0,19,20
571516,Pass,12,2.0,0.1895910780669145,P1,0,19,20
571554,Pass,17,0.0,0.3112033195020747,P1,0,19,20
571601,Withdrawn,5,0.0,0.0,P1,0,19,20
571672,Fail,1,3.0,0.0,P1,0,19,20
571681,Pass,19,1.0,0.22983870967741934,P1,0,19,20
571693,Fail,4,3.0,0.6086956521739131,P1,0,19,20
571779,Pass,4,0.0,0.04716981132075472,P1,0,19,20
571871,Pass,6,1.0,0.4883720930232558,P1,0,19,20
571885,Pass,13,0.0,0.5106382978723404,P1,0,19,20
571907,Pass,5,2.0,0.6666666666666666,P1,0,19,20
572051,Pass,2,13.0,1.0,P1,0,19,20
572067,Pass,8,0.0,0.6737588652482269,P1,0,19,20
572103,Pass,9,0.0,0.05360824742268041,P1,0,19,20
572131,Fail,1,3.0,0.0,P1,0,19,20
572163,Withdrawn,6,4.0,0.47619047619047616,P1,0,19,20
572173,Fail,1,16.0,1.0,P1,0,19,20
572277,Fail,4,10.0,0.90625,P1,0,19,20
572302,Withdrawn,9,0.0,0.11224489795918367,P1,0,19,20
572416,Pass,3,8.0,0.8295454545454546,P1,0,19,20
572447,Pass,0,,,P1,0,19,20
572495,Withdrawn,15,0.0,0.4069264069264069,P1,0,19,20
572504,Pass,8,3.0,0.38596491228070173,P1,0,19,20
572508,Pass,12,1.0,0.3493150684931507,P1,0,19,20
572514,Fail,2,6.0,0.0,P1,0,19,20
572733,Pass,8,0.0,0.5894039735099338,P1,0,19,20
572739,Withdrawn,1,3.0,0.0,P1,0,19,20
572752,Pass,3,2.0,0.47058823529411764,P1,0,19,20
572765,Pass,4,4.0,0.7777777777777778,P1,0,19,20
572918,Fail,10,0.0,0.07317073170731707,P1,0,19,20
572937,Fail,1,5.0,0.0,P1,0,19,20
573043,Pass,10,0.0,0.40714285714285714,P1,0,19,20
573063,Pass,5,7.0,0.3508771929824561,P1,0,19,20
573159,Withdrawn,8,0.0,0.5084745762711864,P1,0,19,20
573208,Pass,6,10.0,0.52,P1,0,19,20
573217,Fail,5,0.0,0.09433962264150944,P1,0,19,20
573223,Fail,0,,,P1,0,19,20
573225,Fail,5,8.0,0.06779661016949153,P1,0,19,20
573275,Fail,1,2.0,0.0,P1,0,19,20
573411,Pass,10,2.0,0.21428571428571427,P1,0,19,20
573433,Pass,12,1.0,0.14835164835164835,P1,0,19,20
573441,Withdrawn,11,0.0,0.3291139240506329,P1,0,19,20
573453,Pass,14,0.0,0.28695652173913044,P1,0,19,20
573487,Fail,2,0.0,0.7727272727272727,P1,0,19,20
573578,Pass,7,3.0,0.3081081081081081,P1,0,19,20
573654,Pass,8,0.0,0.17699115044247787,P1,0,19,20
573694,Withdrawn,2,1.0,0.0,P1,0,19,20
573777,Pass,11,2.0,0.12244897959183673,P1,0,19,20
573790,Pass,5,4.0,0.43333333333333335,P1,0,19,20
573821,Pass,6,3.0,0.031578947368421054,P1,0,19,20
573831,Pass,7,0.0,0.2222222222222222,P1,0,19,20
573893,Fail,3,15.0,1.0,P1,0,19,20
573986,Pass,2,11.0,0.65,P1,0,19,20
574002,Fail,17,0.0,0.5278396436525612,P1,0,19,20
574051,Fail,8,0.0,0.8383838383838383,P1,0,19,20
574125,Pass,3,4.0,0.3,P1,0,19,20
574194,Pass,8,2.0,0.6824034334763949,P1,0,19,20
574250,Pass,16,0.0,0.35517241379310344,P1,0,19,20
574348,Pass,17,2.0,0.13584905660377358,P1,0,19,20
574549,Pass,4,6.0,0.559322033898305,P1,0,19,20
574708,Fail,3,0.0,0.0,P1,0,19,20
574766,Fail,2,16.0,1.0,P1,0,19,20
574810,Withdrawn,0,,,P1,0,19,20
574973,Pass,13,3.0,0.2916666666666667,P1,0,19,20
575018,Pass,4,8.0,0.06521739130434782,P1,0,19,20
575089,Fail,4,0.0,0.030303030303030304,P1,0,19,20
575100,Fail,1,13.0,1.0,P1,0,19,20
575124,Pass,17,0.0,0.07407407407407407,P1,0,19,20
575281,Fail,1,10.0,0.0,P1,0,19,20
575290,Pass,9,3.0,0.6041666666666666,P1,0,19,20
575387,Pass,13,0.0,0.3407079646017699,P1,0,19,20
575423,Withdrawn,9,2.0,0.3728813559322034,P1,0,19,20
575480,Fail,1,19.0,1.0,P1,0,19,20
575681,Pass,7,1.0,0.275,P1,0,19,20
575927,Withdrawn,10,2.0,0.3125,P1,0,19,20
575929,Fail,9,1.0,0.6797752808988764,P1,0,19,20
575930,Pass,3,8.0,0.22448979591836735,P1,0,19,20
575982,Fail,2,16.0,1.0,P1,0,19,20
576158,Pass,5,5.0,0.30952380952380953,P1,0,19,20
576226,Fail,5,4.0,0.28846153846153844,P1,0,19,20
576483,Pass,2,10.0,0.5416666666666666,P1,0,19,20
576524,Fail,6,0.0,0.352112676056338,P1,0,19,20
576600,Pass,15,0.0,0.1313364055299539,P1,0,19,20
576714,Withdrawn,7,4.0,0.2265193370165746,P1,0,19,20
576815,Fail,2,2.0,0.0,P1,0,19,20
576841,Pass,10,0.0,0.1864406779661017,P1,0,19,20
576882,Fail,8,3.0,0.4186046511627907,P1,0,19,20
576935,Fail,17,0.0,0.5,P1,0,19,20
576940,Pass,16,0.0,0.07865168539325842,P1,0,19,20
576946,Pass,10,3.0,0.15527950310559005,P1,0,19,20
576947,Fail,1,6.0,0.0,P1,0,19,20
576981,Pass,10,1.0,0.26956521739130435,P1,0,19,20
576983,Withdrawn,3,4.0,0.42592592592592593,P1,0,19,20
576996,Withdrawn,1,2.0,0.0,P1,0,19,20
577007,Withdrawn,1,15.0,1.0,P1,0,19,20
577099,Pass,10,0.0,0.1165644171779141,P1,0,19,20
577256,Pass,4,5.0,0.7272727272727273,P1,0,19,20
577280,Pass,7,3.0,0.18478260869565216,P1,0,19,20
577286,Pass,4,2.0,0.15384615384615385,P1,0,19,20
577347,Fail,1,5.0,0.0,P1,0,19,20
577376,Pass,11,2.0,0.34782608695652173,P1,0,19,20
577498,Fail,7,0.0,0.5363636363636364,P1,0,19,20
577648,Fail,17,1.0,0.40522875816993464,P1,0,19,20
577659,Withdrawn,3,3.0,0.16666666666666666,P1,0,19,20
577680,Pass,16,1.0,0.39690721649484534,P1,0,19,20
577692,Fail,9,1.0,0.26,P1,0,19,20
577905,Withdrawn,1,3.0,0.0,P1,0,19,20
577915,Pass,3,11.0,0.12244897959183673,P1,0,19,20
577949,Fail,0,,,P1,0,19,20
577980,Pass,10,1.0,0.24324324324324326,P1,0,19,20
578057,Fail,3,12.0,0.08333333333333333,P1,0,19,20
578062,Fail,1,2.0,0.0,P1,0,19,20
578197,Pass,8,2.0,0.09774436090225563,P1,0,19,20
578362,Fail,6,3.0,0.44871794871794873,P1,0,19,20
578447,Pass,1,16.0,1.0,P1,0,19,20
578546,Pass,4,1.0,0.42424242424242425,P1,0,19,20
578578,Pass,3,5.0,0.0,P1,0,19,20
578600,Pass,8,8.0,0.7469879518072289,P1,0,19,20
578676,Fail,3,3.0,0.5416666666666666,P1,0,19,20
578717,Pass,6,3.0,0.7796610169491526,P1,0,19,20
578739,Withdrawn,1,4.0,0.0,P1,0,19,20
578854,Withdrawn,5,2.0,0.1206896551724138,P1,0,19,20
579255,Withdrawn,6,2.0,0.18888888888888888,P1,0,19,20
579279,Pass,6,4.0,0.2066115702479339,P1,0,19,20
579316,Pass,0,,,P1,0,19,20
579486,Withdrawn,1,4.0,0.0,P1,0,19,20
579549,Pass,5,2.0,0.11320754716981132,P1,0,19,20
579571,Pass,5,2.0,0.5952380952380952,P1,0,19,20
579575,Pass,6,1.0,0.09433962264150944,P1,0,19,20
579619,Pass,14,3.0,0.3879310344827586,P1,0,19,20
579718,Fail,1,19.0,1.0,P1,0,19,20
579762,Pass,7,1.0,0.441025641025641,P1,0,19,20
580094,Pass,18,0.0,0.3829113924050633,P1,0,19,20
580314,Fail,1,6.0,0.0,P1,0,19,20
580346,Pass,20,0.0,0.1936656282450675,P1,0,19,20
580360,Pass,3,0.0,0.76,P1,0,19,20
580412,Withdrawn,5,0.0,0.16216216216216217,P1,0,19,20
580540,Pass,5,0.0,0.2153846153846154,P1,0,19,20
580592,Withdrawn,6,0.0,0.25,P1,0,19,20
580612,Pass,10,2.0,0.20353982300884957,P1,0,19,20
580684,Fail,4,10.0,0.5,P1,0,19,20
580880,Pass,10,3.0,0.4782608695652174,P1,0,19,20
580883,Pass,14,0.0,0.1740976645435244,P1,0,19,20
580960,Pass,10,1.0,0.3685800604229607,P1,0,19,20
580975,Fail,5,2.0,0.044444444444444446,P1,0,19,20
581027,Fail,8,1.0,0.3076923076923077,P1,0,19,20
581038,Fail,15,0.0,0.23735408560311283,P1,0,19,20
581139,Pass,4,2.0,0.5,P1,0,19,20
581235,Withdrawn,14,0.0,0.18685121107266436,P1,0,19,20
581305,Fail,0,,,P1,0,19,20
581431,Fail,2,4.0,0.0,P1,0,19,20
581530,Pass,3,3.0,0.0,P1,0,19,20
581586,Pass,6,9.0,0.21951219512195122,P1,0,19,20
581625,Fail,8,0.0,0.30927835051546393,P1,0,19,20
581657,Pass,9,0.0,0.09285714285714286,P1,0,19,20
581826,Withdrawn,5,2.0,0.18181818181818182,P1,0,19,20
582093,Fail,2,18.0,1.0,P1,0,19,20
582123,Pass,2,14.0,1.0,P1,0,19,20
582184,Withdrawn,7,1.0,0.36507936507936506,P1,0,19,20
582190,Fail,12,2.0,0.21739130434782608,P1,0,19,20
582218,Fail,3,4.0,0.85,P1,0,19,20
582243,Withdrawn,3,6.0,0.5230769230769231,P1,0,19,20
582301,Fail,3,2.0,0.0,P1,0,19,20
582305,Pass,16,0.0,0.38274932614555257,P1,0,19,20
582390,Pass,5,3.0,0.2962962962962963,P1,0,19,20
582394,Pass,6,4.0,0.5989304812834224,P1,0,19,20
582406,Pass,3,9.0,0.041666666666666664,P1,0,19,20
582439,Fail,1,10.0,0.0,P1,0,19,20
582446,Pass,4,3.0,0.15714285714285714,P1,0,19,20
582474,Pass,6,0.0,0.1282051282051282,P1,0,19,20
582574,Pass,14,0.0,0.2139917695473251,P1,0,19,20
582578,Pass,11,0.0,0.1411764705882353,P1,0,19,20
582591,Fail,14,0.0,0.6476345840130505,P1,0,19,20
582636,Pass,2,18.0,1.0,P1,0,19,20
582650,Pass,8,3.0,0.3173076923076923,P1,0,19,20
582833,Fail,0,,,P1,0,19,20
582878,Pass,1,16.0,1.0,P1,0,19,20
582940,Pass,4,0.0,0.07954545454545454,P1,0,19,20
582975,Pass,5,0.0,0.2459016393442623,P1,0,19,20
583007,Fail,0,,,P1,0,19,20
583012,Pass,2,6.0,0.9166666666666666,P1,0,19,20
583039,Pass,4,1.0,0.0,P1,0,19,20
583098,Fail,8,0.0,0.16176470588235295,P1,0,19,20
583113,Fail,10,1.0,0.5555555555555556,P1,0,19,20
583142,Withdrawn,12,0.0,0.38235294117647056,P1,0,19,20
583191,Pass,3,4.0,0.3076923076923077,P1,0,19,20
583240,Fail,7,2.0,0.3617021276595745,P1,0,19,20
583255,Withdrawn,2,14.0,1.0,P1,0,19,20
583301,Fail,1,3.0,0.0,P1,0,19,20
583367,Fail,0,,,P1,0,19,20
583433,Pass,14,2.0,0.32603938730853393,P1,0,19,20
583459,Pass,6,0.0,0.6538461538461539,P1,0,19,20
583473,Pass,1,17.0,1.0,P1,0,19,20
583534,Fail,1,0.0,0.0,P1,0,19,20
583598,Fail,6,2.0,0.6967213114754098,P1,0,19,20
583609,Pass,6,0.0,0.47368421052631576,P1,0,19,20
583645,Pass,7,3.0,0.5737704918032787,P1,0,19,20
583708,Pass,5,1.0,0.12359550561797752,P1,0,19,20
583873,Pass,15,1.0,0.42718446601941745,P1,0,19,20
583964,Pass,4,6.0,0.1,P1,0,19,20
583977,Fail,0,,,P1,0,19,20
584042,Pass,8,0.0,0.6653061224489796,P1,0,19,20
584178,Pass,0,,,P1,0,19,20
584238,Fail,0,,,P1,0,19,20
584325,Withdrawn,6,0.0,0.0,P1,0,19,20
584408,Fail,2,2.0,0.0,P1,0,19,20
584580,Pass,1,18.0,1.0,P1,0,19,20
584611,Fail,1,4.0,0.0,P1,0,19,20
584735,Withdrawn,2,2.0,0.8823529411764706,P1,0,19,20
584762,Withdrawn,13,0.0,0.30405405405405406,P1,0,19,20
584766,Pass,10,0.0,0.0622568093385214,P1,0,19,20
584813,Pass,12,0.0,0.19642857142857142,P1,0,19,20
585074,Fail,0,,,P1,0,19,20
585170,Pass,9,0.0,0.6292134831460674,P1,0,19,20
585212,Pass,9,0.0,0.13095238095238096,P1,0,19,20
585406,Pass,2,11.0,0.4444444444444444,P1,0,19,20
585603,Pass,8,2.0,0.4583333333333333,P1,0,19,20
585611,Pass,8,0.0,0.28664495114006516,P1,0,19,20
585644,Pass,0,,,P1,0,19,20
585652,Pass,4,0.0,0.5,P1,0,19,20
585693,Pass,17,2.0,0.4449152542372881,P1,0,19,20
585779,Pass,7,2.0,0.0,P1,0,19,20
585816,Fail,4,7.0,0.4,P1,0,19,20
585915,Fail,0,,,P1,0,19,20
585963,Fail,1,11.0,0.0,P1,0,19,20
586072,Fail,4,6.0,0.041666666666666664,P1,0,19,20
586078,Pass,1,16.0,1.0,P1,0,19,20
586145,Fail,1,18.0,1.0,P1,0,19,20
586165,Fail,3,10.0,0.5,P1,0,19,20
586346,Pass,10,0.0,0.5094339622641509,P1,0,19,20
586407,Withdrawn,7,1.0,0.6666666666666666,P1,0,19,20
586416,Pass,6,2.0,0.9466666666666667,P1,0,19,20
586440,Pass,9,5.0,0.3673469387755102,P1,0,19,20
586490,Fail,1,2.0,0.0,P1,0,19,20
586516,Withdrawn,16,0.0,0.28664495114006516,P1,0,19,20
586535,Pass,15,0.0,0.19767441860465115,P1,0,19,20
586581,Pass,13,1.0,0.3277777777777778,P1,0,19,20
586720,Fail,0,,,P1,0,19,20
586742,Pass,6,3.0,0.6491228070175439,P1,0,19,20
586836,Fail,7,4.0,0.30985915492957744,P1,0,19,20
586843,Pass,13,3.0,0.5127118644067796,P1,0,19,20
586882,Fail,0,,,P1,0,19,20
586928,Fail,11,2.0,0.23,P1,0,19,20
587051,Fail,5,3.0,0.27631578947368424,P1,0,19,20
587071,Fail,0,,,P1,0,19,20
587192,Pass,8,1.0,0.3191489361702128,P1,0,19,20
587194,Fail,0,,,P1,0,19,20
587219,Withdrawn,13,0.0,0.5460122699386503,P1,0,19,20
587297,Pass,8,3.0,0.40375586854460094,P1,0,19,20
587409,Pass,0,,,P1,0,19,20
587418,Pass,13,0.0,0.5714285714285714,P1,0,19,20
587564,Pass,4,1.0,0.43137254901960786,P1,0,19,20
587702,Pass,6,10.0,0.72,P1,0,19,20
587732,Pass,14,0.0,0.15816326530612246,P1,0,19,20
587754,Pass,2,15.0,1.0,P1,0,19,20
587755,Pass,3,3.0,0.7555555555555555,P1,0,19,20
587810,Pass,9,0.0,0.6419753086419753,P1,0,19,20
587824,Fail,8,0.0,0.5476190476190477,P1,0,19,20
587838,Withdrawn,5,15.0,1.0,P1,0,19,20
587923,Pass,9,0.0,0.15873015873015872,P1,0,19,20
587961,Fail,2,2.0,0.0,P1,0,19,20
588265,Pass,3,5.0,0.7228915662650602,P1,0,19,20
588321,Withdrawn,3,1.0,0.0,P1,0,19,20
588355,Pass,6,1.0,0.550561797752809,P1,0,19,20
588432,Fail,3,2.0,0.6941176470588235,P1,0,19,20
588642,Pass,8,0.0,0.44086021505376344,P1,0,19,20
588691,Withdrawn,0,,,P1,0,19,20
588713,Fail,1,7.0,0.0,P1,0,19,20
588910,Pass,12,6.0,0.28888888888888886,P1,0,19,20
589067,Pass,6,2.0,0.0,P1,0,19,20
589123,Pass,2,12.0,0.9722222222222222,P1,0,19,20
589154,Withdrawn,1,19.0,1.0,P1,0,19,20
589296,Pass,16,0.0,0.4500907441016334,P1,0,19,20
589302,Pass,7,2.0,0.47572815533980584,P1,0,19,20
589471,Withdrawn,6,1.0,0.06779661016949153,P1,0,19,20
589509,Pass,4,2.0,0.3333333333333333,P1,0,19,20
589903,Pass,3,14.0,1.0,P1,0,19,20
589950,Pass,3,12.0,0.4222222222222222,P1,0,19,20
590107,Withdrawn,8,2.0,0.3548387096774194,P1,0,19,20
590202,Pass,13,2.0,0.32892249527410206,P1,0,19,20
590231,Pass,10,0.0,0.47058823529411764,P1,0,19,20
590305,Withdrawn,1,8.0,0.0,P1,0,19,20
590308,Fail,4,2.0,0.5789473684210527,P1,0,19,20
590325,Pass,5,4.0,0.4153846153846154,P1,0,19,20
590360,Fail,1,8.0,0.0,P1,0,19,20
590362,Pass,6,4.0,0.23076923076923078,P1,0,19,20
590365,Fail,9,0.0,0.5870967741935483,P1,0,19,20
590372,Pass,6,3.0,0.36633663366336633,P1,0,19,20
590502,Fail,16,0.0,0.2182410423452769,P1,0,19,20
590625,Pass,8,0.0,0.13043478260869565,P1,0,19,20
590668,Withdrawn,6,2.0,0.8533333333333334,P1,0,19,20
590812,Withdrawn,5,0.0,0.32432432432432434,P1,0,19,20
590867,Fail,5,3.0,0.0,P1,0,19,20
590923,Fail,2,4.0,0.0,P1,0,19,20
590931,Pass,8,2.0,0.2878787878787879,P1,0,19,20
591030,Pass,1,0.0,0.0,P1,0,19,20
591034,Fail,3,4.0,0.9,P1,0,19,20
591223,Pass,14,2.0,0.16978193146417445,P1,0,19,20
591257,Fail,13,0.0,0.2677514792899408,P1,0,19,20
591273,Pass,5,3.0,0.660377358490566,P1,0,19,20
591410,Fail,6,1.0,0.05128205128205128,P1,0,19,20
591414,Pass,13,1.0,0.5333333333333333,P1,0,19,20
591420,Pass,4,5.0,0.4,P1,0,19,20
591440,Fail,2,4.0,0.0,P1,0,19,20
591558,Pass,6,5.0,0.23255813953488372,P1,0,19,20
591574,Pass,9,1.0,0.4727272727272727,P1,0,19,20
591589,Pass,6,10.0,0.5857142857142857,P1,0,19,20
591591,Fail,5,2.0,0.5384615384615384,P1,0,19,20
591785,Fail,9,6.0,0.7692307692307693,P1,0,19,20
591787,Pass,0,,,P1,0,19,20
591820,Pass,7,2.0,0.11842105263157894,P1,0,19,20
591895,Withdrawn,0,,,P1,0,19,20
591978,Fail,8,1.0,0.7808219178082192,P1,0,19,20
592081,Fail,8,0.0,0.26865671641791045,P1,0,19,20
592147,Pass,10,4.0,0.35833333333333334,P1,0,19,20
592205,Pass,3,0.0,0.0,P1,0,19,20
592256,Fail,4,0.0,0.22950819672131148,P1,0,19,20
592290,Pass,5,12.0,0.7111111111111111,P1,0,19,20
592317,Pass,9,0.0,0.13636363636363635,P1,0,19,20
592322,Pass,18,0.0,0.5426356589147286,P1,0,19,20
592441,Pass,10,0.0,0.08917197452229299,P1,0,19,20
592480,Pass,10,0.0,0.4090909090909091,P1,0,19,20
592496,Pass,18,0.0,0.3672316384180791,P1,0,19,20
592618,Pass,10,2.0,0.3063063063063063,P1,0,19,20
592624,Pass,1,0.0,0.0,P1,0,19,20
592772,Pass,6,0.0,0.25925925925925924,P1,0,19,20
592815,Withdrawn,18,2.0,0.2864583333333333,P1,0,19,20
592854,Pass,4,6.0,0.3088235294117647,P1,0,19,20
592900,Pass,6,8.0,0.6705202312138728,P1,0,19,20
592949,Withdrawn,1,16.0,1.0,P1,0,19,20
593023,Pass,2,5.0,0.9565217391304348,P1,0,19,20
593081,Pass,3,2.0,0.65,P1,0,19,20
593189,Fail,1,0.0,0.0,P1,0,19,20
593281,Withdrawn,0,,,P1,0,19,20
593299,Fail,10,2.0,0.5689655172413793,P1,0,19,20
593385,Pass,13,1.0,0.22818791946308725,P1,0,19,20
593421,Pass,2,9.0,0.18181818181818182,P1,0,19,20
593427,Pass,12,1.0,0.7512820512820513,P1,0,19,20
593440,Withdrawn,0,,,P1,0,19,20
593441,Withdrawn,7,7.0,0.5121951219512195,P1,0,19,20
593443,Withdrawn,5,2.0,0.35714285714285715,P1,0,19,20
593444,Pass,5,11.0,0.5,P1,0,19,20
593510,Pass,3,0.0,0.11764705882352941,P1,0,19,20
593513,Pass,2,2.0,0.0,P1,0,19,20
593514,Fail,8,0.0,0.24324324324324326,P1,0,19,20
593593,Pass,2,11.0,0.9523809523809523,P1,0,19,20
593613,Fail,7,0.0,0.28346456692913385,P1,0,19,20
593631,Pass,9,2.0,0.47692307692307695,P1,0,19,20
593685,Pass,0,,,P1,0,19,20
593692,Pass,6,1.0,0.23684210526315788,P1,0,19,20
593694,Pass,20,0.0,0.2857142857142857,P1,0,19,20
593695,Pass,4,2.0,0.0,P1,0,19,20
593707,Withdrawn,14,0.0,0.7423728813559322,P1,0,19,20
593709,Fail,7,3.0,0.32967032967032966,P1,0,19,20
593711,Pass,1,16.0,1.0,P1,0,19,20
593712,Pass,6,4.0,0.30158730158730157,P1,0,19,20
593715,Pass,2,12.0,0.09090909090909091,P1,0,19,20
593727,Pass,8,3.0,0.5133333333333333,P1,0,19,20
593743,Pass,5,9.0,0.2727272727272727,P1,0,19,20
593798,Pass,3,7.0,0.38613861386138615,P1,0,19,20
593871,Pass,7,4.0,0.3125,P1,0,19,20
593898,Pass,18,0.0,0.1896551724137931,P1,0,19,20
593900,Pass,7,3.0,0.17894736842105263,P1,0,19,20
593930,Withdrawn,2,14.0,1.0,P1,0,19,20
594015,Pass,7,0.0,0.17105263157894737,P1,0,19,20
594038,Fail,4,0.0,0.34782608695652173,P1,0,19,20
594043,Withdrawn,9,0.0,0.012578616352201259,P1,0,19,20
594056,Pass,6,0.0,0.5222222222222223,P1,0,19,20
594456,Pass,13,2.0,0.2647058823529412,P1,0,19,20
594468,Pass,5,0.0,0.0,P1,0,19,20
594497,Fail,3,1.0,0.7391304347826086,P1,0,19,20
594677,Pass,3,0.0,0.45555555555555555,P1,0,19,20
594697,Fail,2,2.0,0.0,P1,0,19,20
594762,Pass,5,2.0,0.11428571428571428,P1,0,19,20
594776,Pass,10,3.0,0.2777777777777778,P1,0,19,20
594845,Fail,5,2.0,0.0625,P1,0,19,20
594928,Pass,12,3.0,0.5283018867924528,P1,0,19,20
595010,Fail,2,11.0,0.6666666666666666,P1,0,19,20
595094,Fail,6,2.0,0.8333333333333334,P1,0,19,20
595103,Pass,9,2.0,0.4594594594594595,P1,0,19,20
595138,Pass,2,12.0,0.5625,P1,0,19,20
595232,Withdrawn,6,1.0,0.4491525423728814,P1,0,19,20
595234,Withdrawn,0,,,P1,0,19,20
595241,Fail,5,7.0,0.34285714285714286,P1,0,19,20
595295,Pass,1,2.0,0.0,P1,0,19,20
595298,Fail,0,,,P1,0,19,20
595345,Pass,3,1.0,0.7368421052631579,P1,0,19,20
595436,Pass,8,0.0,0.06796116504854369,P1,0,19,20
595499,Fail,3,1.0,0.9,P1,0,19,20
595509,Fail,0,,,P1,0,19,20
595570,Fail,12,0.0,0.4100418410041841,P1,0,19,20
595672,Fail,12,0.0,0.11504424778761062,P1,0,19,20
595678,Pass,3,0.0,0.5384615384615384,P1,0,19,20
595711,Fail,3,6.0,0.041666666666666664,P1,0,19,20
595818,Pass,16,0.0,0.44502617801047123,P1,0,19,20
595854,Pass,5,3.0,0.09433962264150944,P1,0,19,20
595874,Pass,7,0.0,0.014492753623188406,P1,0,19,20
595877,Fail,0,,,P1,0,19,20
595925,Pass,7,0.0,0.2111111111111111,P1,0,19,20
596016,Fail,5,2.0,0.6534653465346535,P1,0,19,20
596017,Pass,12,1.0,0.14659685863874344,P1,0,19,20
596041,Withdrawn,1,6.0,0.0,P1,0,19,20
596100,Withdrawn,0,,,P1,0,19,20
596107,Pass,0,,,P1,0,19,20
596108,Pass,2,15.0,1.0,P1,0,19,20
596114,Pass,11,2.0,0.14551083591331268,P1,0,19,20
596144,Pass,6,2.0,0.0196078431372549,P1,0,19,20
596242,Pass,5,7.0,0.07272727272727272,P1,0,19,20
596275,Withdrawn,2,0.0,0.0,P1,0,19,20
596360,Fail,4,6.0,0.35,P1,0,19,20
596372,Pass,7,4.0,0.4639175257731959,P1,0,19,20
596390,Pass,1,19.0,1.0,P1,0,19,20
596417,Pass,5,0.0,0.017699115044247787,P1,0,19,20
596451,Pass,12,0.0,0.13074204946996468,P1,0,19,20
596535,Pass,7,0.0,0.10743801652892562,P1,0,19,20
596596,Fail,9,0.0,0.1513157894736842,P1,0,19,20
596677,Fail,1,19.0,1.0,P1,0,19,20
596814,Fail,1,14.0,1.0,P1,0,19,20
596849,Fail,1,8.0,0.0,P1,0,19,20
596892,Fail,8,1.0,0.13636363636363635,P1,0,19,20
596897,Pass,7,2.0,0.43283582089552236,P1,0,19,20
596961,Fail,8,2.0,0.8780487804878049,P1,0,19,20
596964,Pass,6,5.0,0.6716417910447762,P1,0,19,20
597033,Fail,1,12.0,0.0,P1,0,19,20
597078,Fail,8,0.0,0.43902439024390244,P1,0,19,20
597142,Fail,0,,,P1,0,19,20
597255,Withdrawn,7,3.0,0.08917197452229299,P1,0,19,20
597301,Pass,10,1.0,0.22131147540983606,P1,0,19,20
597321,Withdrawn,4,6.0,0.8148148148148148,P1,0,19,20
597451,Withdrawn,5,3.0,0.22448979591836735,P1,0,19,20
597532,Withdrawn,5,4.0,0.7464788732394366,P1,0,19,20
597582,Fail,3,3.0,0.3333333333333333,P1,0,19,20
597689,Fail,9,0.0,0.12903225806451613,P1,0,19,20
597742,Pass,6,0.0,0.37037037037037035,P1,0,19,20
597790,Pass,7,6.0,0.30824372759856633,P1,0,19,20
597866,Fail,9,0.0,0.16666666666666666,P1,0,19,20
597878,Pass,7,10.0,0.5048543689320388,P1,0,19,20
597894,Pass,5,0.0,0.25766871165644173,P1,0,19,20
598000,Pass,8,1.0,0.2891566265060241,P1,0,19,20
598202,Fail,4,2.0,0.10101010101010101,P1,0,19,20
598230,Pass,4,5.0,0.03076923076923077,P1,0,19,20
598243,Pass,4,15.0,1.0,P1,0,19,20
598252,Pass,2,11.0,0.9166666666666666,P1,0,19,20
598253,Pass,0,,,P1,0,19,20
598260,Withdrawn,9,1.0,0.22950819672131148,P1,0,19,20
598351,Pass,0,,,P1,0,19,20
598462,Pass,2,15.0,1.0,P1,0,19,20
598503,Withdrawn,10,1.0,0.4664179104477612,P1,0,19,20
598538,Fail,4,2.0,0.288135593220339,P1,0,19,20
598562,Fail,1,19.0,1.0,P1,0,19,20
598623,Pass,12,0.0,0.30128205128205127,P1,0,19,20
598709,Pass,11,0.0,0.2185792349726776,P1,0,19,20
598760,Pass,4,3.0,0.42857142857142855,P1,0,19,20
598865,Pass,1,4.0,0.0,P1,0,19,20
598907,Pass,13,0.0,0.15432098765432098,P1,0,19,20
598914,Pass,4,1.0,0.2727272727272727,P1,0,19,20
598969,Pass,7,5.0,0.6164383561643836,P1,0,19,20
598986,Fail,2,0.0,0.2222222222222222,P1,0,19,20
599016,Pass,1,6.0,0.0,P1,0,19,20
599037,Pass,6,0.0,0.6813186813186813,P1,0,19,20
599292,Pass,18,0.0,0.14795918367346939,P1,0,19,20
599402,Pass,2,11.0,0.6111111111111112,P1,0,19,20
599423,Withdrawn,2,16.0,1.0,P1,0,19,20
599427,Fail,0,,,P1,0,19,20
599432,Withdrawn,2,10.0,0.875,P1,0,19,20
599434,Fail,7,9.0,0.7719298245614035,P1,0,19,20
599639,Withdrawn,13,0.0,0.24814814814814815,P1,0,19,20
599640,Fail,8,0.0,0.29608938547486036,P1,0,19,20
599644,Fail,3,2.0,0.0,P1,0,19,20
599709,Fail,8,1.0,0.8207547169811321,P1,0,19,20
599739,Pass,4,16.0,1.0,P1,0,19,20
599748,Pass,3,4.0,0.7741935483870968,P1,0,19,20
599785,Pass,3,1.0,0.0,P1,0,19,20
599787,Pass,5,4.0,0.0,P1,0,19,20
599794,Pass,17,0.0,0.19210053859964094,P1,0,19,20
599802,Fail,12,2.0,0.37,P1,0,19,20
599836,Pass,10,3.0,0.3870967741935484,P1,0,19,20
599840,Fail,2,13.0,1.0,P1,0,19,20
599895,Pass,11,2.0,0.09917355371900827,P1,0,19,20
599908,Pass,5,0.0,0.4520547945205479,P1,0,19,20
599960,Withdrawn,2,13.0,1.0,P1,0,19,20
600121,Pass,18,0.0,0.2405857740585774,P1,0,19,20
600211,Fail,1,15.0,1.0,P1,0,19,20
600263,Fail,4,2.0,0.4875,P1,0,19,20
600279,Pass,13,0.0,0.2413793103448276,P1,0,19,20
600370,Pass,6,1.0,0.058823529411764705,P1,0,19,20
600428,Withdrawn,0,,,P1,0,19,20
600449,Withdrawn,2,10.0,0.5263157894736842,P1,0,19,20
600470,Fail,8,0.0,0.3490566037735849,P1,0,19,20
600476,Fail,4,5.0,0.24444444444444444,P1,0,19,20
600541,Withdrawn,1,2.0,0.0,P1,0,19,20
600579,Withdrawn,2,17.0,1.0,P1,0,19,20
600740,Pass,3,2.0,0.34615384615384615,P1,0,19,20
600749,Fail,4,2.0,0.11538461538461539,P1,0,19,20
600770,Fail,1,6.0,0.0,P1,0,19,20
600771,Pass,5,4.0,0.5259259259259259,P1,0,19,20
600845,Fail,2,8.0,0.16666666666666666,P1,0,19,20
600966,Pass,12,1.0,0.20491803278688525,P1,0,19,20
600967,Fail,2,2.0,0.0,P1,0,19,20
600999,Fail,6,0.0,0.6597222222222222,P1,0,19,20
601251,Pass,10,0.0,0.06103286384976526,P1,0,19,20
601269,Pass,9,0.0,0.655,P1,0,19,20
601455,Pass,7,1.0,0.5844155844155844,P1,0,19,20
601472,Withdrawn,6,1.0,0.3925233644859813,P1,0,19,20
601499,Pass,3,2.0,0.0,P1,0,19,20
601504,Pass,14,2.0,0.4124168514412417,P1,0,19,20
601505,Fail,4,13.0,1.0,P1,0,19,20
601551,Fail,1,6.0,0.0,P1,0,19,20
601558,Fail,1,18.0,1.0,P1,0,19,20
601635,Pass,4,8.0,0.5875,P1,0,19,20
601655,Pass,13,2.0,0.3211009174311927,P1,0,19,20
601706,Withdrawn,9,0.0,0.5126903553299492,P1,0,19,20
601885,Pass,2,7.0,0.2631578947368421,P1,0,19,20
601887,Pass,3,5.0,0.8108108108108109,P1,0,19,20
601896,Fail,3,1.0,0.54,P1,0,19,20
601934,Fail,8,0.0,0.5408805031446541,P1,0,19,20
601951,Fail,10,2.0,0.5384615384615384,P1,0,19,20
602009,Pass,4,0.0,0.19047619047619047,P1,0,19,20
602014,Pass,3,6.0,0.16428571428571428,P1,0,19,20
602032,Fail,8,2.0,0.4107142857142857,P1,0,19,20
602066,Pass,11,1.0,0.2826086956521739,P1,0,19,20
602147,Pass,0,,,P1,0,19,20
602245,Pass,13,0.0,0.40895295902883155,P1,0,19,20
602324,Fail,2,16.0,1.0,P1,0,19,20
602395,Pass,3,5.0,0.2839506172839506,P1,0,19,20
602458,Pass,8,4.0,0.1927710843373494,P1,0,19,20
602483,Fail,0,,,P1,0,19,20
602496,Pass,3,2.0,0.0,P1,0,19,20
602598,Fail,0,,,P1,0,19,20
602652,Withdrawn,6,1.0,0.43243243243243246,P1,0,19,20
602739,Withdrawn,7,1.0,0.4329896907216495,P1,0,19,20
602767,Fail,9,0.0,0.5432098765432098,P1,0,19,20
602826,Fail,8,2.0,0.1858974358974359,P1,0,19,20
603012,Pass,4,5.0,0.43529411764705883,P1,0,19,20
603035,Pass,3,4.0,0.5,P1,0,19,20
603036,Pass,7,2.0,0.544,P1,0,19,20
603038,Pass,2,14.0,1.0,P1,0,19,20
603123,Pass,2,2.0,0.2,P1,0,19,20
603210,Pass,1,17.0,1.0,P1,0,19,20
603265,Fail,0,,,P1,0,19,20
603270,Fail,7,5.0,0.7045454545454546,P1,0,19,20
603287,Pass,0,,,P1,0,19,20
603398,Pass,9,2.0,0.3448275862068966,P1,0,19,20
603440,Pass,5,4.0,0.05660377358490566,P1,0,19,20
603446,Pass,11,2.0,0.21052631578947367,P1,0,19,20
603601,Pass,12,1.0,0.17872340425531916,P1,0,19,20
603661,Pass,6,1.0,0.4528301886792453,P1,0,19,20
603818,Withdrawn,7,4.0,0.7083333333333334,P1,0,19,20
603908,Pass,7,0.0,0.544,P1,0,19,20
603910,Withdrawn,4,10.0,0.4375,P1,0,19,20
604095,Fail,2,1.0,0.13043478260869565,P1,0,19,20
604147,Fail,0,,,P1,0,19,20
604154,Pass,3,11.0,0.98,P1,0,19,20
604187,Pass,10,1.0,0.39864864864864863,P1,0,19,20
604196,Pass,4,8.0,0.7244094488188977,P1,0,19,20
604200,Pass,20,0.0,0.3211586901763224,P1,0,19,20
604204,Pass,11,1.0,0.3057324840764331,P1,0,19,20
604238,Pass,8,6.0,0.41818181818181815,P1,0,19,20
604292,Pass,10,3.0,0.21677215189873417,P1,0,19,20
604356,Pass,7,4.0,0.27972027972027974,P1,0,19,20
604523,Withdrawn,1,19.0,1.0,P1,0,19,20
604543,Pass,5,2.0,0.14285714285714285,P1,0,19,20
604556,Pass,2,1.0,0.0,P1,0,19,20
604731,Fail,6,2.0,0.44366197183098594,P1,0,19,20
604752,Fail,4,7.0,0.868421052631579,P1,0,19,20
604916,Pass,1,11.0,0.0,P1,0,19,20
604917,Pass,12,2.0,0.08685446009389672,P1,0,19,20
604919,Pass,7,1.0,0.39325842696629215,P1,0,19,20
604921,Fail,14,0.0,0.29856115107913667,P1,0,19,20
604923,Fail,0,,,P1,0,19,20
604932,Pass,9,3.0,0.15217391304347827,P1,0,19,20
604939,Fail,3,2.0,0.6206896551724138,P1,0,19,20
604942,Pass,15,0.0,0.16042780748663102,P1,0,19,20
604951,Fail,1,10.0,0.0,P1,0,19,20
604962,Withdrawn,4,3.0,0.42857142857142855,P1,0,19,20
604966,Pass,18,1.0,0.509090909090909,P1,0,19,20
604982,Pass,7,2.0,0.18181818181818182,P1,0,19,20
605009,Pass,5,2.0,0.12345679012345678,P1,0,19,20
605102,Pass,5,1.0,0.6547619047619048,P1,0,19,20
605207,Pass,9,1.0,0.5528455284552846,P1,0,19,20
605246,Pass,4,2.0,0.1,P1,0,19,20
605255,Fail,14,0.0,0.2033898305084746,P1,0,19,20
605309,Fail,2,10.0,0.2727272727272727,P1,0,19,20
605327,Fail,5,11.0,0.6101694915254238,P1,0,19,20
605390,Pass,11,9.0,0.5157232704402516,P1,0,19,20
605505,Withdrawn,4,2.0,0.05555555555555555,P1,0,19,20
605594,Fail,3,4.0,0.4,P1,0,19,20
605595,Fail,8,1.0,0.11049723756906077,P1,0,19,20
605679,Pass,1,2.0,0.0,P1,0,19,20
605832,Pass,3,4.0,0.0,P1,0,19,20
605854,Fail,2,5.0,0.14285714285714285,P1,0,19,20
605882,Withdrawn,1,18.0,1.0,P1,0,19,20
605916,Pass,11,1.0,0.375,P1,0,19,20
605930,Pass,0,,,P1,0,19,20
606063,Withdrawn,2,3.0,0.0,P1,0,19,20
606097,Pass,5,3.0,0.5547445255474452,P1,0,19,20
606194,Pass,3,5.0,0.0,P1,0,19,20
606229,Pass,4,2.0,0.9888888888888889,P1,0,19,20
606355,Withdrawn,12,0.0,0.2932330827067669,P1,0,19,20
606377,Pass,0,,,P1,0,19,20
606388,Withdrawn,2,10.0,0.6470588235294118,P1,0,19,20
606410,Pass,5,4.0,0.5681818181818182,P1,0,19,20
606412,Pass,3,16.0,1.0,P1,0,19,20
606414,Pass,8,6.0,0.475177304964539,P1,0,19,20
606420,Pass,15,0.0,0.3619631901840491,P1,0,19,20
606422,Pass,2,2.0,0.4482758620689655,P1,0,19,20
606458,Pass,2,12.0,0.1935483870967742,P1,0,19,20
606465,Pass,5,2.0,0.0,P1,0,19,20
606477,Withdrawn,3,12.0,0.625,P1,0,19,20
606546,Pass,8,11.0,0.9151515151515152,P1,0,19,20
606572,Pass,6,2.0,0.2,P1,0,19,20
606651,Fail,2,2.0,0.0,P1,0,19,20
606685,Pass,11,1.0,0.26148409893992935,P1,0,19,20
606697,Pass,3,2.0,0.5084745762711864,P1,0,19,20
606736,Withdrawn,5,0.0,0.4888888888888889,P1,0,19,20
606762,Fail,6,1.0,0.4090909090909091,P1,0,19,20
606827,Withdrawn,2,0.0,0.16666666666666666,P1,0,19,20
606972,Withdrawn,0,,,P1,0,19,20
607097,Pass,12,1.0,0.20701754385964913,P1,0,19,20
607286,Withdrawn,3,3.0,0.5263157894736842,P1,0,19,20
607300,Fail,2,11.0,0.08333333333333333,P1,0,19,20
607309,Withdrawn,9,1.0,0.09016393442622951,P1,0,19,20
607382,Fail,0,,,P1,0,19,20
607398,Fail,17,0.0,0.1958041958041958,P1,0,19,20
607493,Pass,5,2.0,0.2222222222222222,P1,0,19,20
607642,Pass,4,1.0,0.0,P1,0,19,20
607699,Fail,3,1.0,0.22857142857142856,P1,0,19,20
607725,Pass,0,,,P1,0,19,20
607735,Pass,7,1.0,0.14423076923076922,P1,0,19,20
607778,Pass,4,2.0,0.38372093023255816,P1,0,19,20
607804,Pass,3,9.0,0.6666666666666666,P1,0,19,20
607808,Fail,3,10.0,0.1,P1,0,19,20
607848,Withdrawn,7,2.0,0.4411764705882353,P1,0,19,20
607887,Pass,1,12.0,0.0,P1,0,19,20
607889,Pass,7,1.0,0.22058823529411764,P1,0,19,20
607914,Pass,19,0.0,0.22857142857142856,P1,0,19,20
607937,Pass,14,3.0,0.3006134969325153,P1,0,19,20
608000,Pass,7,1.0,0.3680555555555556,P1,0,19,20
608041,Pass,6,3.0,0.2616822429906542,P1,0,19,20
608047,Pass,9,1.0,0.2708333333333333,P1,0,19,20
608264,Pass,3,10.0,0.050761421319796954,P1,0,19,20
608419,Pass,9,0.0,0.39814814814814814,P1,0,19,20
608497,Withdrawn,6,5.0,0.8227848101265823,P1,0,19,20
608564,Fail,1,5.0,0.0,P1,0,19,20
608578,Pass,7,7.0,0.2585034013605442,P1,0,19,20
608623,Pass,11,2.0,0.4730290456431535,P1,0,19,20
608647,Pass,2,9.0,0.0,P1,0,19,20
608719,Withdrawn,8,3.0,0.27835051546391754,P1,0,19,20
608738,Fail,8,2.0,0.6071428571428571,P1,0,19,20
608766,Pass,8,1.0,0.39344262295081966,P1,0,19,20
608939,Fail,10,2.0,0.2794759825327511,P1,0,19,20
608942,Withdrawn,5,12.0,0.5405405405405406,P1,0,19,20
609010,Pass,2,4.0,0.0,P1,0,19,20
609046,Pass,9,1.0,0.3953488372093023,P1,0,19,20
609047,Fail,8,0.0,0.40540540540540543,P1,0,19,20
609193,Withdrawn,5,4.0,0.7857142857142857,P1,0,19,20
609230,Withdrawn,8,1.0,0.3614457831325301,P1,0,19,20
609307,Pass,3,1.0,0.2909090909090909,P1,0,19,20
609422,Withdrawn,7,2.0,0.5154639175257731,P1,0,19,20
609510,Fail,4,0.0,0.034482758620689655,P1,0,19,20
609679,Pass,10,2.0,0.14035087719298245,P1,0,19,20
609704,Pass,11,2.0,0.24166666666666667,P1,0,19,20
609764,Fail,3,2.0,0.0625,P1,0,19,20
609804,Fail,1,17.0,1.0,P1,0,19,20
609812,Pass,0,,,P1,0,19,20
609815,Pass,6,3.0,0.18181818181818182,P1,0,19,20
609817,Pass,2,2.0,0.1320754716981132,P1,0,19,20
609850,Fail,3,16.0,1.0,P1,0,19,20
609864,Pass,1,4.0,0.0,P1,0,19,20
609871,Pass,5,1.0,0.25,P1,0,19,20
609873,Withdrawn,7,0.0,0.1956521739130435,P1,0,19,20
609887,Fail,2,2.0,0.7777777777777778,P1,0,19,20
610059,Pass,3,11.0,0.43157894736842106,P1,0,19,20
610260,Pass,10,1.0,0.3815789473684211,P1,0,19,20
610362,Pass,9,2.0,0.35526315789473684,P1,0,19,20
610423,Fail,4,2.0,0.7702702702702703,P1,0,19,20
610428,Pass,2,2.0,0.3,P1,0,19,20
610553,Pass,11,2.0,0.4444444444444444,P1,0,19,20
610700,Fail,0,,,P1,0,19,20
610725,Pass,1,2.0,0.0,P1,0,19,20
610731,Fail,2,3.0,0.0,P1,0,19,20
610740,Fail,0,,,P1,0,19,20
610745,Pass,13,0.0,0.2753623188405797,P1,0,19,20
610751,Fail,0,,,P1,0,19,20
610763,Pass,8,1.0,0.717391304347826,P1,0,19,20
610776,Fail,1,17.0,1.0,P1,0,19,20
610780,Fail,4,1.0,0.8611111111111112,P1,0,19,20
610802,Withdrawn,7,6.0,0.7083333333333334,P1,0,19,20
610804,Fail,2,4.0,0.4,P1,0,19,20
610906,Pass,3,2.0,0.0,P1,0,19,20
611004,Fail,3,2.0,0.7777777777777778,P1,0,19,20
611012,Pass,7,2.0,0.6447368421052632,P1,0,19,20
611017,Pass,7,7.0,0.7043478260869566,P1,0,19,20
611023,Pass,1,18.0,1.0,P1,0,19,20
611048,Fail,4,0.0,0.3448275862068966,P1,0,19,20
611051,Fail,4,9.0,0.31958762886597936,P1,0,19,20
611060,Pass,3,13.0,1.0,P1,0,19,20
611096,Fail,2,7.0,0.6666666666666666,P1,0,19,20
611182,Fail,3,2.0,0.6666666666666666,P1,0,19,20
611228,Pass,5,3.0,0.35802469135802467,P1,0,19,20
611268,Fail,3,3.0,0.6721311475409836,P1,0,19,20
611345,Withdrawn,0,,,P1,0,19,20
611531,Pass,11,3.0,0.49480968858131485,P1,0,19,20
611688,Pass,10,6.0,0.325,P1,0,19,20
611690,Pass,1,9.0,0.0,P1,0,19,20
612050,Withdrawn,2,1.0,0.0,P1,0,19,20
612210,Pass,5,2.0,0.7611940298507462,P1,0,19,20
612217,Pass,4,3.0,0.35294117647058826,P1,0,19,20
612252,Pass,4,5.0,0.803921568627451,P1,0,19,20
612255,Pass,5,8.0,0.2923076923076923,P1,0,19,20
612355,Pass,7,0.0,0.05,P1,0,19,20
612361,Pass,2,10.0,0.7241379310344828,P1,0,19,20
612484,Pass,17,0.0,0.3,P1,0,19,20
612517,Pass,1,18.0,1.0,P1,0,19,20
612684,Pass,3,5.0,0.0,P1,0,19,20
612757,Pass,9,3.0,0.315,P1,0,19,20
612891,Pass,7,2.0,0.5260869565217391,P1,0,19,20
613051,Fail,1,6.0,0.0,P1,0,19,20
613158,Pass,12,4.0,0.2465753424657534,P1,0,19,20
613162,Withdrawn,3,5.0,0.18181818181818182,P1,0,19,20
613171,Pass,5,3.0,0.058823529411764705,P1,0,19,20
613173,Pass,5,2.0,0.6153846153846154,P1,0,19,20
613175,Fail,3,6.0,0.625,P1,0,19,20
613177,Pass,13,1.0,0.2565789473684211,P1,0,19,20
613191,Withdrawn,6,0.0,0.5384615384615384,P1,0,19,20
613196,Pass,0,,,P1,0,19,20
613199,Withdrawn,5,8.0,0.5833333333333334,P1,0,19,20
613200,Pass,5,5.0,0.3902439024390244,P1,0,19,20
613208,Pass,2,16.0,1.0,P1,0,19,20
613293,Pass,5,4.0,0.41935483870967744,P1,0,19,20
613298,Withdrawn,0,,,P1,0,19,20
613416,Pass,2,4.0,0.0,P1,0,19,20
613418,Pass,7,2.0,0.27450980392156865,P1,0,19,20
613738,Pass,14,3.0,0.16216216216216217,P1,0,19,20
614013,Pass,1,2.0,0.0,P1,0,19,20
614064,Pass,5,14.0,1.0,P1,0,19,20
614068,Withdrawn,4,0.0,0.56,P1,0,19,20
614072,Pass,9,1.0,0.38202247191011235,P1,0,19,20
614148,Fail,4,5.0,0.5,P1,0,19,20
614556,Pass,6,2.0,0.040983606557377046,P1,0,19,20
615148,Withdrawn,1,12.0,0.0,P1,0,19,20
616342,Pass,13,1.0,0.12643678160919541,P1,0,19,20
616735,Pass,6,3.0,0.25773195876288657,P1,0,19,20
617116,Pass,6,10.0,0.30327868852459017,P1,0,19,20
617472,Pass,3,13.0,1.0,P1,0,19,20
619082,Pass,13,6.0,0.3772455089820359,P1,0,19,20
619941,Pass,6,11.0,0.9551886792452831,P1,0,19,20
1105438,Pass,1,18.0,1.0,P1,0,19,20
1399285,Pass,5,3.0,0.6265060240963856,P1,0,19,20
1405594,Pass,10,0.0,0.6067415730337079,P1,0,19,20
1411627,Pass,20,0.0,0.14536340852130325,P1,0,19,20
1413989,Withdrawn,1,15.0,1.0,P1,0,19,20
1421720,Pass,6,2.0,0.1896551724137931,P1,0,19,20
1440341,Pass,6,4.0,0.37623762376237624,P1,0,19,20
1467014,Pass,14,2.0,0.2375,P1,0,19,20
1503056,Pass,3,1.0,0.0,P1,0,19,20
1521687,Fail,3,6.0,0.7222222222222222,P1,0,19,20
1536774,Pass,14,2.0,0.3231850117096019,P1,0,19,20
1541133,Fail,11,2.0,0.16753926701570682,P1,0,19,20
1588208,Withdrawn,11,2.0,0.3702290076335878,P1,0,19,20
1594621,Pass,0,,,P1,0,19,20
1627017,Pass,6,0.0,0.19736842105263158,P1,0,19,20
1695710,Pass,6,0.0,0.046875,P1,0,19,20
1731564,Pass,13,5.0,0.2222222222222222,P1,0,19,20
1759851,Withdrawn,3,8.0,0.7014925373134329,P1,0,19,20
1771053,Withdrawn,3,2.0,0.25,P1,0,19,20
1778145,Pass,8,0.0,0.36666666666666664,P1,0,19,20
1781804,Fail,0,,,P1,0,19,20
1797168,Pass,1,13.0,1.0,P1,0,19,20
1866742,Withdrawn,3,12.0,0.9538461538461539,P1,0,19,20
1903677,Pass,4,0.0,0.53125,P1,0,19,20
1910175,Pass,6,0.0,0.5187165775401069,P1,0,19,20
1935487,Withdrawn,5,2.0,0.2876712328767123,P1,0,19,20
1946308,Pass,7,0.0,0.36283185840707965,P1,0,19,20
1963287,Fail,2,1.0,0.4,P1,0,19,20
1990650,Fail,2,5.0,0.05263157894736842,P1,0,19,20
1993672,Withdrawn,1,16.0,1.0,P1,0,19,20
1998790,Fail,5,6.0,0.5142857142857142,P1,0,19,20
2001687,Pass,6,2.0,0.6379310344827587,P1,0,19,20
2002046,Pass,5,2.0,0.02,P1,0,19,20
2006283,Pass,1,4.0,0.0,P1,0,19,20
2023561,Withdrawn,0,,,P1,0,19,20
2029037,Pass,8,2.0,0.6795366795366795,P1,0,19,20
2034300,Pass,2,11.0,0.8333333333333334,P1,0,19,20
2044036,Fail,2,3.0,0.0,P1,0,19,20
2056947,Fail,7,2.0,0.6387096774193548,P1,0,19,20
2061889,Pass,0,,,P1,0,19,20
2062995,Pass,7,0.0,0.2537313432835821,P1,0,19,20
2072166,Withdrawn,6,0.0,0.14492753623188406,P1,0,19,20
2078768,Pass,8,3.0,0.43478260869565216,P1,0,19,20
2083576,Pass,3,13.0,1.0,P1,0,19,20
2095379,Pass,1,16.0,1.0,P1,0,19,20
2111015,Pass,12,2.0,0.35374149659863946,P1,0,19,20
2111666,Withdrawn,2,10.0,0.5283018867924528,P1,0,19,20
2115711,Pass,5,11.0,0.8048780487804879,P1,0,19,20
2128304,Pass,4,14.0,1.0,P1,0,19,20
2132966,Pass,4,11.0,0.7339449541284404,P1,0,19,20
2140444,Fail,13,1.0,0.2029520295202952,P1,0,19,20
2147687,Fail,4,9.0,0.7354838709677419,P1,0,19,20
2147929,Pass,5,2.0,0.20588235294117646,P1,0,19,20
2153026,Withdrawn,2,12.0,0.038461538461538464,P1,0,19,20
2160453,Pass,11,2.0,0.43333333333333335,P1,0,19,20
2164944,Fail,2,2.0,0.015151515151515152,P1,0,19,20
2174835,Pass,2,9.0,0.3333333333333333,P1,0,19,20
2192113,Withdrawn,9,1.0,0.08176100628930817,P1,0,19,20
2196054,Pass,12,4.0,0.3813559322033898,P1,0,19,20
2210666,Fail,1,19.0,1.0,P1,0,19,20
2211448,Fail,5,2.0,0.2222222222222222,P1,0,19,20
2211630,Withdrawn,1,12.0,0.0,P1,0,19,20
2214631,Pass,6,4.0,0.2923076923076923,P1,0,19,20
2225190,Fail,3,8.0,0.15384615384615385,P1,0,19,20
2226301,Pass,3,8.0,0.5454545454545454,P1,0,19,20
2227004,Withdrawn,2,15.0,1.0,P1,0,19,20
2229783,Fail,6,1.0,0.15555555555555556,P1,0,19,20
2239140,Fail,12,0.0,0.42424242424242425,P1,0,19,20
2242290,Fail,6,0.0,0.828125,P1,0,19,20
2262671,Fail,1,4.0,0.0,P1,0,19,20
2266650,Fail,6,1.0,0.8,P1,0,19,20
2271644,Pass,8,6.0,0.5915492957746479,P1,0,19,20
2273256,Withdrawn,11,2.0,0.49261083743842365,P1,0,19,20
2280314,Pass,12,2.0,0.6384615384615384,P1,0,19,20
2282129,Fail,3,5.0,0.14,P1,0,19,20
2284583,Pass,5,1.0,0.2391304347826087,P1,0,19,20
2294490,Fail,14,1.0,0.1497584541062802,P1,0,19,20
2318763,Fail,15,1.0,0.33602150537634407,P1,0,19,20
2320306,Pass,18,1.0,0.18604651162790697,P1,0,19,20
2334319,Pass,12,2.0,0.09417040358744394,P1,0,19,20
2346025,Fail,0,,,P1,0,19,20
2349825,Withdrawn,7,1.0,0.6379310344827587,P1,0,19,20
2363875,Pass,6,9.0,0.5733333333333334,P1,0,19,20
2382253,Fail,3,7.0,0.8205128205128205,P1,0,19,20
2392824,Pass,4,6.0,0.10588235294117647,P1,0,19,20
2396786,Fail,7,6.0,0.5797101449275363,P1,0,19,20
2400851,Pass,2,5.0,0.8888888888888888,P1,0,19,20
2411595,Pass,11,1.0,0.2074074074074074,P1,0,19,20
2416774,Pass,8,0.0,0.125,P1,0,19,20
2420909,Pass,0,,,P1,0,19,20
2421929,Fail,4,4.0,0.07042253521126761,P1,0,19,20
2425156,Pass,5,2.0,0.18518518518518517,P1,0,19,20
2444641,Fail,9,2.0,0.5340909090909091,P1,0,19,20
2451269,Pass,7,2.0,0.3333333333333333,P1,0,19,20
2452289,Pass,4,4.0,0.3076923076923077,P1,0,19,20
2453657,Fail,4,4.0,0.5625,P1,0,19,20
2455066,Pass,11,2.0,0.48148148148148145,P1,0,19,20
2455578,Pass,4,0.0,0.4174757281553398,P1,0,19,20
2459051,Fail,0,,,P1,0,19,20
2460002,Fail,1,5.0,0.0,P1,0,19,20
2463213,Pass,19,0.0,0.41586280814576637,P1,0,19,20
2463950,Pass,2,5.0,0.0,P1,0,19,20
2464683,Pass,5,4.0,0.38513513513513514,P1,0,19,20
2465209,Withdrawn,15,0.0,0.3793103448275862,P1,0,19,20
2468280,Pass,0,,,P1,0,19,20
2510414,Fail,2,9.0,0.5555555555555556,P1,0,19,20
2512392,Pass,2,2.0,0.4666666666666667,P1,0,19,20
2514379,Fail,1,12.0,0.0,P1,0,19,20
2528352,Fail,3,3.0,0.7666666666666667,P1,0,19,20
2529306,Fail,2,8.0,0.09523809523809523,P1,0,19,20
2532647,Fail,2,4.0,0.0,P1,0,19,20
2544448,Fail,11,0.0,0.2261904761904762,P1,0,19,20
2545488,Withdrawn,14,2.0,0.064,P1,0,19,20
2550290,Fail,2,16.0,1.0,P1,0,19,20
2553890,Pass,4,15.0,1.0,P1,0,19,20
2557885,Withdrawn,4,0.0,0.16216216216216217,P1,0,19,20
2564744,Pass,1,15.0,1.0,P1,0,19,20
2567158,Pass,10,0.0,0.15217391304347827,P1,0,19,20
2573353,Fail,8,0.0,0.4025974025974026,P1,0,19,20
2575994,Fail,1,8.0,0.0,P1,0,19,20
2578802,Pass,4,7.0,0.2608695652173913,P1,0,19,20
2579673,Fail,0,,,P1,0,19,20
2583791,Fail,5,11.0,0.7105263157894737,P1,0,19,20
2584834,Pass,3,3.0,0.75,P1,0,19,20
2585937,Pass,5,5.0,0.3508771929824561,P1,0,19,20
2587329,Pass,15,0.0,0.23018867924528302,P1,0,19,20
2588742,Pass,6,1.0,0.1111111111111111,P1,0,19,20
2591421,Pass,1,6.0,0.0,P1,0,19,20
2607641,Pass,4,9.0,0.4,P1,0,19,20
2617839,Pass,4,8.0,0.7727272727272727,P1,0,19,20
2620279,Withdrawn,1,11.0,0.0,P1,0,19,20
2625315,Fail,11,4.0,0.415065334358186,P1,0,19,20
2631545,Fail,3,1.0,0.0392156862745098,P1,0,19,20
2638377,Pass,11,0.0,0.23776223776223776,P1,0,19,20
2642717,Pass,20,0.0,0.49148936170212765,P1,0,19,20
2650236,Fail,0,,,P1,0,19,20
2656860,Withdrawn,9,5.0,0.6774193548387096,P1,0,19,20
2662716,Fail,11,0.0,0.0967741935483871,P1,0,19,20
2664036,Fail,1,19.0,1.0,P1,0,19,20
2680344,Pass,16,0.0,0.2717391304347826,P1,0,19,20
2691100,Pass,8,1.0,0.256,P1,0,19,20
2691566,Fail,3,8.0,0.16666666666666666,P1,0,19,20
27759,Fail,5,3.0,0.6,P2,20,47,28
30091,Pass,5,0.0,0.0,P2,20,47,28
31014,Withdrawn,15,0.0,0.13675213675213677,P2,20,47,28
31849,Pass,16,1.0,0.06896551724137931,P2,20,47,28
37622,Pass,5,17.0,0.6511627906976745,P2,20,47,28
38234,Fail,1,14.0,0.0,P2,20,47,28
47855,Withdrawn,4,4.0,0.5,P2,20,47,28
48040,Pass,21,0.0,0.24696356275303644,P2,20,47,28
48503,Pass,9,0.0,0.6615384615384615,P2,20,47,28
52797,Pass,12,1.0,0.0880503144654088,P2,20,47,28
52899,Pass,22,0.0,0.3103448275862069,P2,20,47,28
55026,Pass,5,3.0,0.058823529411764705,P2,20,47,28
56340,Fail,1,4.0,0.0,P2,20,47,28
56789,Pass,5,2.0,0.4931506849315068,P2,20,47,28
57079,Fail,5,8.0,0.11594202898550725,P2,20,47,28
63044,Fail,7,2.0,0.6808510638297872,P2,20,47,28
68556,Fail,2,4.0,0.0,P2,20,47,28
73489,Pass,12,0.0,0.18309859154929578,P2,20,47,28
84812,Pass,7,5.0,0.6111111111111112,P2,20,47,28
86291,Fail,1,10.0,0.0,P2,20,47,28
90243,Pass,10,2.0,0.31746031746031744,P2,20,47,28
96475,Pass,7,0.0,0.35,P2,20,47,28
97567,Pass,4,8.0,0.12048192771084337,P2,20,47,28
98268,Pass,10,4.0,0.2733812949640288,P2,20,47,28
98720,Pass,5,4.0,0.0,P2,20,47,28
100282,Withdrawn,3,3.0,0.0,P2,20,47,28
105527,Pass,15,5.0,0.3193717277486911,P2,20,47,28
105851,Pass,8,3.0,0.16279069767441862,P2,20,47,28
105883,Pass,21,0.0,0.3337378640776699,P2,20,47,28
108118,Pass,3,5.0,0.0,P2,20,47,28
108760,Fail,7,4.0,0.5658914728682171,P2,20,47,28
109372,Pass,14,0.0,0.0761904761904762,P2,20,47,28
109782,Withdrawn,4,4.0,0.2727272727272727,P2,20,47,28
111942,Pass,16,2.0,0.29333333333333333,P2,20,47,28
119898,Pass,3,0.0,0.9444444444444444,P2,20,47,28
123716,Pass,25,0.0,0.20930232558139536,P2,20,47,28
124909,Pass,18,1.0,0.23448275862068965,P2,20,47,28
128386,Fail,6,1.0,0.024390243902439025,P2,20,47,28
128889,Pass,25,0.0,0.22272957889396244,P2,20,47,28
131051,Pass,8,1.0,0.4,P2,20,47,28
132626,Withdrawn,21,0.0,0.1830065359477124,P2,20,47,28
134563,Pass,27,0.0,0.27279005524861877,P2,20,47,28
138289,Fail,6,3.0,0.02127659574468085,P2,20,47,28
138920,Fail,9,5.0,0.33112582781456956,P2,20,47,28
139549,Pass,4,6.0,0.16666666666666666,P2,20,47,28
141949,Pass,7,4.0,0.08791208791208792,P2,20,47,28
146165,Pass,2,13.0,0.8125,P2,20,47,28
146600,Pass,5,4.0,0.06521739130434782,P2,20,47,28
151800,Fail,6,5.0,0.041666666666666664,P2,20,47,28
151917,Fail,9,2.0,0.46875,P2,20,47,28
153704,Fail,2,8.0,0.0,P2,20,47,28
154011,Pass,1,13.0,0.0,P2,20,47,28
154570,Withdrawn,28,0.0,0.28589867699257826,P2,20,47,28
156311,Pass,4,2.0,0.9841269841269841,P2,20,47,28
157060,Pass,1,1.0,0.0,P2,20,47,28
157795,Pass,18,1.0,0.24372759856630824,P2,20,47,28
169213,Pass,8,2.0,0.2786885245901639,P2,20,47,28
174222,Pass,2,10.0,0.6923076923076923,P2,20,47,28
174440,Fail,3,0.0,0.0,P2,20,47,28
174487,Pass,8,1.0,0.5595238095238095,P2,20,47,28
178738,Fail,4,0.0,0.020833333333333332,P2,20,47,28
178963,Pass,0,,,P2,20,47,28
179254,Fail,0,,,P2,20,47,28
182661,Pass,0,,,P2,20,47,28
188026,Fail,9,0.0,0.17857142857142858,P2,20,47,28
189095,Fail,13,0.0,0.06007067137809187,P2,20,47,28
191269,Pass,16,3.0,0.4756554307116105,P2,20,47,28
193215,Fail,7,0.0,0.0,P2,20,47,28
195096,Pass,2,25.0,1.0,P2,20,47,28
197240,Pass,5,3.0,0.8695652173913043,P2,20,47,28
197412,Pass,8,0.0,0.5853658536585366,P2,20,47,28
197759,Pass,20,0.0,0.16129032258064516,P2,20,47,28
198339,Withdrawn,6,0.0,0.27586206896551724,P2,20,47,28
199663,Pass,2,9.0,0.8125,P2,20,47,28
202879,Fail,3,0.0,0.0,P2,20,47,28
203640,Pass,4,0.0,0.0,P2,20,47,28
205788,Pass,14,1.0,0.04504504504504504,P2,20,47,28
227416,Fail,0,,,P2,20,47,28
230081,Pass,10,0.0,0.5641025641025641,P2,20,47,28
231959,Withdrawn,8,2.0,0.6571428571428571,P2,20,47,28
233317,Pass,9,2.0,0.16393442622950818,P2,20,47,28
233752,Pass,26,0.0,0.323747680890538,P2,20,47,28
233957,Fail,3,16.0,0.0,P2,20,47,28
234929,Fail,4,9.0,0.35714285714285715,P2,20,47,28
240993,Pass,20,3.0,0.18604651162790697,P2,20,47,28
241338,Fail,2,18.0,0.09523809523809523,P2,20,47,28
242149,Fail,0,,,P2,20,47,28
242893,Withdrawn,7,1.0,0.7380952380952381,P2,20,47,28
243851,Pass,20,0.0,0.1188118811881188,P2,20,47,28
243909,Fail,2,0.0,0.0,P2,20,47,28
243992,Pass,4,0.0,0.42857142857142855,P2,20,47,28
245987,Pass,2,1.0,0.9166666666666666,P2,20,47,28
247902,Pass,10,0.0,0.17985611510791366,P2,20,47,28
248716,Pass,10,0.0,0.33695652173913043,P2,20,47,28
248800,Withdrawn,3,2.0,0.0,P2,20,47,28
251815,Fail,0,,,P2,20,47,28
252257,Pass,5,12.0,0.5111111111111111,P2,20,47,28
252652,Withdrawn,7,9.0,0.17073170731707318,P2,20,47,28
253577,Pass,14,2.0,0.46866485013623976,P2,20,47,28
256998,Pass,9,3.0,0.2876712328767123,P2,20,47,28
260179,Pass,3,0.0,0.0,P2,20,47,28
261332,Fail,8,1.0,0.34234234234234234,P2,20,47,28
261466,Pass,7,7.0,0.16017316017316016,P2,20,47,28
262639,Pass,9,2.0,0.6697247706422018,P2,20,47,28
264152,Pass,18,2.0,0.4390625,P2,20,47,28
264744,Pass,7,4.0,0.6949152542372882,P2,20,47,28
265170,Fail,10,0.0,0.3522727272727273,P2,20,47,28
266564,Pass,4,11.0,0.6811594202898551,P2,20,47,28
266744,Withdrawn,12,0.0,0.21875,P2,20,47,28
268589,Pass,21,0.0,0.009574468085106383,P2,20,47,28
269204,Pass,13,0.0,0.344,P2,20,47,28
270646,Pass,4,4.0,0.6470588235294118,P2,20,47,28
272172,Fail,10,3.0,0.21428571428571427,P2,20,47,28
272617,Withdrawn,5,0.0,0.6,P2,20,47,28
274247,Fail,4,16.0,0.66,P2,20,47,28
274971,Pass,7,1.0,0.5245901639344263,P2,20,47,28
276925,Withdrawn,3,0.0,0.0,P2,20,47,28
277537,Fail,5,1.0,0.2857142857142857,P2,20,47,28
278272,Fail,11,1.0,0.17543859649122806,P2,20,47,28
278794,Pass,9,1.0,0.0,P2,20,47,28
280140,Fail,2,3.0,0.8085106382978723,P2,20,47,28
280151,Fail,1,3.0,0.0,P2,20,47,28
282785,Withdrawn,2,19.0,0.5,P2,20,47,28
284906,Pass,6,8.0,0.16,P2,20,47,28
285050,Fail,15,1.0,0.46835443037974683,P2,20,47,28
286690,Fail,2,12.0,0.40229885057471265,P2,20,47,28
287309,Pass,16,1.0,0.5024630541871922,P2,20,47,28
287679,Pass,17,0.0,0.26006191950464397,P2,20,47,28
289753,Withdrawn,5,1.0,0.29577464788732394,P2,20,47,28
289965,Fail,2,8.0,0.3333333333333333,P2,20,47,28
292537,Pass,7,4.0,0.6046511627906976,P2,20,47,28
293760,Pass,3,10.0,0.16129032258064516,P2,20,47,28
301583,Fail,14,0.0,0.05179282868525897,P2,20,47,28
301987,Pass,13,0.0,0.07766990291262135,P2,20,47,28
303331,Withdrawn,15,0.0,0.6196581196581197,P2,20,47,28
303617,Fail,8,2.0,0.0784313725490196,P2,20,47,28
304069,Withdrawn,4,3.0,0.3142857142857143,P2,20,47,28
305173,Fail,0,,,P2,20,47,28
305812,Withdrawn,0,,,P2,20,47,28
305935,Fail,0,,,P2,20,47,28
306964,Pass,14,0.0,0.6335877862595419,P2,20,47,28
307230,Withdrawn,6,0.0,0.18421052631578946,P2,20,47,28
308359,Withdrawn,4,4.0,0.0,P2,20,47,28
308509,Fail,0,,,P2,20,47,28
308703,Withdrawn,7,4.0,0.08928571428571429,P2,20,47,28
308852,Withdrawn,2,23.0,1.0,P2,20,47,28
310125,Withdrawn,3,24.0,1.0,P2,20,47,28
310933,Pass,9,5.0,0.39,P2,20,47,28
314850,Withdrawn,13,2.0,0.2695035460992908,P2,20,47,28
316076,Pass,9,3.0,0.17142857142857143,P2,20,47,28
318848,Pass,7,3.0,0.3333333333333333,P2,20,47,28
319618,Pass,6,4.0,0.45652173913043476,P2,20,47,28
320051,Pass,0,,,P2,20,47,28
320757,Pass,15,1.0,0.2072072072072072,P2,20,47,28
323090,Pass,2,4.0,0.6666666666666666,P2,20,47,28
323606,Pass,10,2.0,0.26704545454545453,P2,20,47,28
324236,Withdrawn,18,0.0,0.04819277108433735,P2,20,47,28
324319,Withdrawn,0,,,P2,20,47,28
324614,Withdrawn,5,1.0,0.3684210526315789,P2,20,47,28
325887,Pass,19,0.0,0.22142857142857142,P2,20,47,28
329030,Fail,2,6.0,0.7777777777777778,P2,20,47,28
333117,Withdrawn,11,2.0,0.2871287128712871,P2,20,47,28
333651,Withdrawn,10,0.0,0.13872832369942195,P2,20,47,28
335136,Fail,18,0.0,0.08928571428571429,P2,20,47,28
335481,Fail,1,5.0,0.0,P2,20,47,28
336478,Pass,10,2.0,0.34,P2,20,47,28
336646,Fail,4,10.0,0.2777777777777778,P2,20,47,28
337151,Pass,6,1.0,0.16417910447761194,P2,20,47,28
338741,Pass,7,11.0,0.1566265060240964,P2,20,47,28
339494,Pass,6,5.0,0.4727272727272727,P2,20,47,28
339608,Pass,3,10.0,0.5714285714285714,P2,20,47,28
340911,Pass,2,1.0,0.0,P2,20,47,28
340965,Pass,8,1.0,0.4383561643835616,P2,20,47,28
342685,Pass,11,0.0,0.5813953488372093,P2,20,47,28
344568,Pass,13,2.0,0.2909090909090909,P2,20,47,28
345083,Withdrawn,16,2.0,0.1693227091633466,P2,20,47,28
345128,Fail,24,0.0,0.10173160173160173,P2,20,47,28
349554,Pass,8,1.0,0.2535211267605634,P2,20,47,28
349675,Fail,3,0.0,0.0,P2,20,47,28
352112,Pass,2,8.0,0.8947368421052632,P2,20,47,28
352339,Withdrawn,1,11.0,0.0,P2,20,47,28
352688,Pass,9,0.0,0.30158730158730157,P2,20,47,28
354779,Pass,4,5.0,0.0,P2,20,47,28
360876,Fail,1,10.0,0.0,P2,20,47,28
364666,Fail,1,6.0,0.0,P2,20,47,28
364871,Pass,10,2.0,0.4144144144144144,P2,20,47,28
365060,Withdrawn,3,5.0,0.0,P2,20,47,28
365169,Pass,14,0.0,0.15086206896551724,P2,20,47,28
365631,Pass,10,2.0,0.22142857142857142,P2,20,47,28
366524,Pass,9,0.0,0.08064516129032258,P2,20,47,28
367433,Pass,5,3.0,0.6521739130434783,P2,20,47,28
368077,Pass,14,0.0,0.14857142857142858,P2,20,47,28
369986,Pass,1,10.0,0.0,P2,20,47,28
370307,Withdrawn,3,13.0,0.9545454545454546,P2,20,47,28
370859,Pass,10,7.0,0.5444444444444444,P2,20,47,28
371888,Withdrawn,0,,,P2,20,47,28
372172,Fail,2,3.0,0.5,P2,20,47,28
372658,Pass,4,3.0,0.17857142857142858,P2,20,47,28
373174,Fail,6,5.0,0.6242424242424243,P2,20,47,28
373269,Fail,4,5.0,0.8142857142857143,P2,20,47,28
373807,Fail,25,0.0,0.28553459119496855,P2,20,47,28
373848,Pass,7,0.0,0.2972972972972973,P2,20,47,28
374038,Fail,8,0.0,0.24324324324324326,P2,20,47,28
375960,Pass,3,1.0,0.8163265306122449,P2,20,47,28
378721,Withdrawn,2,6.0,0.0,P2,20,47,28
379210,Fail,5,2.0,0.23863636363636365,P2,20,47,28
379983,Fail,0,,,P2,20,47,28
380205,Fail,8,12.0,0.8392857142857143,P2,20,47,28
380240,Fail,20,0.0,0.38202247191011235,P2,20,47,28
381541,Pass,19,0.0,0.4026548672566372,P2,20,47,28
381669,Pass,12,0.0,0.19718309859154928,P2,20,47,28
382575,Fail,13,2.0,0.4587628865979381,P2,20,47,28
382920,Pass,18,2.0,0.12727272727272726,P2,20,47,28
383303,Fail,5,0.0,0.3821138211382114,P2,20,47,28
385040,Fail,1,13.0,0.0,P2,20,47,28
385820,Pass,15,0.0,0.17006802721088435,P2,20,47,28
386889,Pass,3,0.0,0.3,P2,20,47,28
387700,Fail,6,4.0,0.75,P2,20,47,28
388052,Pass,2,9.0,0.5,P2,20,47,28
388432,Fail,11,0.0,0.2833333333333333,P2,20,47,28
388549,Fail,4,0.0,0.13636363636363635,P2,20,47,28
388975,Fail,8,0.0,0.29577464788732394,P2,20,47,28
389471,Fail,6,3.0,0.5777777777777777,P2,20,47,28
390958,Pass,1,26.0,1.0,P2,20,47,28
392281,Fail,10,0.0,0.0,P2,20,47,28
393327,Pass,15,0.0,0.2421875,P2,20,47,28
395073,Fail,2,16.0,0.25,P2,20,47,28
395715,Withdrawn,20,0.0,0.272108843537415,P2,20,47,28
398891,Pass,5,0.0,0.3076923076923077,P2,20,47,28
398956,Fail,5,0.0,0.5,P2,20,47,28
402993,Pass,15,0.0,0.3902439024390244,P2,20,47,28
404269,Pass,18,0.0,0.3157894736842105,P2,20,47,28
404708,Pass,6,7.0,0.7391304347826086,P2,20,47,28
405945,Pass,9,3.0,0.5185185185185185,P2,20,47,28
408975,Pass,3,3.0,0.5,P2,20,47,28
409160,Fail,11,0.0,0.29310344827586204,P2,20,47,28
409698,Withdrawn,10,1.0,0.391304347826087,P2,20,47,28
409930,Pass,7,8.0,0.016666666666666666,P2,20,47,28
409945,Pass,5,20.0,0.7068965517241379,P2,20,47,28
410052,Pass,2,11.0,0.2727272727272727,P2,20,47,28
410281,Fail,14,0.0,0.12037037037037036,P2,20,47,28
410537,Pass,5,6.0,0.6511627906976745,P2,20,47,28
410842,Pass,5,14.0,0.013513513513513514,P2,20,47,28
411226,Withdrawn,2,3.0,0.9655172413793104,P2,20,47,28
411642,Pass,5,2.0,0.0,P2,20,47,28
415216,Pass,3,0.0,0.0,P2,20,47,28
415546,Fail,4,8.0,0.07142857142857142,P2,20,47,28
417657,Fail,6,3.0,0.16216216216216217,P2,20,47,28
417785,Fail,1,1.0,0.0,P2,20,47,28
419375,Pass,14,1.0,0.48582995951417,P2,20,47,28
420163,Pass,13,3.0,0.2318840579710145,P2,20,47,28
420724,Fail,0,,,P2,20,47,28
421018,Pass,1,17.0,0.0,P2,20,47,28
422223,Fail,3,1.0,0.037037037037037035,P2,20,47,28
422479,Pass,6,3.0,0.8125,P2,20,47,28
423399,Pass,2,15.0,0.0,P2,20,47,28
424539,Pass,6,3.0,0.22448979591836735,P2,20,47,28
424637,Fail,1,13.0,0.0,P2,20,47,28
426458,Pass,7,0.0,0.04878048780487805,P2,20,47,28
427683,Withdrawn,4,0.0,0.5892857142857143,P2,20,47,28
427921,Pass,22,0.0,0.2928104575163399,P2,20,47,28
428323,Pass,5,0.0,0.0,P2,20,47,28
428653,Pass,7,6.0,0.5411764705882353,P2,20,47,28
430392,Pass,6,2.0,0.45454545454545453,P2,20,47,28
430708,Pass,12,1.0,0.37,P2,20,47,28
431071,Fail,0,,,P2,20,47,28
432144,Pass,25,0.0,0.3717948717948718,P2,20,47,28
432237,Pass,1,11.0,0.0,P2,20,47,28
433280,Pass,5,1.0,0.67,P2,20,47,28
433864,Pass,15,3.0,0.36363636363636365,P2,20,47,28
434397,Pass,5,6.0,0.4880952380952381,P2,20,47,28
434585,Pass,14,8.0,0.2802197802197802,P2,20,47,28
438551,Pass,10,2.0,0.2054794520547945,P2,20,47,28
439182,Pass,7,5.0,0.8055555555555556,P2,20,47,28
439294,Fail,1,2.0,0.0,P2,20,47,28
440225,Pass,3,5.0,0.8,P2,20,47,28
440563,Pass,28,0.0,0.3622480146609652,P2,20,47,28
440593,Pass,0,,,P2,20,47,28
440765,Fail,12,2.0,0.016666666666666666,P2,20,47,28
442910,Pass,8,3.0,0.636986301369863,P2,20,47,28
443923,Withdrawn,2,0.0,0.0,P2,20,47,28
444225,Fail,0,,,P2,20,47,28
444821,Pass,7,3.0,0.7,P2,20,47,28
445351,Withdrawn,3,5.0,0.0,P2,20,47,28
445760,Pass,7,3.0,0.7564102564102564,P2,20,47,28
446345,Fail,1,26.0,1.0,P2,20,47,28
446873,Fail,3,1.0,0.36363636363636365,P2,20,47,28
447086,Pass,4,17.0,0.6551724137931034,P2,20,47,28
447516,Pass,11,1.0,0.47126436781609193,P2,20,47,28
464525,Pass,17,0.0,0.12080536912751678,P2,20,47,28
465730,Fail,0,,,P2,20,47,28
466202,Pass,14,2.0,0.25333333333333335,P2,20,47,28
466477,Pass,6,4.0,0.3283582089552239,P2,20,47,28
466800,Pass,0,,,P2,20,47,28
466854,Fail,13,0.0,0.0,P2,20,47,28
467606,Withdrawn,12,0.0,0.0,P2,20,47,28
468187,Fail,4,0.0,0.02,P2,20,47,28
469878,Pass,24,0.0,0.14102564102564102,P2,20,47,28
470869,Pass,3,0.0,0.0,P2,20,47,28
471196,Pass,5,0.0,0.24,P2,20,47,28
471434,Withdrawn,8,12.0,0.7904191616766467,P2,20,47,28
471711,Pass,9,3.0,0.016666666666666666,P2,20,47,28
472262,Fail,6,10.0,0.639344262295082,P2,20,47,28
472327,Pass,7,3.0,0.041666666666666664,P2,20,47,28
474071,Fail,5,9.0,0.4722222222222222,P2,20,47,28
475215,Withdrawn,8,1.0,0.4166666666666667,P2,20,47,28
475241,Fail,2,10.0,0.8666666666666667,P2,20,47,28
475594,Fail,27,0.0,0.2571428571428571,P2,20,47,28
476278,Pass,17,0.0,0.03592814371257485,P2,20,47,28
476816,Fail,7,6.0,0.4722222222222222,P2,20,47,28
477319,Withdrawn,12,5.0,0.21792260692464357,P2,20,47,28
477825,Pass,3,1.0,0.075,P2,20,47,28
478069,Pass,3,5.0,0.2,P2,20,47,28
478718,Fail,3,13.0,0.125,P2,20,47,28
478967,Fail,5,11.0,0.4166666666666667,P2,20,47,28
479020,Pass,14,4.0,0.21200750469043153,P2,20,47,28
479170,Pass,19,0.0,0.25,P2,20,47,28
479305,Pass,7,11.0,0.14685314685314685,P2,20,47,28
480667,Withdrawn,9,7.0,0.5,P2,20,47,28
482356,Pass,7,3.0,0.058823529411764705,P2,20,47,28
482680,Pass,2,13.0,0.0,P2,20,47,28
482810,Pass,4,13.0,0.6875,P2,20,47,28
483646,Pass,5,2.0,0.13580246913580246,P2,20,47,28
483703,Withdrawn,13,0.0,0.09523809523809523,P2,20,47,28
483744,Withdrawn,20,0.0,0.10852713178294573,P2,20,47,28
483876,Pass,5,4.0,0.2537313432835821,P2,20,47,28
484135,Pass,2,8.0,0.75,P2,20,47,28
484301,Pass,8,4.0,0.22388059701492538,P2,20,47,28
484412,Pass,13,0.0,0.6880733944954128,P2,20,47,28
485006,Pass,8,5.0,0.7931034482758621,P2,20,47,28
485439,Withdrawn,4,4.0,0.0,P2,20,47,28
485762,Pass,5,4.0,0.4098360655737705,P2,20,47,28
485772,Fail,13,2.0,0.18181818181818182,P2,20,47,28
486004,Pass,2,14.0,0.0,P2,20,47,28
487214,Fail,6,0.0,0.5348837209302325,P2,20,47,28
487371,Pass,11,0.0,0.21428571428571427,P2,20,47,28
487681,Pass,15,3.0,0.3333333333333333,P2,20,47,28
488176,Withdrawn,0,,,P2,20,47,28
488195,Pass,7,2.0,0.22764227642276422,P2,20,47,28
488427,Pass,9,0.0,0.18556701030927836,P2,20,47,28
489320,Pass,5,1.0,0.42857142857142855,P2,20,47,28
489889,Pass,1,8.0,0.0,P2,20,47,28
490500,Fail,2,3.0,0.0,P2,20,47,28
490677,Pass,8,0.0,0.3177570093457944,P2,20,47,28
490894,Fail,8,5.0,0.6971830985915493,P2,20,47,28
491097,Fail,5,1.0,0.043478260869565216,P2,20,47,28
491279,Pass,9,0.0,0.4634146341463415,P2,20,47,28
491907,Fail,5,1.0,0.09375,P2,20,47,28
491966,Pass,0,,,P2,20,47,28
492153,Pass,21,0.0,0.17959183673469387,P2,20,47,28
492286,Pass,7,3.0,0.5428571428571428,P2,20,47,28
492478,Withdrawn,9,5.0,0.3716216216216216,P2,20,47,28
492726,Pass,6,6.0,0.53125,P2,20,47,28
493453,Pass,4,23.0,1.0,P2,20,47,28
493465,Pass,11,0.0,0.10126582278481013,P2,20,47,28
493999,Fail,3,2.0,0.0,P2,20,47,28
494471,Fail,14,0.0,0.12087912087912088,P2,20,47,28
494896,Withdrawn,2,3.0,0.0,P2,20,47,28
494960,Pass,13,0.0,0.26993865030674846,P2,20,47,28
495035,Pass,2,7.0,0.0,P2,20,47,28
495449,Pass,20,0.0,0.3953488372093023,P2,20,47,28
495509,Pass,1,25.0,1.0,P2,20,47,28
495625,Pass,7,1.0,0.07407407407407407,P2,20,47,28
495879,Pass,5,14.0,0.4456140350877193,P2,20,47,28
495913,Pass,0,,,P2,20,47,28
496091,Fail,3,1.0,0.0,P2,20,47,28
496334,Fail,3,24.0,1.0,P2,20,47,28
496442,Pass,5,0.0,0.288135593220339,P2,20,47,28
497130,Pass,19,0.0,0.1278538812785388,P2,20,47,28
497632,Pass,0,,,P2,20,47,28
498543,Pass,4,11.0,0.6444444444444445,P2,20,47,28
498635,Pass,10,2.0,0.546875,P2,20,47,28
498755,Pass,8,0.0,0.30303030303030304,P2,20,47,28
498841,Withdrawn,5,2.0,0.0,P2,20,47,28
498892,Fail,2,3.0,0.9523809523809523,P2,20,47,28
499624,Withdrawn,5,7.0,0.041666666666666664,P2,20,47,28
499822,Withdrawn,5,3.0,0.3875,P2,20,47,28
500016,Pass,4,1.0,0.0,P2,20,47,28
500135,Fail,10,0.0,0.2619047619047619,P2,20,47,28
500279,Withdrawn,1,2.0,0.0,P2,20,47,28
500552,Pass,6,0.0,0.515625,P2,20,47,28
500668,Pass,17,0.0,0.0,P2,20,47,28
501053,Fail,0,,,P2,20,47,28
501208,Pass,1,12.0,0.0,P2,20,47,28
501637,Pass,12,0.0,0.18421052631578946,P2,20,47,28
501862,Fail,0,,,P2,20,47,28
501945,Withdrawn,8,0.0,0.624113475177305,P2,20,47,28
503322,Pass,15,0.0,0.13438735177865613,P2,20,47,28
503516,Fail,6,15.0,0.782608695652174,P2,20,47,28
503804,Pass,13,0.0,0.06172839506172839,P2,20,47,28
503878,Fail,0,,,P2,20,47,28
504013,Pass,1,26.0,1.0,P2,20,47,28
504022,Pass,1,26.0,1.0,P2,20,47,28
504466,Pass,15,5.0,0.6044776119402985,P2,20,47,28
504635,Pass,2,25.0,1.0,P2,20,47,28
505413,Pass,2,13.0,0.037037037037037035,P2,20,47,28
505595,Withdrawn,0,,,P2,20,47,28
506185,Fail,8,0.0,0.16129032258064516,P2,20,47,28
506248,Fail,11,3.0,0.1917808219178082,P2,20,47,28
506804,Pass,11,1.0,0.4603174603174603,P2,20,47,28
506980,Fail,2,11.0,0.875,P2,20,47,28
507016,Pass,8,0.0,0.09523809523809523,P2,20,47,28
507279,Fail,1,27.0,1.0,P2,20,47,28
507387,Fail,3,10.0,0.0,P2,20,47,28
507676,Fail,1,10.0,0.0,P2,20,47,28
508028,Pass,13,3.0,0.4028776978417266,P2,20,47,28
508047,Withdrawn,5,0.0,0.3870967741935484,P2,20,47,28
508079,Pass,10,3.0,0.25806451612903225,P2,20,47,28
508422,Fail,1,12.0,0.0,P2,20,47,28
508517,Fail,3,0.0,0.0,P2,20,47,28
508759,Withdrawn,27,0.0,0.1951219512195122,P2,20,47,28
509036,Fail,10,4.0,0.38144329896907214,P2,20,47,28
509236,Fail,2,19.0,0.5,P2,20,47,28
509258,Fail,1,27.0,1.0,P2,20,47,28
509390,Fail,1,7.0,0.0,P2,20,47,28
509845,Withdrawn,11,3.0,0.07238095238095238,P2,20,47,28
509913,Fail,10,0.0,0.058823529411764705,P2,20,47,28
510149,Fail,18,0.0,0.2624113475177305,P2,20,47,28
510438,Fail,0,,,P2,20,47,28
510776,Fail,3,25.0,1.0,P2,20,47,28
510868,Withdrawn,0,,,P2,20,47,28
511678,Pass,28,0.0,0.2784290738569754,P2,20,47,28
512417,Pass,18,0.0,0.48412698412698413,P2,20,47,28
512581,Fail,24,0.0,0.04717853839037928,P2,20,47,28
512775,Pass,5,9.0,0.37962962962962965,P2,20,47,28
512839,Fail,4,1.0,0.17142857142857143,P2,20,47,28
512883,Withdrawn,0,,,P2,20,47,28
512940,Pass,11,2.0,0.15625,P2,20,47,28
512977,Pass,1,17.0,0.0,P2,20,47,28
513076,Fail,3,2.0,0.0,P2,20,47,28
513836,Withdrawn,8,9.0,0.16326530612244897,P2,20,47,28
514043,Pass,3,2.0,0.0,P2,20,47,28
514074,Withdrawn,11,3.0,0.5172413793103449,P2,20,47,28
514302,Pass,11,0.0,0.4305555555555556,P2,20,47,28
514445,Pass,8,0.0,0.881578947368421,P2,20,47,28
514776,Fail,7,1.0,0.5793650793650794,P2,20,47,28
514864,Pass,16,0.0,0.23857868020304568,P2,20,47,28
515203,Fail,0,,,P2,20,47,28
515417,Fail,0,,,P2,20,47,28
515646,Pass,8,3.0,0.4383561643835616,P2,20,47,28
515676,Pass,6,9.0,0.1951219512195122,P2,20,47,28
516364,Withdrawn,4,0.0,0.0,P2,20,47,28
516926,Fail,4,3.0,0.0,P2,20,47,28
517016,Fail,0,,,P2,20,47,28
517231,Pass,28,0.0,0.17329737019554955,P2,20,47,28
517352,Pass,7,11.0,0.4411764705882353,P2,20,47,28
517553,Withdrawn,1,17.0,0.0,P2,20,47,28
518126,Pass,4,8.0,0.66,P2,20,47,28
518223,Pass,17,4.0,0.10810810810810811,P2,20,47,28
518496,Pass,10,3.0,0.2549019607843137,P2,20,47,28
519294,Pass,8,0.0,0.7407407407407407,P2,20,47,28
519584,Pass,17,0.0,0.13924050632911392,P2,20,47,28
519622,Fail,1,4.0,0.0,P2,20,47,28
520002,Pass,26,2.0,0.25555555555555554,P2,20,47,28
520024,Withdrawn,2,5.0,0.8148148148148148,P2,20,47,28
520100,Fail,1,20.0,0.0,P2,20,47,28
520325,Fail,6,7.0,0.043478260869565216,P2,20,47,28
521341,Pass,20,1.0,0.18222222222222223,P2,20,47,28
521509,Pass,3,4.0,0.9,P2,20,47,28
521590,Pass,16,1.0,0.4602510460251046,P2,20,47,28
521666,Fail,0,,,P2,20,47,28
521895,Pass,4,3.0,0.9393939393939394,P2,20,47,28
521957,Withdrawn,7,2.0,0.0,P2,20,47,28
522426,Pass,12,3.0,0.10833333333333334,P2,20,47,28
522434,Pass,14,0.0,0.18518518518518517,P2,20,47,28
522441,Pass,2,5.0,0.0,P2,20,47,28
522443,Fail,8,2.0,0.28205128205128205,P2,20,47,28
522446,Pass,26,0.0,0.29688888888888887,P2,20,47,28
522529,Pass,12,0.0,0.05555555555555555,P2,20,47,28
522622,Pass,0,,,P2,20,47,28
522714,Pass,22,2.0,0.23607427055702918,P2,20,47,28
522792,Pass,17,3.0,0.37209302325581395,P2,20,47,28
522889,Fail,0,,,P2,20,47,28
522891,Pass,11,0.0,0.0,P2,20,47,28
522894,Pass,17,0.0,0.09567901234567901,P2,20,47,28
522899,Fail,16,0.0,0.06744868035190615,P2,20,47,28
523331,Fail,0,,,P2,20,47,28
523466,Pass,9,3.0,0.3148148148148148,P2,20,47,28
523545,Pass,2,8.0,0.16666666666666666,P2,20,47,28
523655,Pass,6,11.0,0.671875,P2,20,47,28
523757,Fail,5,3.0,0.25,P2,20,47,28
523857,Pass,12,5.0,0.1791044776119403,P2,20,47,28
523928,Pass,19,3.0,0.21666666666666667,P2,20,47,28
524076,Fail,1,13.0,0.0,P2,20,47,28
524496,Fail,2,0.0,0.0,P2,20,47,28
525877,Withdrawn,6,3.0,0.32,P2,20,47,28
525885,Fail,6,3.0,0.25384615384615383,P2,20,47,28
526088,Fail,3,2.0,0.0625,P2,20,47,28
526177,Pass,11,5.0,0.7796610169491526,P2,20,47,28
526810,Withdrawn,10,3.0,0.2846153846153846,P2,20,47,28
527393,Pass,12,2.0,0.3875968992248062,P2,20,47,28
527580,Pass,13,0.0,0.12631578947368421,P2,20,47,28
527636,Fail,6,7.0,0.41304347826086957,P2,20,47,28
527799,Fail,13,2.0,0.36764705882352944,P2,20,47,28
528056,Fail,0,,,P2,20,47,28
528464,Pass,2,25.0,1.0,P2,20,47,28
529000,Fail,0,,,P2,20,47,28
529597,Fail,1,26.0,1.0,P2,20,47,28
529795,Fail,3,16.0,0.9210526315789473,P2,20,47,28
530021,Fail,3,1.0,0.0625,P2,20,47,28
530112,Fail,0,,,P2,20,47,28
530487,Pass,22,1.0,0.472,P2,20,47,28
530514,Pass,1,19.0,0.0,P2,20,47,28
530753,Fail,11,3.0,0.16363636363636364,P2,20,47,28
530841,Pass,17,2.0,0.2178988326848249,P2,20,47,28
531384,Pass,26,0.0,0.13285024154589373,P2,20,47,28
532114,Withdrawn,2,0.0,0.4,P2,20,47,28
532335,Pass,7,3.0,0.45794392523364486,P2,20,47,28
532477,Pass,23,0.0,0.15079365079365079,P2,20,47,28
532739,Pass,0,,,P2,20,47,28
532839,Fail,5,2.0,0.5,P2,20,47,28
532868,Fail,28,0.0,0.14025974025974025,P2,20,47,28
532869,Pass,10,4.0,0.36666666666666664,P2,20,47,28
533164,Withdrawn,2,11.0,0.0,P2,20,47,28
533301,Pass,2,17.0,0.0,P2,20,47,28
534133,Pass,8,1.0,0.09230769230769231,P2,20,47,28
534323,Pass,5,6.0,0.4074074074074074,P2,20,47,28
534816,Fail,2,6.0,0.0,P2,20,47,28
534946,Pass,5,4.0,0.0,P2,20,47,28
534998,Pass,22,1.0,0.2926829268292683,P2,20,47,28
535269,Fail,2,20.0,0.3333333333333333,P2,20,47,28
535379,Pass,2,17.0,0.14583333333333334,P2,20,47,28
535833,Pass,2,24.0,1.0,P2,20,47,28
536318,Pass,17,0.0,0.2747747747747748,P2,20,47,28
536632,Pass,2,1.0,0.0,P2,20,47,28
536649,Fail,3,6.0,0.1,P2,20,47,28
536660,Pass,7,3.0,0.7096774193548387,P2,20,47,28
536663,Withdrawn,2,3.0,0.0,P2,20,47,28
536666,Pass,1,4.0,0.0,P2,20,47,28
536852,Fail,12,1.0,0.0364963503649635,P2,20,47,28
536992,Pass,3,21.0,1.0,P2,20,47,28
537271,Fail,2,25.0,1.0,P2,20,47,28
538210,Pass,4,7.0,0.8205128205128205,P2,20,47,28
539426,Fail,0,,,P2,20,47,28
539670,Fail,3,13.0,0.625,P2,20,47,28
540005,Pass,0,,,P2,20,47,28
540249,Fail,5,0.0,0.0,P2,20,47,28
540293,Pass,6,0.0,0.6455696202531646,P2,20,47,28
540521,Pass,4,9.0,0.38095238095238093,P2,20,47,28
540602,Pass,6,0.0,0.47540983606557374,P2,20,47,28
540682,Pass,10,2.0,0.060810810810810814,P2,20,47,28
541171,Withdrawn,10,8.0,0.40186915887850466,P2,20,47,28
542296,Pass,13,2.0,0.37130801687763715,P2,20,47,28
542472,Fail,0,,,P2,20,47,28
542707,Fail,9,14.0,0.4083333333333333,P2,20,47,28
543021,Withdrawn,5,0.0,0.28888888888888886,P2,20,47,28
543279,Fail,3,24.0,1.0,P2,20,47,28
543418,Withdrawn,1,12.0,0.0,P2,20,47,28
543428,Pass,11,8.0,0.06229508196721312,P2,20,47,28
545200,Pass,4,6.0,0.34615384615384615,P2,20,47,28
545297,Fail,2,26.0,1.0,P2,20,47,28
545298,Pass,2,16.0,0.4,P2,20,47,28
545443,Pass,7,2.0,0.6923076923076923,P2,20,47,28
545462,Pass,23,0.0,0.2489208633093525,P2,20,47,28
546195,Fail,0,,,P2,20,47,28
546196,Pass,6,3.0,0.08333333333333333,P2,20,47,28
547311,Fail,9,3.0,0.21212121212121213,P2,20,47,28
547718,Withdrawn,15,0.0,0.19138755980861244,P2,20,47,28
547979,Withdrawn,0,,,P2,20,47,28
548197,Pass,7,2.0,0.7333333333333333,P2,20,47,28
548899,Pass,5,3.0,0.20588235294117646,P2,20,47,28
549129,Pass,3,16.0,0.6545454545454545,P2,20,47,28
549226,Fail,8,5.0,0.056179775280898875,P2,20,47,28
549445,Pass,3,11.0,0.8591549295774648,P2,20,47,28
549586,Pass,4,3.0,0.21875,P2,20,47,28
549745,Withdrawn,8,5.0,0.6515151515151515,P2,20,47,28
549873,Fail,0,,,P2,20,47,28
549918,Fail,25,0.0,0.2243460764587525,P2,20,47,28
550412,Pass,2,2.0,0.9743589743589743,P2,20,47,28
550941,Pass,16,1.0,0.5963488843813387,P2,20,47,28
551031,Fail,10,3.0,0.74,P2,20,47,28
551205,Pass,4,0.0,0.5666666666666667,P2,20,47,28
551219,Pass,14,0.0,0.11363636363636363,P2,20,47,28
551234,Pass,28,0.0,0.27665544332211,P2,20,47,28
551347,Pass,8,3.0,0.7603305785123967,P2,20,47,28
551802,Fail,5,0.0,0.4090909090909091,P2,20,47,28
551836,Pass,12,1.0,0.26785714285714285,P2,20,47,28
552116,Pass,10,3.0,0.2087912087912088,P2,20,47,28
552177,Fail,0,,,P2,20,47,28
552205,Pass,16,0.0,0.23493975903614459,P2,20,47,28
552339,Pass,25,0.0,0.09395973154362416,P2,20,47,28
552515,Pass,1,11.0,0.0,P2,20,47,28
552622,Pass,20,0.0,0.3494318181818182,P2,20,47,28
552883,Fail,2,3.0,0.0,P2,20,47,28
553078,Pass,3,7.0,0.2,P2,20,47,28
553825,Pass,3,4.0,0.3333333333333333,P2,20,47,28
553856,Pass,16,3.0,0.2825112107623318,P2,20,47,28
553893,Fail,6,3.0,0.25,P2,20,47,28
554243,Fail,9,2.0,0.7183098591549296,P2,20,47,28
554297,Fail,8,2.0,0.2641509433962264,P2,20,47,28
554314,Fail,7,0.0,0.4624277456647399,P2,20,47,28
554540,Pass,15,0.0,0.46534653465346537,P2,20,47,28
555061,Fail,7,1.0,0.16,P2,20,47,28
555346,Pass,8,12.0,0.4766355140186916,P2,20,47,28
555721,Pass,10,2.0,0.5340314136125655,P2,20,47,28
556062,Fail,2,0.0,0.0,P2,20,47,28
556175,Pass,1,7.0,0.0,P2,20,47,28
556228,Pass,19,0.0,0.3069306930693069,P2,20,47,28
556427,Withdrawn,3,8.0,0.21052631578947367,P2,20,47,28
556592,Pass,3,6.0,0.0,P2,20,47,28
556738,Fail,0,,,P2,20,47,28
556972,Pass,12,3.0,0.7267441860465116,P2,20,47,28
557652,Fail,12,15.0,0.6959459459459459,P2,20,47,28
558035,Withdrawn,9,0.0,0.7266187050359713,P2,20,47,28
558333,Pass,0,,,P2,20,47,28
558533,Pass,4,2.0,0.14285714285714285,P2,20,47,28
558661,Fail,6,15.0,0.9090909090909091,P2,20,47,28
558755,Fail,0,,,P2,20,47,28
558962,Pass,6,0.0,0.35714285714285715,P2,20,47,28
558983,Fail,18,2.0,0.20833333333333334,P2,20,47,28
559168,Pass,8,0.0,0.24074074074074073,P2,20,47,28
559382,Pass,13,2.0,0.37142857142857144,P2,20,47,28
559414,Pass,7,3.0,0.19402985074626866,P2,20,47,28
559584,Pass,1,12.0,0.0,P2,20,47,28
559685,Fail,12,4.0,0.1388888888888889,P2,20,47,28
559851,Pass,6,5.0,0.8405797101449275,P2,20,47,28
560030,Fail,6,3.0,0.7777777777777778,P2,20,47,28
560074,Pass,10,0.0,0.2073170731707317,P2,20,47,28
560430,Fail,4,9.0,0.8076923076923077,P2,20,47,28
560567,Pass,2,3.0,0.6944444444444444,P2,20,47,28
560676,Fail,5,15.0,0.3783783783783784,P2,20,47,28
560773,Pass,16,0.0,0.08035714285714286,P2,20,47,28
561457,Pass,19,0.0,0.13333333333333333,P2,20,47,28
561534,Pass,9,0.0,0.3089005235602094,P2,20,47,28
561549,Fail,13,2.0,0.15476190476190477,P2,20,47,28
561591,Pass,7,0.0,0.0,P2,20,47,28
561674,Withdrawn,0,,,P2,20,47,28
561841,Pass,17,2.0,0.21511627906976744,P2,20,47,28
562090,Pass,12,4.0,0.04950495049504951,P2,20,47,28
562270,Pass,6,7.0,0.46715328467153283,P2,20,47,28
562456,Fail,13,0.0,0.7591240875912408,P2,20,47,28
563174,Fail,0,,,P2,20,47,28
563374,Fail,11,0.0,0.14864864864864866,P2,20,47,28
563706,Pass,15,3.0,0.43243243243243246,P2,20,47,28
563733,Pass,3,2.0,0.0,P2,20,47,28
563735,Pass,7,4.0,0.6129032258064516,P2,20,47,28
563769,Fail,3,5.0,0.5714285714285714,P2,20,47,28
563794,Pass,3,19.0,0.9210526315789473,P2,20,47,28
564105,Pass,20,1.0,0.46062992125984253,P2,20,47,28
564129,Pass,0,,,P2,20,47,28
564144,Pass,1,0.0,0.0,P2,20,47,28
564245,Pass,3,10.0,0.2708333333333333,P2,20,47,28
564268,Pass,8,1.0,0.5491329479768786,P2,20,47,28
564596,Withdrawn,5,3.0,0.0,P2,20,47,28
564626,Fail,6,4.0,0.05714285714285714,P2,20,47,28
564792,Fail,13,3.0,0.5095541401273885,P2,20,47,28
564958,Pass,5,5.0,0.0,P2,20,47,28
565393,Fail,0,,,P2,20,47,28
565582,Pass,4,0.0,0.0,P2,20,47,28
565607,Pass,11,0.0,0.3411764705882353,P2,20,47,28
565715,Pass,14,3.0,0.19337016574585636,P2,20,47,28
565888,Pass,2,23.0,1.0,P2,20,47,28
565919,Pass,20,0.0,0.25274725274725274,P2,20,47,28
566339,Pass,1,2.0,0.0,P2,20,47,28
566358,Fail,4,1.0,0.07692307692307693,P2,20,47,28
566369,Pass,9,1.0,0.3870967741935484,P2,20,47,28
566392,Fail,15,0.0,0.029940119760479042,P2,20,47,28
566407,Pass,5,0.0,0.44285714285714284,P2,20,47,28
566415,Pass,0,,,P2,20,47,28
566720,Pass,9,9.0,0.6727272727272727,P2,20,47,28
566813,Pass,1,4.0,0.0,P2,20,47,28
566814,Pass,4,11.0,0.36046511627906974,P2,20,47,28
567013,Fail,2,11.0,0.9130434782608695,P2,20,47,28
567160,Fail,2,5.0,0.9090909090909091,P2,20,47,28
567262,Pass,4,23.0,1.0,P2,20,47,28
567363,Pass,7,2.0,0.03076923076923077,P2,20,47,28
567402,Pass,12,6.0,0.10843373493975904,P2,20,47,28
567429,Pass,3,8.0,0.9454545454545454,P2,20,47,28
567627,Pass,9,3.0,0.272108843537415,P2,20,47,28
567754,Pass,18,0.0,0.4340425531914894,P2,20,47,28
567915,Fail,4,5.0,0.24324324324324326,P2,20,47,28
567929,Fail,8,0.0,0.37362637362637363,P2,20,47,28
567958,Pass,9,0.0,0.14285714285714285,P2,20,47,28
567979,Pass,0,,,P2,20,47,28
568074,Pass,8,6.0,0.4842105263157895,P2,20,47,28
568370,Withdrawn,15,0.0,0.10747663551401869,P2,20,47,28
568474,Pass,5,13.0,0.5,P2,20,47,28
568502,Pass,7,1.0,0.08,P2,20,47,28
568609,Withdrawn,5,1.0,0.16666666666666666,P2,20,47,28
568775,Withdrawn,7,1.0,0.3448275862068966,P2,20,47,28
569035,Pass,16,0.0,0.1393939393939394,P2,20,47,28
569141,Pass,6,2.0,0.676056338028169,P2,20,47,28
569334,Fail,1,25.0,1.0,P2,20,47,28
569854,Pass,8,3.0,0.3269230769230769,P2,20,47,28
569862,Pass,5,5.0,0.0,P2,20,47,28
569930,Pass,13,1.0,0.09913793103448276,P2,20,47,28
570137,Pass,9,0.0,0.5972222222222222,P2,20,47,28
570157,Pass,10,0.0,0.11578947368421053,P2,20,47,28
570168,Pass,28,0.0,0.14152410575427682,P2,20,47,28
570271,Pass,24,0.0,0.5822784810126582,P2,20,47,28
570287,Pass,6,2.0,0.12,P2,20,47,28
570351,Pass,4,9.0,0.1,P2,20,47,28
570519,Fail,0,,,P2,20,47,28
570623,Pass,9,1.0,0.3652173913043478,P2,20,47,28
570759,Pass,11,3.0,0.574468085106383,P2,20,47,28
570783,Pass,6,8.0,0.5862068965517241,P2,20,47,28
570864,Pass,7,2.0,0.6764705882352942,P2,20,47,28
571083,Pass,10,1.0,0.4943820224719101,P2,20,47,28
571441,Pass,8,0.0,0.23529411764705882,P2,20,47,28
571503,Pass,5,11.0,0.6545454545454545,P2,20,47,28
571516,Pass,8,4.0,0.10989010989010989,P2,20,47,28
571554,Pass,17,0.0,0.40298507462686567,P2,20,47,28
571672,Fail,0,,,P2,20,47,28
571681,Pass,16,0.0,0.47244094488188976,P2,20,47,28
571693,Fail,6,8.0,0.3125,P2,20,47,28
571779,Pass,6,0.0,0.1542056074766355,P2,20,47,28
571871,Pass,9,1.0,0.09036144578313253,P2,20,47,28
571885,Pass,14,0.0,0.2871287128712871,P2,20,47,28
571907,Pass,5,5.0,0.30357142857142855,P2,20,47,28
572051,Pass,6,6.0,0.6779661016949152,P2,20,47,28
572067,Pass,16,1.0,0.2857142857142857,P2,20,47,28
572103,Pass,9,0.0,0.0875,P2,20,47,28
572131,Fail,2,9.0,0.8888888888888888,P2,20,47,28
572163,Withdrawn,9,13.0,0.6,P2,20,47,28
572173,Fail,1,4.0,0.0,P2,20,47,28
572277,Fail,1,27.0,1.0,P2,20,47,28
572302,Withdrawn,9,0.0,0.19607843137254902,P2,20,47,28
572416,Pass,11,1.0,0.14414414414414414,P2,20,47,28
572447,Pass,3,7.0,0.3333333333333333,P2,20,47,28
572495,Withdrawn,12,0.0,0.32061068702290074,P2,20,47,28
572504,Pass,8,0.0,0.3076923076923077,P2,20,47,28
572508,Pass,12,0.0,0.16666666666666666,P2,20,47,28
572514,Fail,13,3.0,0.48026315789473684,P2,20,47,28
572733,Pass,9,4.0,0.21428571428571427,P2,20,47,28
572739,Withdrawn,1,12.0,0.0,P2,20,47,28
572752,Pass,3,8.0,0.018518518518518517,P2,20,47,28
572765,Pass,6,0.0,0.2631578947368421,P2,20,47,28
572918,Fail,6,10.0,0.5714285714285714,P2,20,47,28
572937,Fail,0,,,P2,20,47,28
573043,Pass,9,2.0,0.628099173553719,P2,20,47,28
573063,Pass,3,4.0,0.6206896551724138,P2,20,47,28
573159,Withdrawn,21,0.0,0.17613636363636365,P2,20,47,28
573208,Pass,5,3.0,0.26666666666666666,P2,20,47,28
573217,Fail,9,0.0,0.36153846153846153,P2,20,47,28
573223,Fail,0,,,P2,20,47,28
573225,Fail,1,12.0,0.0,P2,20,47,28
573275,Fail,0,,,P2,20,47,28
573411,Pass,11,0.0,0.29,P2,20,47,28
573433,Pass,19,1.0,0.13559322033898305,P2,20,47,28
573441,Withdrawn,5,6.0,0.3157894736842105,P2,20,47,28
573453,Pass,12,0.0,0.48905109489051096,P2,20,47,28
573487,Fail,1,0.0,0.0,P2,20,47,28
573578,Pass,5,8.0,0.8764044943820225,P2,20,47,28
573654,Pass,12,4.0,0.2537313432835821,P2,20,47,28
573694,Withdrawn,1,12.0,0.0,P2,20,47,28
573777,Pass,11,2.0,0.02702702702702703,P2,20,47,28
573790,Pass,12,4.0,0.27058823529411763,P2,20,47,28
573821,Pass,5,4.0,0.061224489795918366,P2,20,47,28
573831,Pass,2,12.0,0.0,P2,20,47,28
573893,Fail,8,5.0,0.2988505747126437,P2,20,47,28
573986,Pass,2,14.0,0.18518518518518517,P2,20,47,28
574002,Fail,6,0.0,0.0,P2,20,47,28
574051,Fail,9,0.0,0.18627450980392157,P2,20,47,28
574125,Pass,7,4.0,0.7227722772277227,P2,20,47,28
574194,Pass,9,2.0,0.3728813559322034,P2,20,47,28
574250,Pass,16,0.0,0.45604395604395603,P2,20,47,28
574348,Pass,19,0.0,0.25961538461538464,P2,20,47,28
574549,Pass,6,2.0,0.6363636363636364,P2,20,47,28
574708,Fail,8,5.0,0.19148936170212766,P2,20,47,28
574766,Fail,14,2.0,0.5546448087431693,P2,20,47,28
574810,Withdrawn,0,,,P2,20,47,28
574973,Pass,17,0.0,0.21621621621621623,P2,20,47,28
575018,Pass,8,0.0,0.14035087719298245,P2,20,47,28
575089,Fail,1,11.0,0.0,P2,20,47,28
575100,Fail,6,14.0,0.34782608695652173,P2,20,47,28
575124,Pass,22,0.0,0.2546583850931677,P2,20,47,28
575281,Fail,5,0.0,0.7307692307692307,P2,20,47,28
575290,Pass,15,2.0,0.07228915662650602,P2,20,47,28
575387,Pass,17,2.0,0.31865828092243187,P2,20,47,28
575480,Fail,0,,,P2,20,47,28
575681,Pass,11,0.0,0.25,P2,20,47,28
575927,Withdrawn,2,6.0,0.6428571428571429,P2,20,47,28
575929,Fail,5,7.0,0.16279069767441862,P2,20,47,28
575930,Pass,7,2.0,0.45112781954887216,P2,20,47,28
575982,Fail,9,11.0,0.13043478260869565,P2,20,47,28
576158,Pass,7,8.0,0.5625,P2,20,47,28
576226,Fail,7,0.0,0.38333333333333336,P2,20,47,28
576483,Pass,12,0.0,0.21666666666666667,P2,20,47,28
576524,Fail,9,1.0,0.5863874345549738,P2,20,47,28
576600,Pass,10,1.0,0.4074074074074074,P2,20,47,28
576714,Withdrawn,5,4.0,0.09375,P2,20,47,28
576815,Fail,1,8.0,0.0,P2,20,47,28
576841,Pass,12,0.0,0.1693548387096774,P2,20,47,28
576882,Fail,13,0.0,0.36231884057971014,P2,20,47,28
576935,Fail,21,1.0,0.30917874396135264,P2,20,47,28
576940,Pass,23,0.0,0.33543638275499477,P2,20,47,28
576946,Pass,10,0.0,0.25,P2,20,47,28
576947,Fail,0,,,P2,20,47,28
576981,Pass,6,4.0,0.3492063492063492,P2,20,47,28
576983,Withdrawn,6,3.0,0.21818181818181817,P2,20,47,28
576996,Withdrawn,1,1.0,0.0,P2,20,47,28
577007,Withdrawn,0,,,P2,20,47,28
577099,Pass,11,1.0,0.1917808219178082,P2,20,47,28
577256,Pass,7,2.0,0.6140350877192983,P2,20,47,28
577280,Pass,7,3.0,0.6902654867256637,P2,20,47,28
577286,Pass,2,1.0,0.0,P2,20,47,28
577347,Fail,4,10.0,0.7837837837837838,P2,20,47,28
577376,Pass,19,0.0,0.13513513513513514,P2,20,47,28
577498,Fail,6,0.0,0.3373493975903614,P2,20,47,28
577648,Fail,25,0.0,0.19,P2,20,47,28
577659,Withdrawn,1,18.0,0.0,P2,20,47,28
577680,Pass,21,0.0,0.4435483870967742,P2,20,47,28
577692,Fail,5,0.0,0.8,P2,20,47,28
577915,Pass,5,5.0,0.15625,P2,20,47,28
577949,Fail,0,,,P2,20,47,28
577980,Pass,9,3.0,0.532258064516129,P2,20,47,28
578057,Fail,2,21.0,1.0,P2,20,47,28
578062,Fail,1,0.0,0.0,P2,20,47,28
578197,Pass,8,0.0,0.00847457627118644,P2,20,47,28
578362,Fail,15,2.0,0.10843373493975904,P2,20,47,28
578447,Pass,1,17.0,0.0,P2,20,47,28
578546,Pass,12,4.0,0.292358803986711,P2,20,47,28
578578,Pass,5,5.0,0.8395061728395061,P2,20,47,28
578600,Pass,18,0.0,0.4797979797979798,P2,20,47,28
578676,Fail,5,6.0,0.02127659574468085,P2,20,47,28
578717,Pass,14,2.0,0.18229166666666666,P2,20,47,28
578854,Withdrawn,7,5.0,0.38961038961038963,P2,20,47,28
579255,Withdrawn,3,0.0,0.0,P2,20,47,28
579279,Pass,4,5.0,0.0,P2,20,47,28
579316,Pass,0,,,P2,20,47,28
579486,Withdrawn,0,,,P2,20,47,28
579549,Pass,11,6.0,0.09523809523809523,P2,20,47,28
579571,Pass,8,0.0,0.25263157894736843,P2,20,47,28
579575,Pass,2,4.0,0.75,P2,20,47,28
579619,Pass,22,0.0,0.2599118942731278,P2,20,47,28
579718,Fail,2,5.0,0.0,P2,20,47,28
579762,Pass,6,5.0,0.020833333333333332,P2,20,47,28
580094,Pass,27,0.0,0.0899581589958159,P2,20,47,28
580314,Fail,0,,,P2,20,47,28
580346,Pass,27,0.0,0.32086614173228345,P2,20,47,28
580360,Pass,1,26.0,1.0,P2,20,47,28
580412,Withdrawn,3,24.0,1.0,P2,20,47,28
580540,Pass,11,0.0,0.288135593220339,P2,20,47,28
580592,Withdrawn,6,1.0,0.0,P2,20,47,28
580612,Pass,15,1.0,0.07876712328767123,P2,20,47,28
580684,Fail,7,3.0,0.6588235294117647,P2,20,47,28
580880,Pass,25,0.0,0.2914438502673797,P2,20,47,28
580883,Pass,22,0.0,0.18884892086330934,P2,20,47,28
580960,Pass,7,6.0,0.0,P2,20,47,28
580975,Fail,5,9.0,0.43661971830985913,P2,20,47,28
581027,Fail,0,,,P2,20,47,28
581038,Fail,20,1.0,0.21182266009852216,P2,20,47,28
581139,Pass,2,26.0,1.0,P2,20,47,28
581235,Withdrawn,16,0.0,0.5486111111111112,P2,20,47,28
581305,Fail,5,1.0,0.1875,P2,20,47,28
581431,Fail,5,13.0,0.5333333333333333,P2,20,47,28
581530,Pass,1,3.0,0.0,P2,20,47,28
581586,Pass,8,4.0,0.031746031746031744,P2,20,47,28
581625,Fail,4,5.0,0.0625,P2,20,47,28
581657,Pass,5,3.0,0.25,P2,20,47,28
581826,Withdrawn,7,5.0,0.15384615384615385,P2,20,47,28
582093,Fail,1,0.0,0.0,P2,20,47,28
582123,Pass,2,2.0,0.0,P2,20,47,28
582184,Withdrawn,7,3.0,0.07142857142857142,P2,20,47,28
582190,Fail,4,0.0,0.7948717948717948,P2,20,47,28
582218,Fail,0,,,P2,20,47,28
582243,Withdrawn,2,0.0,0.0,P2,20,47,28
582301,Fail,4,2.0,0.0,P2,20,47,28
582305,Pass,14,0.0,0.31724137931034485,P2,20,47,28
582390,Pass,9,2.0,0.10606060606060606,P2,20,47,28
582394,Pass,16,0.0,0.17783505154639176,P2,20,47,28
582406,Pass,7,3.0,0.47368421052631576,P2,20,47,28
582439,Fail,0,,,P2,20,47,28
582446,Pass,10,3.0,0.18617021276595744,P2,20,47,28
582474,Pass,9,0.0,0.0703125,P2,20,47,28
582574,Pass,11,0.0,0.3968253968253968,P2,20,47,28
582578,Pass,12,5.0,0.2727272727272727,P2,20,47,28
582591,Fail,26,0.0,0.3909348441926346,P2,20,47,28
582636,Pass,1,23.0,1.0,P2,20,47,28
582650,Pass,9,10.0,0.21875,P2,20,47,28
582833,Fail,1,17.0,0.0,P2,20,47,28
582878,Pass,2,21.0,1.0,P2,20,47,28
582940,Pass,6,0.0,0.5752212389380531,P2,20,47,28
582975,Pass,6,0.0,0.2,P2,20,47,28
583007,Fail,1,3.0,0.0,P2,20,47,28
583012,Pass,3,15.0,0.16666666666666666,P2,20,47,28
583039,Pass,10,0.0,0.09340659340659341,P2,20,47,28
583098,Fail,1,27.0,1.0,P2,20,47,28
583113,Fail,10,1.0,0.08433734939759036,P2,20,47,28
583142,Withdrawn,12,0.0,0.30612244897959184,P2,20,47,28
583191,Pass,7,9.0,0.0975609756097561,P2,20,47,28
583240,Fail,6,4.0,0.22857142857142856,P2,20,47,28
583255,Withdrawn,10,3.0,0.6328125,P2,20,47,28
583301,Fail,0,,,P2,20,47,28
583367,Fail,2,1.0,0.0,P2,20,47,28
583433,Pass,24,0.0,0.15566502463054188,P2,20,47,28
583459,Pass,5,1.0,0.9090909090909091,P2,20,47,28
583473,Pass,7,9.0,0.12359550561797752,P2,20,47,28
583534,Fail,1,24.0,1.0,P2,20,47,28
583598,Fail,6,16.0,0.53125,P2,20,47,28
583609,Pass,17,2.0,0.078125,P2,20,47,28
583645,Pass,9,5.0,0.3787878787878788,P2,20,47,28
583708,Pass,4,5.0,0.2413793103448276,P2,20,47,28
583873,Pass,20,3.0,0.375,P2,20,47,28
583964,Pass,6,6.0,0.10810810810810811,P2,20,47,28
583977,Fail,1,24.0,1.0,P2,20,47,28
584042,Pass,15,0.0,0.35772357723577236,P2,20,47,28
584178,Pass,3,1.0,0.875,P2,20,47,28
584238,Fail,7,5.0,0.3373493975903614,P2,20,47,28
584325,Withdrawn,13,3.0,0.24691358024691357,P2,20,47,28
584408,Fail,4,6.0,0.125,P2,20,47,28
584580,Pass,4,1.0,0.8225806451612904,P2,20,47,28
584611,Fail,3,4.0,0.0,P2,20,47,28
584735,Withdrawn,8,0.0,0.5942028985507246,P2,20,47,28
584766,Pass,14,0.0,0.12605042016806722,P2,20,47,28
584813,Pass,2,2.0,0.0,P2,20,47,28
585074,Fail,1,13.0,0.0,P2,20,47,28
585170,Pass,7,1.0,0.3793103448275862,P2,20,47,28
585212,Pass,11,0.0,0.3188405797101449,P2,20,47,28
585406,Pass,1,9.0,0.0,P2,20,47,28
585603,Pass,4,10.0,0.9473684210526315,P2,20,47,28
585611,Pass,10,2.0,0.18421052631578946,P2,20,47,28
585644,Pass,1,5.0,0.0,P2,20,47,28
585652,Pass,3,6.0,0.7894736842105263,P2,20,47,28
585693,Pass,24,0.0,0.2762541806020067,P2,20,47,28
585779,Pass,17,0.0,0.20261437908496732,P2,20,47,28
585816,Fail,3,1.0,0.1875,P2,20,47,28
585915,Fail,1,10.0,0.0,P2,20,47,28
585963,Fail,2,10.0,0.2,P2,20,47,28
586072,Fail,4,5.0,0.4444444444444444,P2,20,47,28
586078,Pass,2,14.0,0.7931034482758621,P2,20,47,28
586145,Fail,3,3.0,0.5,P2,20,47,28
586165,Fail,5,2.0,0.7727272727272727,P2,20,47,28
586346,Pass,17,0.0,0.4921259842519685,P2,20,47,28
586416,Pass,14,2.0,0.20802919708029197,P2,20,47,28
586440,Pass,8,2.0,0.3492063492063492,P2,20,47,28
586490,Fail,4,0.0,0.0,P2,20,47,28
586516,Withdrawn,8,3.0,0.10471204188481675,P2,20,47,28
586535,Pass,14,0.0,0.0,P2,20,47,28
586581,Pass,12,1.0,0.12,P2,20,47,28
586720,Fail,3,3.0,0.7619047619047619,P2,20,47,28
586742,Pass,5,6.0,0.2727272727272727,P2,20,47,28
586836,Fail,2,10.0,0.9285714285714286,P2,20,47,28
586843,Pass,17,4.0,0.7636986301369864,P2,20,47,28
586882,Fail,1,8.0,0.0,P2,20,47,28
586928,Fail,8,0.0,0.13636363636363635,P2,20,47,28
587051,Fail,2,10.0,0.8181818181818182,P2,20,47,28
587071,Fail,0,,,P2,20,47,28
587192,Pass,14,2.0,0.0,P2,20,47,28
587194,Fail,1,12.0,0.0,P2,20,47,28
587219,Withdrawn,22,0.0,0.2118380062305296,P2,20,47,28
587297,Pass,17,2.0,0.3729281767955801,P2,20,47,28
587409,Pass,1,27.0,1.0,P2,20,47,28
587418,Pass,23,0.0,0.4057142857142857,P2,20,47,28
587564,Pass,8,3.0,0.5789473684210527,P2,20,47,28
587702,Pass,19,0.0,0.03368421052631579,P2,20,47,28
587732,Pass,8,0.0,0.0,P2,20,47,28
587754,Pass,4,5.0,0.34782608695652173,P2,20,47,28
587755,Pass,4,10.0,0.18181818181818182,P2,20,47,28
587810,Pass,11,3.0,0.2459016393442623,P2,20,47,28
587824,Fail,2,4.0,0.0,P2,20,47,28
587838,Withdrawn,9,3.0,0.5248618784530387,P2,20,47,28
587923,Pass,9,3.0,0.4375,P2,20,47,28
587961,Fail,10,8.0,0.15825688073394495,P2,20,47,28
588265,Pass,2,23.0,1.0,P2,20,47,28
588321,Withdrawn,8,4.0,0.1744186046511628,P2,20,47,28
588355,Pass,2,17.0,0.6,P2,20,47,28
588432,Fail,1,21.0,1.0,P2,20,47,28
588642,Pass,7,4.0,0.4594594594594595,P2,20,47,28
588713,Fail,0,,,P2,20,47,28
588910,Pass,13,3.0,0.3050847457627119,P2,20,47,28
589067,Pass,6,3.0,0.3372093023255814,P2,20,47,28
589123,Pass,10,3.0,0.6612021857923497,P2,20,47,28
589154,Withdrawn,4,4.0,0.07142857142857142,P2,20,47,28
589296,Pass,26,0.0,0.2884927066450567,P2,20,47,28
589302,Pass,12,3.0,0.1,P2,20,47,28
589471,Withdrawn,13,0.0,0.21153846153846154,P2,20,47,28
589509,Pass,8,0.0,0.9052631578947369,P2,20,47,28
589903,Pass,8,3.0,0.2391304347826087,P2,20,47,28
589950,Pass,2,13.0,0.08,P2,20,47,28
590202,Pass,14,0.0,0.6504468718967229,P2,20,47,28
590231,Pass,21,0.0,0.019543973941368076,P2,20,47,28
590305,Withdrawn,0,,,P2,20,47,28
590308,Fail,4,1.0,0.08823529411764706,P2,20,47,28
590325,Pass,4,0.0,0.2,P2,20,47,28
590360,Fail,1,27.0,1.0,P2,20,47,28
590362,Pass,3,2.0,0.0,P2,20,47,28
590365,Fail,7,0.0,0.2112676056338028,P2,20,47,28
590372,Pass,7,4.0,0.23404255319148937,P2,20,47,28
590502,Fail,17,1.0,0.11695906432748537,P2,20,47,28
590625,Pass,9,1.0,0.36153846153846153,P2,20,47,28
590812,Withdrawn,9,0.0,0.0,P2,20,47,28
590867,Fail,2,6.0,0.7142857142857143,P2,20,47,28
590923,Fail,2,20.0,0.22727272727272727,P2,20,47,28
590931,Pass,15,0.0,0.2727272727272727,P2,20,47,28
591030,Pass,2,7.0,0.8125,P2,20,47,28
591034,Fail,7,1.0,0.6545454545454545,P2,20,47,28
591223,Pass,24,0.0,0.2540322580645161,P2,20,47,28
591257,Fail,10,5.0,0.2967741935483871,P2,20,47,28
591273,Pass,10,4.0,0.4731182795698925,P2,20,47,28
591410,Fail,1,27.0,1.0,P2,20,47,28
591414,Pass,10,0.0,0.6242774566473989,P2,20,47,28
591420,Pass,5,2.0,0.6058394160583942,P2,20,47,28
591440,Fail,0,,,P2,20,47,28
591558,Pass,12,0.0,0.021739130434782608,P2,20,47,28
591574,Pass,12,0.0,0.18691588785046728,P2,20,47,28
591589,Pass,3,16.0,0.2980769230769231,P2,20,47,28
591591,Fail,7,0.0,0.0,P2,20,47,28
591785,Fail,5,2.0,0.175,P2,20,47,28
591787,Pass,1,26.0,1.0,P2,20,47,28
591820,Pass,7,4.0,0.06521739130434782,P2,20,47,28
591895,Withdrawn,1,17.0,0.0,P2,20,47,28
591978,Fail,10,0.0,0.11818181818181818,P2,20,47,28
592081,Fail,16,0.0,0.24848484848484848,P2,20,47,28
592147,Pass,14,2.0,0.36585365853658536,P2,20,47,28
592205,Pass,3,11.0,0.9459459459459459,P2,20,47,28
592256,Fail,4,0.0,0.1388888888888889,P2,20,47,28
592290,Pass,4,7.0,0.9622641509433962,P2,20,47,28
592317,Pass,6,6.0,0.75,P2,20,47,28
592322,Pass,27,0.0,0.16056910569105692,P2,20,47,28
592441,Pass,10,7.0,0.4530386740331492,P2,20,47,28
592480,Pass,13,1.0,0.45121951219512196,P2,20,47,28
592496,Pass,18,3.0,0.18823529411764706,P2,20,47,28
592618,Pass,9,1.0,0.12359550561797752,P2,20,47,28
592624,Pass,5,0.0,0.0,P2,20,47,28
592772,Pass,9,0.0,0.2242152466367713,P2,20,47,28
592815,Withdrawn,19,2.0,0.15254237288135594,P2,20,47,28
592854,Pass,7,2.0,0.3490566037735849,P2,20,47,28
592900,Pass,10,0.0,0.510989010989011,P2,20,47,28
592949,Withdrawn,2,24.0,1.0,P2,20,47,28
593023,Pass,1,0.0,0.0,P2,20,47,28
593081,Pass,2,17.0,0.21052631578947367,P2,20,47,28
593189,Fail,4,3.0,0.0,P2,20,47,28
593281,Withdrawn,2,25.0,1.0,P2,20,47,28
593299,Fail,5,10.0,0.17647058823529413,P2,20,47,28
593385,Pass,14,0.0,0.38333333333333336,P2,20,47,28
593421,Pass,7,11.0,0.8240343347639485,P2,20,47,28
593427,Pass,10,2.0,0.248,P2,20,47,28
593440,Withdrawn,0,,,P2,20,47,28
593441,Withdrawn,7,5.0,0.49166666666666664,P2,20,47,28
593443,Withdrawn,1,1.0,0.0,P2,20,47,28
593444,Pass,7,5.0,0.24571428571428572,P2,20,47,28
593510,Pass,3,17.0,0.25806451612903225,P2,20,47,28
593513,Pass,4,1.0,0.8947368421052632,P2,20,47,28
593514,Fail,10,0.0,0.2441860465116279,P2,20,47,28
593593,Pass,2,3.0,0.0,P2,20,47,28
593613,Fail,6,4.0,0.07017543859649122,P2,20,47,28
593631,Pass,13,0.0,0.14788732394366197,P2,20,47,28
593685,Pass,1,26.0,1.0,P2,20,47,28
593692,Pass,15,0.0,0.2680722891566265,P2,20,47,28
593694,Pass,28,0.0,0.21568627450980393,P2,20,47,28
593695,Pass,3,6.0,0.38461538461538464,P2,20,47,28
593707,Withdrawn,8,0.0,0.5185185185185185,P2,20,47,28
593709,Fail,3,12.0,0.46875,P2,20,47,28
593711,Pass,0,,,P2,20,47,28
593712,Pass,9,1.0,0.4533333333333333,P2,20,47,28
593715,Pass,4,2.0,0.0,P2,20,47,28
593727,Pass,16,0.0,0.2890995260663507,P2,20,47,28
593743,Pass,10,4.0,0.37735849056603776,P2,20,47,28
593798,Pass,12,1.0,0.09333333333333334,P2,20,47,28
593871,Pass,11,2.0,0.6063348416289592,P2,20,47,28
593898,Pass,26,0.0,0.1864406779661017,P2,20,47,28
593900,Pass,8,0.0,0.20224719101123595,P2,20,47,28
593930,Withdrawn,1,1.0,0.0,P2,20,47,28
594015,Pass,10,1.0,0.6714285714285714,P2,20,47,28
594038,Fail,6,11.0,0.47368421052631576,P2,20,47,28
594043,Withdrawn,15,1.0,0.17,P2,20,47,28
594056,Pass,13,2.0,0.19166666666666668,P2,20,47,28
594456,Pass,14,2.0,0.1347517730496454,P2,20,47,28
594468,Pass,1,10.0,0.0,P2,20,47,28
594497,Fail,2,6.0,0.6190476190476191,P2,20,47,28
594677,Pass,9,2.0,0.592391304347826,P2,20,47,28
594697,Fail,2,3.0,0.5454545454545454,P2,20,47,28
594762,Pass,12,5.0,0.422360248447205,P2,20,47,28
594776,Pass,17,3.0,0.25862068965517243,P2,20,47,28
594845,Fail,9,1.0,0.33962264150943394,P2,20,47,28
594928,Pass,20,0.0,0.1377551020408163,P2,20,47,28
595010,Fail,2,4.0,0.0,P2,20,47,28
595094,Fail,0,,,P2,20,47,28
595103,Pass,11,2.0,0.2155688622754491,P2,20,47,28
595138,Pass,2,8.0,0.0,P2,20,47,28
595241,Fail,4,9.0,0.8775510204081632,P2,20,47,28
595295,Pass,0,,,P2,20,47,28
595298,Fail,2,20.0,0.56,P2,20,47,28
595345,Pass,4,23.0,1.0,P2,20,47,28
595436,Pass,6,3.0,0.6521739130434783,P2,20,47,28
595499,Fail,0,,,P2,20,47,28
595509,Fail,2,17.0,0.21739130434782608,P2,20,47,28
595570,Fail,15,0.0,0.4838709677419355,P2,20,47,28
595672,Fail,9,0.0,0.6164383561643836,P2,20,47,28
595678,Pass,4,10.0,0.15625,P2,20,47,28
595711,Fail,3,3.0,0.0,P2,20,47,28
595818,Pass,16,0.0,0.422680412371134,P2,20,47,28
595854,Pass,4,2.0,0.625,P2,20,47,28
595874,Pass,3,3.0,0.5333333333333333,P2,20,47,28
595877,Fail,1,2.0,0.0,P2,20,47,28
595925,Pass,7,6.0,0.02857142857142857,P2,20,47,28
596016,Fail,3,0.0,0.9264705882352942,P2,20,47,28
596017,Pass,7,9.0,0.21739130434782608,P2,20,47,28
596041,Withdrawn,1,16.0,0.0,P2,20,47,28
596100,Withdrawn,3,11.0,0.0,P2,20,47,28
596107,Pass,3,14.0,0.48484848484848486,P2,20,47,28
596108,Pass,9,2.0,0.2153846153846154,P2,20,47,28
596114,Pass,20,5.0,0.37906137184115524,P2,20,47,28
596144,Pass,4,3.0,0.045454545454545456,P2,20,47,28
596242,Pass,6,2.0,0.3333333333333333,P2,20,47,28
596275,Withdrawn,1,5.0,0.0,P2,20,47,28
596360,Fail,10,0.0,0.02877697841726619,P2,20,47,28
596372,Pass,7,6.0,0.0,P2,20,47,28
596390,Pass,4,5.0,0.09090909090909091,P2,20,47,28
596417,Pass,10,1.0,0.125,P2,20,47,28
596451,Pass,23,0.0,0.48667601683029454,P2,20,47,28
596535,Pass,6,0.0,0.0,P2,20,47,28
596596,Fail,9,0.0,0.11666666666666667,P2,20,47,28
596677,Fail,5,3.0,0.7,P2,20,47,28
596814,Fail,0,,,P2,20,47,28
596849,Fail,5,0.0,0.5263157894736842,P2,20,47,28
596892,Fail,7,1.0,0.0,P2,20,47,28
596897,Pass,3,12.0,0.9090909090909091,P2,20,47,28
596961,Fail,22,0.0,0.1059190031152648,P2,20,47,28
596964,Pass,15,0.0,0.23333333333333334,P2,20,47,28
597033,Fail,6,1.0,0.0,P2,20,47,28
597078,Fail,9,0.0,0.4222222222222222,P2,20,47,28
597142,Fail,0,,,P2,20,47,28
597255,Withdrawn,8,2.0,0.6388888888888888,P2,20,47,28
597301,Pass,15,0.0,0.12396694214876033,P2,20,47,28
597321,Withdrawn,2,6.0,0.0,P2,20,47,28
597451,Withdrawn,0,,,P2,20,47,28
597532,Withdrawn,11,1.0,0.4095238095238095,P2,20,47,28
597582,Fail,4,17.0,0.9333333333333333,P2,20,47,28
597689,Fail,12,1.0,0.3225806451612903,P2,20,47,28
597742,Pass,0,,,P2,20,47,28
597790,Pass,13,2.0,0.22929936305732485,P2,20,47,28
597866,Fail,6,0.0,0.5421686746987951,P2,20,47,28
597878,Pass,12,2.0,0.205607476635514,P2,20,47,28
597894,Pass,15,3.0,0.47276688453159044,P2,20,47,28
598000,Pass,11,13.0,0.5510204081632653,P2,20,47,28
598202,Fail,2,2.0,0.0,P2,20,47,28
598230,Pass,12,0.0,0.21370967741935484,P2,20,47,28
598243,Pass,13,0.0,0.31954887218045114,P2,20,47,28
598252,Pass,0,,,P2,20,47,28
598253,Pass,2,3.0,0.9444444444444444,P2,20,47,28
598260,Withdrawn,3,3.0,0.6862745098039216,P2,20,47,28
598351,Pass,1,24.0,1.0,P2,20,47,28
598462,Pass,1,24.0,1.0,P2,20,47,28
598503,Withdrawn,14,0.0,0.1437246963562753,P2,20,47,28
598538,Fail,1,4.0,0.0,P2,20,47,28
598562,Fail,0,,,P2,20,47,28
598623,Pass,9,2.0,0.3709677419354839,P2,20,47,28
598709,Pass,13,1.0,0.1934156378600823,P2,20,47,28
598760,Pass,9,1.0,0.6075949367088608,P2,20,47,28
598865,Pass,6,11.0,0.42857142857142855,P2,20,47,28
598907,Pass,26,1.0,0.28135593220338984,P2,20,47,28
598914,Pass,5,2.0,0.7333333333333333,P2,20,47,28
598969,Pass,18,5.0,0.10909090909090909,P2,20,47,28
598986,Fail,7,4.0,0.4,P2,20,47,28
599016,Pass,0,,,P2,20,47,28
599037,Pass,9,6.0,0.5719844357976653,P2,20,47,28
599292,Pass,19,0.0,0.3181818181818182,P2,20,47,28
599402,Pass,1,24.0,1.0,P2,20,47,28
599427,Fail,0,,,P2,20,47,28
599432,Withdrawn,4,4.0,0.6666666666666666,P2,20,47,28
599434,Fail,17,0.0,0.25510204081632654,P2,20,47,28
599639,Withdrawn,12,5.0,0.17592592592592593,P2,20,47,28
599640,Fail,0,,,P2,20,47,28
599644,Fail,8,8.0,0.0,P2,20,47,28
599709,Fail,16,2.0,0.43617021276595747,P2,20,47,28
599739,Pass,4,10.0,0.8461538461538461,P2,20,47,28
599748,Pass,3,2.0,0.5714285714285714,P2,20,47,28
599785,Pass,4,4.0,0.0,P2,20,47,28
599787,Pass,9,8.0,0.09230769230769231,P2,20,47,28
599794,Pass,27,0.0,0.3417085427135678,P2,20,47,28
599802,Fail,9,0.0,0.03375527426160337,P2,20,47,28
599836,Pass,10,5.0,0.07894736842105263,P2,20,47,28
599840,Fail,1,18.0,0.0,P2,20,47,28
599895,Pass,22,0.0,0.13372093023255813,P2,20,47,28
599908,Pass,10,4.0,0.03333333333333333,P2,20,47,28
599960,Withdrawn,0,,,P2,20,47,28
600121,Pass,28,0.0,0.13250883392226148,P2,20,47,28
600211,Fail,0,,,P2,20,47,28
600263,Fail,0,,,P2,20,47,28
600279,Pass,14,0.0,0.3891402714932127,P2,20,47,28
600370,Pass,13,6.0,0.24691358024691357,P2,20,47,28
600428,Withdrawn,1,23.0,1.0,P2,20,47,28
600449,Withdrawn,2,24.0,1.0,P2,20,47,28
600470,Fail,6,2.0,0.3953488372093023,P2,20,47,28
600476,Fail,0,,,P2,20,47,28
600541,Withdrawn,0,,,P2,20,47,28
600579,Withdrawn,2,0.0,0.0,P2,20,47,28
600740,Pass,4,3.0,0.03125,P2,20,47,28
600749,Fail,1,3.0,0.0,P2,20,47,28
600770,Fail,3,4.0,0.0,P2,20,47,28
600771,Pass,10,3.0,0.1834862385321101,P2,20,47,28
600845,Fail,0,,,P2,20,47,28
600966,Pass,7,2.0,0.07317073170731707,P2,20,47,28
600967,Fail,1,2.0,0.0,P2,20,47,28
600999,Fail,5,3.0,0.35294117647058826,P2,20,47,28
601251,Pass,10,0.0,0.20754716981132076,P2,20,47,28
601269,Pass,4,1.0,0.6148648648648649,P2,20,47,28
601455,Pass,4,2.0,0.5833333333333334,P2,20,47,28
601472,Withdrawn,12,1.0,0.5103448275862069,P2,20,47,28
601499,Pass,9,0.0,0.20883534136546184,P2,20,47,28
601504,Pass,27,1.0,0.21264367816091953,P2,20,47,28
601505,Fail,6,3.0,0.4461538461538462,P2,20,47,28
601551,Fail,7,3.0,0.5423728813559322,P2,20,47,28
601558,Fail,1,26.0,1.0,P2,20,47,28
601635,Pass,4,10.0,0.9,P2,20,47,28
601655,Pass,5,1.0,0.0,P2,20,47,28
601706,Withdrawn,14,1.0,0.3230088495575221,P2,20,47,28
601885,Pass,6,12.0,0.35185185185185186,P2,20,47,28
601887,Pass,4,3.0,0.625,P2,20,47,28
601896,Fail,4,1.0,0.6666666666666666,P2,20,47,28
601934,Fail,11,2.0,0.6608187134502924,P2,20,47,28
601951,Fail,17,0.0,0.37789203084832906,P2,20,47,28
602009,Pass,3,0.0,0.7777777777777778,P2,20,47,28
602014,Pass,10,2.0,0.10256410256410256,P2,20,47,28
602032,Fail,1,19.0,0.0,P2,20,47,28
602066,Pass,9,0.0,0.4927536231884058,P2,20,47,28
602147,Pass,1,25.0,1.0,P2,20,47,28
602245,Pass,23,0.0,0.28978388998035365,P2,20,47,28
602324,Fail,2,5.0,0.8,P2,20,47,28
602395,Pass,8,3.0,0.4032258064516129,P2,20,47,28
602458,Pass,9,5.0,0.7378640776699029,P2,20,47,28
602483,Fail,3,3.0,0.0,P2,20,47,28
602496,Pass,2,14.0,0.26666666666666666,P2,20,47,28
602598,Fail,1,25.0,1.0,P2,20,47,28
602739,Withdrawn,7,3.0,0.3877551020408163,P2,20,47,28
602767,Fail,2,10.0,0.0,P2,20,47,28
602826,Fail,15,4.0,0.11946902654867257,P2,20,47,28
603012,Pass,9,0.0,0.2755102040816326,P2,20,47,28
603035,Pass,2,5.0,0.7777777777777778,P2,20,47,28
603036,Pass,11,2.0,0.2620689655172414,P2,20,47,28
603038,Pass,1,21.0,1.0,P2,20,47,28
603123,Pass,3,2.0,0.9545454545454546,P2,20,47,28
603210,Pass,8,0.0,0.494949494949495,P2,20,47,28
603265,Fail,5,7.0,0.15151515151515152,P2,20,47,28
603270,Fail,12,0.0,0.4935897435897436,P2,20,47,28
603287,Pass,4,0.0,0.475,P2,20,47,28
603398,Pass,10,3.0,0.22058823529411764,P2,20,47,28
603440,Pass,12,3.0,0.5895522388059702,P2,20,47,28
603446,Pass,11,0.0,0.12682926829268293,P2,20,47,28
603601,Pass,17,4.0,0.3067226890756303,P2,20,47,28
603661,Pass,11,2.0,0.3978494623655914,P2,20,47,28
603818,Withdrawn,13,0.0,0.08280254777070063,P2,20,47,28
603908,Pass,7,0.0,0.0,P2,20,47,28
603910,Withdrawn,10,2.0,0.6451612903225806,P2,20,47,28
604095,Fail,2,8.0,0.5714285714285714,P2,20,47,28
604147,Fail,8,7.0,0.44329896907216493,P2,20,47,28
604154,Pass,6,1.0,0.0,P2,20,47,28
604187,Pass,11,0.0,0.5023923444976076,P2,20,47,28
604196,Pass,10,3.0,0.18518518518518517,P2,20,47,28
604200,Pass,28,0.0,0.29914933837429114,P2,20,47,28
604204,Pass,16,0.0,0.1164021164021164,P2,20,47,28
604238,Pass,16,0.0,0.4,P2,20,47,28
604292,Pass,17,0.0,0.32844243792325056,P2,20,47,28
604356,Pass,16,1.0,0.07772020725388601,P2,20,47,28
604543,Pass,7,3.0,0.006329113924050633,P2,20,47,28
604556,Pass,2,2.0,0.0,P2,20,47,28
604731,Fail,6,3.0,0.09836065573770492,P2,20,47,28
604752,Fail,6,1.0,0.0,P2,20,47,28
604916,Pass,17,2.0,0.4316546762589928,P2,20,47,28
604917,Pass,10,0.0,0.453781512605042,P2,20,47,28
604919,Pass,3,12.0,0.41935483870967744,P2,20,47,28
604921,Fail,23,0.0,0.09411764705882353,P2,20,47,28
604923,Fail,2,5.0,0.8333333333333334,P2,20,47,28
604932,Pass,4,0.0,0.6896551724137931,P2,20,47,28
604939,Fail,10,0.0,0.21678321678321677,P2,20,47,28
604942,Pass,7,4.0,0.7303370786516854,P2,20,47,28
604951,Fail,1,13.0,0.0,P2,20,47,28
604966,Pass,27,0.0,0.19033927544565843,P2,20,47,28
604982,Pass,9,0.0,0.15789473684210525,P2,20,47,28
605009,Pass,8,8.0,0.058823529411764705,P2,20,47,28
605102,Pass,5,7.0,0.5121951219512195,P2,20,47,28
605207,Pass,17,2.0,0.26582278481012656,P2,20,47,28
605246,Pass,2,11.0,0.0,P2,20,47,28
605255,Fail,14,0.0,0.45689655172413796,P2,20,47,28
605309,Fail,7,0.0,0.0,P2,20,47,28
605327,Fail,7,6.0,0.38738738738738737,P2,20,47,28
605390,Pass,10,4.0,0.5842105263157895,P2,20,47,28
605505,Withdrawn,2,25.0,1.0,P2,20,47,28
605594,Fail,2,23.0,1.0,P2,20,47,28
605595,Fail,2,6.0,0.5714285714285714,P2,20,47,28
605679,Pass,0,,,P2,20,47,28
605832,Pass,2,24.0,1.0,P2,20,47,28
605854,Fail,0,,,P2,20,47,28
605916,Pass,21,1.0,0.2529411764705882,P2,20,47,28
605930,Pass,1,3.0,0.0,P2,20,47,28
606063,Withdrawn,2,0.0,0.0,P2,20,47,28
606097,Pass,7,5.0,0.18309859154929578,P2,20,47,28
606194,Pass,16,0.0,0.07920792079207921,P2,20,47,28
606229,Pass,2,18.0,0.25,P2,20,47,28
606355,Withdrawn,17,0.0,0.18666666666666668,P2,20,47,28
606377,Pass,2,2.0,0.0,P2,20,47,28
606388,Withdrawn,5,0.0,0.04,P2,20,47,28
606410,Pass,6,1.0,0.1568627450980392,P2,20,47,28
606412,Pass,3,0.0,0.4,P2,20,47,28
606414,Pass,16,0.0,0.4228571428571429,P2,20,47,28
606420,Pass,13,0.0,0.2328767123287671,P2,20,47,28
606422,Pass,4,11.0,0.045454545454545456,P2,20,47,28
606458,Pass,3,9.0,0.7017543859649122,P2,20,47,28
606465,Pass,4,0.0,0.0,P2,20,47,28
606477,Withdrawn,0,,,P2,20,47,28
606546,Pass,5,0.0,0.5813953488372093,P2,20,47,28
606572,Pass,7,0.0,0.1506849315068493,P2,20,47,28
606651,Fail,1,24.0,1.0,P2,20,47,28
606685,Pass,14,0.0,0.6942148760330579,P2,20,47,28
606697,Pass,6,0.0,0.8412698412698413,P2,20,47,28
606736,Withdrawn,1,2.0,0.0,P2,20,47,28
606762,Fail,7,4.0,0.10344827586206896,P2,20,47,28
606827,Withdrawn,2,0.0,0.0,P2,20,47,28
607097,Pass,9,0.0,0.14666666666666667,P2,20,47,28
607286,Withdrawn,5,6.0,0.576271186440678,P2,20,47,28
607300,Fail,4,1.0,0.375,P2,20,47,28
607309,Withdrawn,15,0.0,0.17557251908396945,P2,20,47,28
607382,Fail,0,,,P2,20,47,28
607398,Fail,14,0.0,0.16666666666666666,P2,20,47,28
607493,Pass,9,0.0,0.671875,P2,20,47,28
607642,Pass,1,26.0,1.0,P2,20,47,28
607699,Fail,7,7.0,0.4098360655737705,P2,20,47,28
607725,Pass,1,10.0,0.0,P2,20,47,28
607735,Pass,13,2.0,0.5703422053231939,P2,20,47,28
607778,Pass,4,10.0,0.42857142857142855,P2,20,47,28
607804,Pass,4,5.0,0.0,P2,20,47,28
607808,Fail,5,8.0,0.2631578947368421,P2,20,47,28
607848,Withdrawn,11,1.0,0.30434782608695654,P2,20,47,28
607887,Pass,1,7.0,0.0,P2,20,47,28
607889,Pass,9,1.0,0.4883720930232558,P2,20,47,28
607914,Pass,18,0.0,0.0,P2,20,47,28
607937,Pass,25,0.0,0.13537906137184116,P2,20,47,28
608000,Pass,9,0.0,0.38926174496644295,P2,20,47,28
608041,Pass,6,1.0,0.5309734513274337,P2,20,47,28
608047,Pass,2,2.0,0.0,P2,20,47,28
608264,Pass,10,3.0,0.21768707482993196,P2,20,47,28
608419,Pass,12,1.0,0.5569620253164557,P2,20,47,28
608497,Withdrawn,0,,,P2,20,47,28
608564,Fail,0,,,P2,20,47,28
608578,Pass,9,1.0,0.42045454545454547,P2,20,47,28
608623,Pass,8,0.0,0.3717948717948718,P2,20,47,28
608647,Pass,4,13.0,0.07142857142857142,P2,20,47,28
608738,Fail,15,0.0,0.448,P2,20,47,28
608766,Pass,5,3.0,0.05,P2,20,47,28
608939,Fail,4,3.0,0.047619047619047616,P2,20,47,28
608942,Withdrawn,5,9.0,0.2222222222222222,P2,20,47,28
609010,Pass,1,0.0,0.0,P2,20,47,28
609046,Pass,11,4.0,0.1836734693877551,P2,20,47,28
609047,Fail,16,0.0,0.19183673469387755,P2,20,47,28
609230,Withdrawn,7,3.0,0.0,P2,20,47,28
609307,Pass,5,10.0,0.3472222222222222,P2,20,47,28
609422,Withdrawn,13,3.0,0.5164835164835165,P2,20,47,28
609510,Fail,0,,,P2,20,47,28
609679,Pass,8,1.0,0.2028985507246377,P2,20,47,28
609704,Pass,13,7.0,0.3961038961038961,P2,20,47,28
609764,Fail,3,5.0,0.96,P2,20,47,28
609804,Fail,2,1.0,0.5,P2,20,47,28
609812,Pass,3,3.0,0.0,P2,20,47,28
609815,Pass,5,2.0,0.26666666666666666,P2,20,47,28
609817,Pass,9,3.0,0.36363636363636365,P2,20,47,28
609850,Fail,5,0.0,0.20134228187919462,P2,20,47,28
609864,Pass,1,4.0,0.0,P2,20,47,28
609871,Pass,3,20.0,0.9722222222222222,P2,20,47,28
609873,Withdrawn,1,10.0,0.0,P2,20,47,28
609887,Fail,9,0.0,0.011494252873563218,P2,20,47,28
610059,Pass,6,4.0,0.0,P2,20,47,28
610260,Pass,9,3.0,0.22727272727272727,P2,20,47,28
610362,Pass,5,12.0,0.8095238095238095,P2,20,47,28
610423,Fail,7,5.0,0.0759493670886076,P2,20,47,28
610428,Pass,5,1.0,0.6323529411764706,P2,20,47,28
610553,Pass,7,0.0,0.07894736842105263,P2,20,47,28
610700,Fail,2,0.0,0.8636363636363636,P2,20,47,28
610725,Pass,1,26.0,1.0,P2,20,47,28
610731,Fail,3,12.0,0.07692307692307693,P2,20,47,28
610740,Fail,0,,,P2,20,47,28
610745,Pass,16,1.0,0.040983606557377046,P2,20,47,28
610751,Fail,1,6.0,0.0,P2,20,47,28
610763,Pass,1,17.0,0.0,P2,20,47,28
610776,Fail,2,11.0,0.11864406779661017,P2,20,47,28
610780,Fail,1,27.0,1.0,P2,20,47,28
610802,Withdrawn,10,2.0,0.3698630136986301,P2,20,47,28
610804,Fail,1,25.0,1.0,P2,20,47,28
610906,Pass,8,2.0,0.16666666666666666,P2,20,47,28
611004,Fail,3,23.0,1.0,P2,20,47,28
611012,Pass,8,2.0,0.11764705882352941,P2,20,47,28
611017,Pass,8,5.0,0.0963855421686747,P2,20,47,28
611023,Pass,2,13.0,0.4,P2,20,47,28
611048,Fail,1,3.0,0.0,P2,20,47,28
611051,Fail,3,4.0,0.10526315789473684,P2,20,47,28
611060,Pass,3,6.0,0.7547169811320755,P2,20,47,28
611096,Fail,0,,,P2,20,47,28
611182,Fail,1,27.0,1.0,P2,20,47,28
611228,Pass,4,3.0,0.625,P2,20,47,28
611268,Fail,4,2.0,0.2606060606060606,P2,20,47,28
611345,Withdrawn,0,,,P2,20,47,28
611531,Pass,23,0.0,0.2993311036789298,P2,20,47,28
611688,Pass,14,1.0,0.38934426229508196,P2,20,47,28
611690,Pass,5,5.0,0.12,P2,20,47,28
612210,Pass,6,10.0,0.1724137931034483,P2,20,47,28
612217,Pass,1,13.0,0.0,P2,20,47,28
612252,Pass,7,7.0,0.2535211267605634,P2,20,47,28
612255,Pass,8,9.0,0.02830188679245283,P2,20,47,28
612355,Pass,9,1.0,0.5,P2,20,47,28
612361,Pass,9,1.0,0.22627737226277372,P2,20,47,28
612484,Pass,21,0.0,0.35526315789473684,P2,20,47,28
612517,Pass,4,3.0,0.9047619047619048,P2,20,47,28
612684,Pass,8,2.0,0.6407185628742516,P2,20,47,28
612757,Pass,9,1.0,0.29411764705882354,P2,20,47,28
612891,Pass,16,0.0,0.26523297491039427,P2,20,47,28
613051,Fail,1,13.0,0.0,P2,20,47,28
613158,Pass,15,0.0,0.25139664804469275,P2,20,47,28
613162,Withdrawn,1,3.0,0.0,P2,20,47,28
613171,Pass,8,0.0,0.0136986301369863,P2,20,47,28
613173,Pass,6,3.0,0.5597014925373134,P2,20,47,28
613175,Fail,2,0.0,0.0,P2,20,47,28
613177,Pass,14,1.0,0.31976744186046513,P2,20,47,28
613191,Withdrawn,4,1.0,0.0,P2,20,47,28
613196,Pass,6,8.0,0.1527777777777778,P2,20,47,28
613199,Withdrawn,12,7.0,0.16842105263157894,P2,20,47,28
613200,Pass,8,1.0,0.20634920634920634,P2,20,47,28
613208,Pass,5,14.0,0.9949238578680203,P2,20,47,28
613293,Pass,3,4.0,0.0,P2,20,47,28
613298,Withdrawn,4,3.0,0.0,P2,20,47,28
613416,Pass,6,1.0,0.0,P2,20,47,28
613418,Pass,13,0.0,0.031496062992125984,P2,20,47,28
613738,Pass,14,0.0,0.038461538461538464,P2,20,47,28
614013,Pass,1,13.0,0.0,P2,20,47,28
614064,Pass,9,4.0,0.6833333333333333,P2,20,47,28
614068,Withdrawn,9,8.0,0.36024844720496896,P2,20,47,28
614072,Pass,15,1.0,0.09859154929577464,P2,20,47,28
614148,Fail,2,4.0,0.875,P2,20,47,28
614556,Pass,7,6.0,0.6339869281045751,P2,20,47,28
615148,Withdrawn,2,9.0,0.75,P2,20,47,28
616342,Pass,5,6.0,0.375,P2,20,47,28
616735,Pass,6,11.0,0.52,P2,20,47,28
617116,Pass,2,25.0,1.0,P2,20,47,28
617472,Pass,7,6.0,0.36231884057971014,P2,20,47,28
619082,Pass,21,0.0,0.6261682242990654,P2,20,47,28
619941,Pass,16,2.0,0.29445234708392604,P2,20,47,28
1105438,Pass,6,0.0,0.4541984732824427,P2,20,47,28
1399285,Pass,15,0.0,0.15757575757575756,P2,20,47,28
1405594,Pass,21,0.0,0.34806629834254144,P2,20,47,28
1411627,Pass,18,0.0,0.0,P2,20,47,28
1413989,Withdrawn,1,9.0,0.0,P2,20,47,28
1421720,Pass,9,0.0,0.06201550387596899,P2,20,47,28
1440341,Pass,12,1.0,0.3968253968253968,P2,20,47,28
1467014,Pass,14,3.0,0.30714285714285716,P2,20,47,28
1503056,Pass,5,4.0,0.0,P2,20,47,28
1521687,Fail,5,1.0,0.03125,P2,20,47,28
1536774,Pass,17,0.0,0.07777777777777778,P2,20,47,28
1541133,Fail,22,0.0,0.3238095238095238,P2,20,47,28
1594621,Pass,2,21.0,1.0,P2,20,47,28
1627017,Pass,13,4.0,0.3793103448275862,P2,20,47,28
1695710,Pass,4,0.0,0.12987012987012986,P2,20,47,28
1731564,Pass,13,0.0,0.375,P2,20,47,28
1778145,Pass,8,7.0,0.21428571428571427,P2,20,47,28
1781804,Fail,1,10.0,0.0,P2,20,47,28
1797168,Pass,4,2.0,0.21428571428571427,P2,20,47,28
1866742,Withdrawn,2,4.0,0.0,P2,20,47,28
1903677,Pass,2,0.0,0.4174757281553398,P2,20,47,28
1910175,Pass,8,6.0,0.06329113924050633,P2,20,47,28
1935487,Withdrawn,2,5.0,0.0,P2,20,47,28
1946308,Pass,17,0.0,0.5535714285714286,P2,20,47,28
1963287,Fail,2,22.0,1.0,P2,20,47,28
1990650,Fail,1,3.0,0.0,P2,20,47,28
1993672,Withdrawn,1,27.0,1.0,P2,20,47,28
1998790,Fail,3,8.0,0.9655172413793104,P2,20,47,28
2001687,Pass,14,0.0,0.12244897959183673,P2,20,47,28
2002046,Pass,14,3.0,0.08247422680412371,P2,20,47,28
2006283,Pass,2,19.0,0.7073170731707317,P2,20,47,28
2023561,Withdrawn,3,12.0,0.6935483870967742,P2,20,47,28
2029037,Pass,12,7.0,0.087248322147651,P2,20,47,28
2034300,Pass,3,2.0,0.5714285714285714,P2,20,47,28
2044036,Fail,1,10.0,0.0,P2,20,47,28
2056947,Fail,1,0.0,0.0,P2,20,47,28
2061889,Pass,0,,,P2,20,47,28
2062995,Pass,11,1.0,0.14743589743589744,P2,20,47,28
2072166,Withdrawn,2,4.0,0.0,P2,20,47,28
2078768,Pass,6,10.0,0.3492063492063492,P2,20,47,28
2083576,Pass,10,0.0,0.1724137931034483,P2,20,47,28
2095379,Pass,5,11.0,0.3484848484848485,P2,20,47,28
2111015,Pass,12,0.0,0.2,P2,20,47,28
2111666,Withdrawn,11,0.0,0.1694915254237288,P2,20,47,28
2115711,Pass,16,0.0,0.6509090909090909,P2,20,47,28
2128304,Pass,9,1.0,0.7666666666666667,P2,20,47,28
2132966,Pass,5,1.0,0.5,P2,20,47,28
2140444,Fail,12,0.0,0.08080808080808081,P2,20,47,28
2147687,Fail,6,2.0,0.6493506493506493,P2,20,47,28
2147929,Pass,5,10.0,0.9176470588235294,P2,20,47,28
2153026,Withdrawn,7,0.0,0.2786885245901639,P2,20,47,28
2160453,Pass,18,1.0,0.3118811881188119,P2,20,47,28
2164944,Fail,3,4.0,0.3111111111111111,P2,20,47,28
2174835,Pass,3,10.0,0.7241379310344828,P2,20,47,28
2192113,Withdrawn,0,,,P2,20,47,28
2196054,Pass,20,0.0,0.05737704918032787,P2,20,47,28
2210666,Fail,4,1.0,0.14516129032258066,P2,20,47,28
2211448,Fail,0,,,P2,20,47,28
2211630,Withdrawn,4,12.0,0.0,P2,20,47,28
2214631,Pass,7,4.0,0.5764705882352941,P2,20,47,28
2225190,Fail,0,,,P2,20,47,28
2226301,Pass,12,0.0,0.5504587155963303,P2,20,47,28
2227004,Withdrawn,0,,,P2,20,47,28
2229783,Fail,8,0.0,0.21,P2,20,47,28
2239140,Fail,3,0.0,0.0,P2,20,47,28
2242290,Fail,7,0.0,0.5836909871244635,P2,20,47,28
2262671,Fail,0,,,P2,20,47,28
2266650,Fail,2,0.0,0.0,P2,20,47,28
2271644,Pass,1,4.0,0.0,P2,20,47,28
2273256,Withdrawn,21,0.0,0.16376306620209058,P2,20,47,28
2280314,Pass,15,0.0,0.6777777777777778,P2,20,47,28
2282129,Fail,1,24.0,1.0,P2,20,47,28
2284583,Pass,5,6.0,0.5,P2,20,47,28
2294490,Fail,12,0.0,0.0,P2,20,47,28
2318763,Fail,14,2.0,0.2824858757062147,P2,20,47,28
2320306,Pass,22,0.0,0.3732590529247911,P2,20,47,28
2334319,Pass,20,0.0,0.44959128065395093,P2,20,47,28
2346025,Fail,0,,,P2,20,47,28
2349825,Withdrawn,9,2.0,0.825,P2,20,47,28
2363875,Pass,5,8.0,0.6,P2,20,47,28
2382253,Fail,12,0.0,0.2018348623853211,P2,20,47,28
2392824,Pass,5,4.0,0.12962962962962962,P2,20,47,28
2396786,Fail,3,9.0,0.4642857142857143,P2,20,47,28
2400851,Pass,11,3.0,0.1956521739130435,P2,20,47,28
2411595,Pass,11,4.0,0.4868421052631579,P2,20,47,28
2416774,Pass,12,0.0,0.11666666666666667,P2,20,47,28
2420909,Pass,1,15.0,0.0,P2,20,47,28
2421929,Fail,11,2.0,0.2767857142857143,P2,20,47,28
2425156,Pass,5,11.0,0.017857142857142856,P2,20,47,28
2444641,Fail,7,4.0,0.10810810810810811,P2,20,47,28
2451269,Pass,11,0.0,0.5679012345679012,P2,20,47,28
2452289,Pass,8,0.0,0.02564102564102564,P2,20,47,28
2453657,Fail,8,0.0,0.20930232558139536,P2,20,47,28
2455066,Pass,16,1.0,0.3166144200626959,P2,20,47,28
2455578,Pass,9,7.0,0.6770833333333334,P2,20,47,28
2459051,Fail,1,12.0,0.0,P2,20,47,28
2460002,Fail,0,,,P2,20,47,28
2463213,Pass,22,2.0,0.25232558139534883,P2,20,47,28
2463950,Pass,4,3.0,0.0,P2,20,47,28
2464683,Pass,7,3.0,0.21621621621621623,P2,20,47,28
2468280,Pass,2,13.0,0.0,P2,20,47,28
2510414,Fail,1,1.0,0.0,P2,20,47,28
2512392,Pass,1,26.0,1.0,P2,20,47,28
2514379,Fail,6,4.0,0.7297297297297297,P2,20,47,28
2528352,Fail,7,0.0,0.14814814814814814,P2,20,47,28
2529306,Fail,5,0.0,0.4696969696969697,P2,20,47,28
2532647,Fail,6,5.0,0.10256410256410256,P2,20,47,28
2544448,Fail,13,0.0,0.06622516556291391,P2,20,47,28
2550290,Fail,8,0.0,0.0,P2,20,47,28
2553890,Pass,19,0.0,0.2696078431372549,P2,20,47,28
2557885,Withdrawn,1,3.0,0.0,P2,20,47,28
2564744,Pass,2,7.0,0.0,P2,20,47,28
2567158,Pass,17,3.0,0.38317757009345793,P2,20,47,28
2573353,Fail,21,0.0,0.3270440251572327,P2,20,47,28
2575994,Fail,1,10.0,0.0,P2,20,47,28
2578802,Pass,7,0.0,0.8632478632478633,P2,20,47,28
2579673,Fail,0,,,P2,20,47,28
2583791,Fail,6,5.0,0.5373134328358209,P2,20,47,28
2584834,Pass,10,1.0,0.03759398496240601,P2,20,47,28
2585937,Pass,10,1.0,0.13541666666666666,P2,20,47,28
2587329,Pass,9,0.0,0.5223880597014925,P2,20,47,28
2588742,Pass,7,1.0,0.05263157894736842,P2,20,47,28
2591421,Pass,3,19.0,0.8461538461538461,P2,20,47,28
2607641,Pass,10,4.0,0.11009174311926606,P2,20,47,28
2617839,Pass,5,1.0,0.3548387096774194,P2,20,47,28
2620279,Withdrawn,4,0.0,0.20512820512820512,P2,20,47,28
2625315,Fail,15,2.0,0.2281119714115545,P2,20,47,28
2631545,Fail,0,,,P2,20,47,28
2638377,Pass,17,2.0,0.3111111111111111,P2,20,47,28
2642717,Pass,22,0.0,0.33031674208144796,P2,20,47,28
2650236,Fail,0,,,P2,20,47,28
2656860,Withdrawn,14,0.0,0.26548672566371684,P2,20,47,28
2662716,Fail,3,7.0,0.0,P2,20,47,28
2664036,Fail,1,3.0,0.0,P2,20,47,28
2680344,Pass,11,0.0,0.3258426966292135,P2,20,47,28
2691100,Pass,10,0.0,0.22580645161290322,P2,20,47,28
2691566,Fail,0,,,P2,20,47,28
27759,Fail,5,2.0,0.1111111111111111,P3,48,96,49
30091,Pass,19,4.0,0.009259259259259259,P3,48,96,49
31014,Withdrawn,11,0.0,0.012345679012345678,P3,48,96,49
31849,Pass,11,1.0,0.22435897435897437,P3,48,96,49
37622,Pass,6,6.0,0.6756756756756757,P3,48,96,49
38234,Fail,0,,,P3,48,96,49
47855,Withdrawn,1,2.0,0.0,P3,48,96,49
48040,Pass,26,0.0,0.15614617940199335,P3,48,96,49
48503,Pass,9,0.0,0.08045977011494253,P3,48,96,49
52797,Pass,9,2.0,0.4625,P3,48,96,49
52899,Pass,17,0.0,0.12935323383084577,P3,48,96,49
55026,Pass,3,5.0,0.0,P3,48,96,49
56340,Fail,0,,,P3,48,96,49
56789,Pass,9,6.0,0.2077922077922078,P3,48,96,49
57079,Fail,15,0.0,0.08444444444444445,P3,48,96,49
63044,Fail,1,48.0,1.0,P3,48,96,49
68556,Fail,5,26.0,0.3225806451612903,P3,48,96,49
73489,Pass,17,2.0,0.25691699604743085,P3,48,96,49
84812,Pass,9,2.0,0.33707865168539325,P3,48,96,49
86291,Fail,1,17.0,0.0,P3,48,96,49
90243,Pass,9,0.0,0.4620253164556962,P3,48,96,49
96475,Pass,7,2.0,0.2898550724637681,P3,48,96,49
97567,Pass,8,4.0,0.5737704918032787,P3,48,96,49
98268,Pass,12,0.0,0.3817204301075269,P3,48,96,49
98720,Pass,9,1.0,0.19,P3,48,96,49
100282,Withdrawn,0,,,P3,48,96,49
105527,Pass,13,2.0,0.2392638036809816,P3,48,96,49
105851,Pass,8,3.0,0.31654676258992803,P3,48,96,49
105883,Pass,28,0.0,0.0,P3,48,96,49
108118,Pass,6,3.0,0.21138211382113822,P3,48,96,49
108760,Fail,18,0.0,0.195906432748538,P3,48,96,49
109372,Pass,22,0.0,0.3087719298245614,P3,48,96,49
109782,Withdrawn,6,7.0,0.7441860465116279,P3,48,96,49
111942,Pass,10,8.0,0.021052631578947368,P3,48,96,49
119898,Pass,2,6.0,0.5588235294117647,P3,48,96,49
123716,Pass,31,0.0,0.10784313725490197,P3,48,96,49
124909,Pass,29,0.0,0.03571428571428571,P3,48,96,49
128386,Fail,3,6.0,0.875,P3,48,96,49
128889,Pass,38,0.0,0.24260355029585798,P3,48,96,49
131051,Pass,13,3.0,0.44360902255639095,P3,48,96,49
132626,Withdrawn,8,0.0,0.0,P3,48,96,49
134563,Pass,22,0.0,0.32936507936507936,P3,48,96,49
138289,Fail,7,4.0,0.15384615384615385,P3,48,96,49
138920,Fail,8,2.0,0.1864406779661017,P3,48,96,49
139549,Pass,4,5.0,0.34,P3,48,96,49
141949,Pass,7,5.0,0.029411764705882353,P3,48,96,49
146165,Pass,2,46.0,1.0,P3,48,96,49
146600,Pass,4,25.0,0.4642857142857143,P3,48,96,49
151800,Fail,1,48.0,1.0,P3,48,96,49
151917,Fail,15,0.0,0.09565217391304348,P3,48,96,49
153704,Fail,5,9.0,0.18181818181818182,P3,48,96,49
154011,Pass,2,24.0,0.0,P3,48,96,49
154570,Withdrawn,45,0.0,0.23399503722084367,P3,48,96,49
156311,Pass,5,44.0,1.0,P3,48,96,49
157060,Pass,4,0.0,0.34210526315789475,P3,48,96,49
157795,Pass,23,1.0,0.06785714285714285,P3,48,96,49
169213,Pass,7,2.0,0.2222222222222222,P3,48,96,49
174222,Pass,16,1.0,0.0226628895184136,P3,48,96,49
174440,Fail,7,5.0,0.3333333333333333,P3,48,96,49
174487,Pass,5,3.0,0.3673469387755102,P3,48,96,49
178738,Fail,1,45.0,1.0,P3,48,96,49
178963,Pass,2,6.0,0.45454545454545453,P3,48,96,49
179254,Fail,3,5.0,0.5,P3,48,96,49
182661,Pass,1,48.0,1.0,P3,48,96,49
188026,Fail,8,10.0,0.3,P3,48,96,49
189095,Fail,8,0.0,0.0,P3,48,96,49
191269,Pass,14,0.0,0.1079136690647482,P3,48,96,49
193215,Fail,11,0.0,0.0,P3,48,96,49
195096,Pass,1,47.0,1.0,P3,48,96,49
197240,Pass,6,0.0,0.6326530612244898,P3,48,96,49
197412,Pass,9,3.0,0.232,P3,48,96,49
197759,Pass,24,0.0,0.12554112554112554,P3,48,96,49
199663,Pass,11,2.0,0.0,P3,48,96,49
202879,Fail,0,,,P3,48,96,49
203640,Pass,2,3.0,0.9444444444444444,P3,48,96,49
205788,Pass,19,1.0,0.06046511627906977,P3,48,96,49
227416,Fail,2,6.0,0.48936170212765956,P3,48,96,49
230081,Pass,19,3.0,0.023809523809523808,P3,48,96,49
231959,Withdrawn,2,0.0,0.0,P3,48,96,49
233317,Pass,12,3.0,0.1657754010695187,P3,48,96,49
233752,Pass,49,0.0,0.12538040170419965,P3,48,96,49
233957,Fail,3,2.0,0.6086956521739131,P3,48,96,49
234929,Fail,8,4.0,0.18888888888888888,P3,48,96,49
240993,Pass,25,2.0,0.14418604651162792,P3,48,96,49
241338,Fail,3,20.0,0.8888888888888888,P3,48,96,49
242149,Fail,2,4.0,0.9444444444444444,P3,48,96,49
242893,Withdrawn,3,6.0,0.5945945945945946,P3,48,96,49
243851,Pass,25,1.0,0.0625,P3,48,96,49
243909,Fail,0,,,P3,48,96,49
243992,Pass,5,5.0,0.3170731707317073,P3,48,96,49
245987,Pass,2,1.0,0.8064516129032258,P3,48,96,49
247902,Pass,8,2.0,0.29577464788732394,P3,48,96,49
248716,Pass,9,0.0,0.13580246913580246,P3,48,96,49
248800,Withdrawn,0,,,P3,48,96,49
251815,Fail,0,,,P3,48,96,49
252257,Pass,7,10.0,0.6753246753246753,P3,48,96,49
252652,Withdrawn,9,3.0,0.4496124031007752,P3,48,96,49
253577,Pass,20,2.0,0.48303393213572854,P3,48,96,49
256998,Pass,3,1.0,0.3111111111111111,P3,48,96,49
260179,Pass,2,7.0,0.0,P3,48,96,49
261332,Fail,7,2.0,0.0,P3,48,96,49
261466,Pass,13,1.0,0.22033898305084745,P3,48,96,49
262639,Pass,9,3.0,0.17142857142857143,P3,48,96,49
264152,Pass,28,0.0,0.056084656084656084,P3,48,96,49
264744,Pass,2,5.0,0.0,P3,48,96,49
265170,Fail,7,2.0,0.34146341463414637,P3,48,96,49
266564,Pass,5,3.0,0.6140350877192983,P3,48,96,49
266744,Withdrawn,13,0.0,0.21100917431192662,P3,48,96,49
268589,Pass,26,0.0,0.0,P3,48,96,49
269204,Pass,19,2.0,0.2907268170426065,P3,48,96,49
270646,Pass,3,26.0,0.0,P3,48,96,49
272172,Fail,6,3.0,0.0,P3,48,96,49
272617,Withdrawn,0,,,P3,48,96,49
274247,Fail,1,31.0,0.0,P3,48,96,49
274971,Pass,8,1.0,0.25862068965517243,P3,48,96,49
276925,Withdrawn,11,1.0,0.2546583850931677,P3,48,96,49
277537,Fail,0,,,P3,48,96,49
278272,Fail,6,2.0,0.5,P3,48,96,49
278794,Pass,4,1.0,0.2857142857142857,P3,48,96,49
280140,Fail,0,,,P3,48,96,49
280151,Fail,2,2.0,0.0,P3,48,96,49
282785,Withdrawn,1,4.0,0.0,P3,48,96,49
284906,Pass,3,9.0,0.0,P3,48,96,49
285050,Fail,16,1.0,0.4742268041237113,P3,48,96,49
286690,Fail,4,24.0,0.6326530612244898,P3,48,96,49
287309,Pass,17,4.0,0.14953271028037382,P3,48,96,49
287679,Pass,17,0.0,0.50997150997151,P3,48,96,49
289753,Withdrawn,1,4.0,0.0,P3,48,96,49
289965,Fail,3,9.0,0.0,P3,48,96,49
292537,Pass,8,4.0,0.38596491228070173,P3,48,96,49
293760,Pass,4,11.0,0.6724137931034483,P3,48,96,49
301583,Fail,0,,,P3,48,96,49
301987,Pass,20,0.0,0.4158415841584158,P3,48,96,49
303331,Withdrawn,22,0.0,0.49836065573770494,P3,48,96,49
303617,Fail,1,31.0,0.0,P3,48,96,49
305173,Fail,0,,,P3,48,96,49
305935,Fail,0,,,P3,48,96,49
306964,Pass,11,1.0,0.06944444444444445,P3,48,96,49
308509,Fail,0,,,P3,48,96,49
308703,Withdrawn,5,11.0,0.0,P3,48,96,49
308852,Withdrawn,1,34.0,0.0,P3,48,96,49
310125,Withdrawn,0,,,P3,48,96,49
310933,Pass,7,1.0,0.05660377358490566,P3,48,96,49
314850,Withdrawn,13,0.0,0.0,P3,48,96,49
316076,Pass,16,0.0,0.31203007518796994,P3,48,96,49
318848,Pass,6,11.0,0.12987012987012986,P3,48,96,49
319618,Pass,8,3.0,0.29245283018867924,P3,48,96,49
320051,Pass,2,3.0,0.4411764705882353,P3,48,96,49
320757,Pass,12,2.0,0.5887850467289719,P3,48,96,49
323090,Pass,6,2.0,0.03571428571428571,P3,48,96,49
323606,Pass,9,2.0,0.2222222222222222,P3,48,96,49
324319,Withdrawn,0,,,P3,48,96,49
324614,Withdrawn,4,7.0,0.058823529411764705,P3,48,96,49
325887,Pass,19,0.0,0.2987012987012987,P3,48,96,49
329030,Fail,3,6.0,0.56,P3,48,96,49
333117,Withdrawn,9,0.0,0.015625,P3,48,96,49
333651,Withdrawn,8,11.0,0.0759493670886076,P3,48,96,49
335136,Fail,17,0.0,0.176056338028169,P3,48,96,49
335481,Fail,0,,,P3,48,96,49
336478,Pass,8,7.0,0.1875,P3,48,96,49
336646,Fail,0,,,P3,48,96,49
337151,Pass,17,0.0,0.21674876847290642,P3,48,96,49
338741,Pass,13,1.0,0.38571428571428573,P3,48,96,49
339494,Pass,9,3.0,0.4605263157894737,P3,48,96,49
339608,Pass,2,3.0,0.48148148148148145,P3,48,96,49
340911,Pass,4,9.0,0.2872340425531915,P3,48,96,49
340965,Pass,7,1.0,0.125,P3,48,96,49
342685,Pass,9,1.0,0.010416666666666666,P3,48,96,49
344568,Pass,7,4.0,0.5609756097560976,P3,48,96,49
345128,Fail,9,0.0,0.345679012345679,P3,48,96,49
349554,Pass,16,0.0,0.14468085106382977,P3,48,96,49
349675,Fail,1,41.0,0.0,P3,48,96,49
352112,Pass,3,9.0,0.125,P3,48,96,49
352339,Withdrawn,4,3.0,0.0,P3,48,96,49
352688,Pass,8,2.0,0.21621621621621623,P3,48,96,49
354779,Pass,5,5.0,0.16,P3,48,96,49
360876,Fail,0,,,P3,48,96,49
364666,Fail,1,20.0,0.0,P3,48,96,49
364871,Pass,10,13.0,0.28205128205128205,P3,48,96,49
365169,Pass,22,1.0,0.043668122270742356,P3,48,96,49
365631,Pass,15,3.0,0.11180124223602485,P3,48,96,49
366524,Pass,16,0.0,0.13333333333333333,P3,48,96,49
367433,Pass,3,3.0,0.44155844155844154,P3,48,96,49
368077,Pass,23,1.0,0.3803680981595092,P3,48,96,49
369986,Pass,3,2.0,0.4634146341463415,P3,48,96,49
370859,Pass,19,0.0,0.31446540880503143,P3,48,96,49
371888,Withdrawn,0,,,P3,48,96,49
372172,Fail,1,1.0,0.0,P3,48,96,49
372658,Pass,9,11.0,0.14285714285714285,P3,48,96,49
373174,Fail,3,4.0,0.0,P3,48,96,49
373269,Fail,11,4.0,0.2923728813559322,P3,48,96,49
373807,Fail,28,0.0,0.28363636363636363,P3,48,96,49
373848,Pass,9,4.0,0.26732673267326734,P3,48,96,49
374038,Fail,6,5.0,0.03225806451612903,P3,48,96,49
375960,Pass,3,5.0,0.4,P3,48,96,49
378721,Withdrawn,0,,,P3,48,96,49
379210,Fail,10,2.0,0.15,P3,48,96,49
379983,Fail,0,,,P3,48,96,49
380205,Fail,2,3.0,0.0,P3,48,96,49
380240,Fail,14,0.0,0.3225806451612903,P3,48,96,49
381541,Pass,27,0.0,0.048701298701298704,P3,48,96,49
381669,Pass,13,2.0,0.24528301886792453,P3,48,96,49
382575,Fail,10,1.0,0.015748031496062992,P3,48,96,49
382920,Pass,23,2.0,0.15865384615384615,P3,48,96,49
383303,Fail,2,4.0,0.5609756097560976,P3,48,96,49
385040,Fail,1,1.0,0.0,P3,48,96,49
385820,Pass,15,0.0,0.27624309392265195,P3,48,96,49
386889,Pass,5,1.0,0.0,P3,48,96,49
387700,Fail,4,5.0,0.41025641025641024,P3,48,96,49
388052,Pass,1,3.0,0.0,P3,48,96,49
388432,Fail,13,1.0,0.0,P3,48,96,49
388549,Fail,0,,,P3,48,96,49
388975,Fail,8,5.0,0.0,P3,48,96,49
389471,Fail,13,4.0,0.17763157894736842,P3,48,96,49
390958,Pass,6,0.0,0.4146341463414634,P3,48,96,49
392281,Fail,11,0.0,0.38235294117647056,P3,48,96,49
393327,Pass,17,4.0,0.09420289855072464,P3,48,96,49
395073,Fail,5,1.0,0.8958333333333334,P3,48,96,49
395715,Withdrawn,32,0.0,0.10043668122270742,P3,48,96,49
398891,Pass,9,4.0,0.04081632653061224,P3,48,96,49
398956,Fail,1,9.0,0.0,P3,48,96,49
402993,Pass,14,1.0,0.28,P3,48,96,49
404269,Pass,6,0.0,0.4864864864864865,P3,48,96,49
404708,Pass,8,3.0,0.5286624203821656,P3,48,96,49
405945,Pass,12,3.0,0.07958477508650519,P3,48,96,49
408975,Pass,2,3.0,0.0,P3,48,96,49
409160,Fail,0,,,P3,48,96,49
409930,Pass,8,0.0,0.136986301369863,P3,48,96,49
409945,Pass,7,3.0,0.2631578947368421,P3,48,96,49
410052,Pass,4,5.0,0.5742574257425742,P3,48,96,49
410281,Fail,12,0.0,0.08837209302325581,P3,48,96,49
410537,Pass,10,6.0,0.06666666666666667,P3,48,96,49
410842,Pass,4,26.0,0.6428571428571429,P3,48,96,49
411226,Withdrawn,1,9.0,0.0,P3,48,96,49
411642,Pass,7,3.0,0.02857142857142857,P3,48,96,49
415216,Pass,3,8.0,0.09523809523809523,P3,48,96,49
415546,Fail,4,3.0,0.2857142857142857,P3,48,96,49
417657,Fail,1,20.0,0.0,P3,48,96,49
417785,Fail,0,,,P3,48,96,49
419375,Pass,18,1.0,0.36792452830188677,P3,48,96,49
420163,Pass,13,3.0,0.3277310924369748,P3,48,96,49
420724,Fail,2,6.0,0.5116279069767442,P3,48,96,49
421018,Pass,1,12.0,0.0,P3,48,96,49
422223,Fail,0,,,P3,48,96,49
422479,Pass,10,1.0,0.43617021276595747,P3,48,96,49
423399,Pass,8,1.0,0.0,P3,48,96,49
424539,Pass,3,7.0,0.4666666666666667,P3,48,96,49
424637,Fail,4,5.0,0.5,P3,48,96,49
426458,Pass,15,0.0,0.0,P3,48,96,49
427683,Withdrawn,4,2.0,0.328125,P3,48,96,49
427921,Pass,22,0.0,0.3117206982543641,P3,48,96,49
428323,Pass,11,4.0,0.045871559633027525,P3,48,96,49
428653,Pass,13,0.0,0.08823529411764706,P3,48,96,49
430392,Pass,2,13.0,0.6956521739130435,P3,48,96,49
430708,Pass,8,0.0,0.3055555555555556,P3,48,96,49
431071,Fail,0,,,P3,48,96,49
432144,Pass,29,0.0,0.1440677966101695,P3,48,96,49
432237,Pass,2,5.0,0.5,P3,48,96,49
433280,Pass,3,42.0,1.0,P3,48,96,49
433864,Pass,18,0.0,0.024193548387096774,P3,48,96,49
434397,Pass,5,3.0,0.0,P3,48,96,49
434585,Pass,18,1.0,0.12598425196850394,P3,48,96,49
438551,Pass,16,0.0,0.5811965811965812,P3,48,96,49
439182,Pass,8,4.0,0.3816793893129771,P3,48,96,49
439294,Fail,0,,,P3,48,96,49
440225,Pass,2,5.0,0.30612244897959184,P3,48,96,49
440563,Pass,48,0.0,0.2042375824939215,P3,48,96,49
440593,Pass,0,,,P3,48,96,49
440765,Fail,3,7.0,0.6842105263157895,P3,48,96,49
442910,Pass,13,3.0,0.30718954248366015,P3,48,96,49
443923,Withdrawn,0,,,P3,48,96,49
444225,Fail,0,,,P3,48,96,49
444821,Pass,7,6.0,0.3939393939393939,P3,48,96,49
445351,Withdrawn,4,0.0,0.7435897435897436,P3,48,96,49
445760,Pass,6,5.0,0.06666666666666667,P3,48,96,49
446345,Fail,2,0.0,0.45714285714285713,P3,48,96,49
446873,Fail,0,,,P3,48,96,49
447086,Pass,3,4.0,0.9,P3,48,96,49
447516,Pass,7,3.0,0.3977272727272727,P3,48,96,49
464525,Pass,19,3.0,0.33035714285714285,P3,48,96,49
465730,Fail,0,,,P3,48,96,49
466202,Pass,8,3.0,0.725,P3,48,96,49
466477,Pass,6,1.0,0.8805970149253731,P3,48,96,49
466800,Pass,1,43.0,1.0,P3,48,96,49
466854,Fail,10,4.0,0.22627737226277372,P3,48,96,49
467606,Withdrawn,6,2.0,0.0,P3,48,96,49
468187,Fail,0,,,P3,48,96,49
469878,Pass,28,0.0,0.16901408450704225,P3,48,96,49
470869,Pass,8,0.0,0.07655502392344497,P3,48,96,49
471196,Pass,7,0.0,0.2,P3,48,96,49
471434,Withdrawn,7,2.0,0.40789473684210525,P3,48,96,49
471711,Pass,3,2.0,0.620253164556962,P3,48,96,49
472262,Fail,4,3.0,0.703125,P3,48,96,49
472327,Pass,3,0.0,0.4126984126984127,P3,48,96,49
474071,Fail,9,0.0,0.2558139534883721,P3,48,96,49
475215,Withdrawn,7,0.0,0.12903225806451613,P3,48,96,49
475241,Fail,1,7.0,0.0,P3,48,96,49
475594,Fail,7,1.0,0.0,P3,48,96,49
476278,Pass,15,2.0,0.3960573476702509,P3,48,96,49
476816,Fail,18,0.0,0.0,P3,48,96,49
477319,Withdrawn,7,1.0,0.0,P3,48,96,49
477825,Pass,5,12.0,0.34,P3,48,96,49
478069,Pass,4,1.0,0.20588235294117646,P3,48,96,49
478718,Fail,0,,,P3,48,96,49
478967,Fail,4,2.0,0.25,P3,48,96,49
479020,Pass,22,5.0,0.0915032679738562,P3,48,96,49
479170,Pass,24,0.0,0.164,P3,48,96,49
479305,Pass,7,12.0,0.4946236559139785,P3,48,96,49
480667,Withdrawn,9,2.0,0.7364705882352941,P3,48,96,49
482356,Pass,9,1.0,0.10638297872340426,P3,48,96,49
482680,Pass,7,1.0,0.024390243902439025,P3,48,96,49
482810,Pass,0,,,P3,48,96,49
483646,Pass,5,2.0,0.13131313131313133,P3,48,96,49
483744,Withdrawn,12,11.0,0.11392405063291139,P3,48,96,49
483876,Pass,4,1.0,0.0,P3,48,96,49
484135,Pass,1,48.0,1.0,P3,48,96,49
484301,Pass,14,2.0,0.4172661870503597,P3,48,96,49
484412,Pass,12,0.0,0.3072289156626506,P3,48,96,49
485006,Pass,16,0.0,0.049132947976878616,P3,48,96,49
485439,Withdrawn,2,6.0,0.0,P3,48,96,49
485762,Pass,9,1.0,0.3333333333333333,P3,48,96,49
485772,Fail,26,1.0,0.10897435897435898,P3,48,96,49
486004,Pass,3,8.0,0.0,P3,48,96,49
487214,Fail,8,6.0,0.5892857142857143,P3,48,96,49
487371,Pass,9,3.0,0.3559322033898305,P3,48,96,49
487681,Pass,21,3.0,0.13839285714285715,P3,48,96,49
488176,Withdrawn,0,,,P3,48,96,49
488195,Pass,7,3.0,0.16176470588235295,P3,48,96,49
488427,Pass,19,1.0,0.20261437908496732,P3,48,96,49
489320,Pass,1,9.0,0.0,P3,48,96,49
489889,Pass,6,4.0,0.3333333333333333,P3,48,96,49
490500,Fail,0,,,P3,48,96,49
490677,Pass,9,7.0,0.7125,P3,48,96,49
490894,Fail,16,1.0,0.3648068669527897,P3,48,96,49
491097,Fail,4,0.0,0.0,P3,48,96,49
491279,Pass,7,0.0,0.25,P3,48,96,49
491907,Fail,2,6.0,0.0,P3,48,96,49
491966,Pass,1,46.0,1.0,P3,48,96,49
492153,Pass,16,1.0,0.24899598393574296,P3,48,96,49
492286,Pass,9,10.0,0.4318181818181818,P3,48,96,49
492478,Withdrawn,10,2.0,0.32989690721649484,P3,48,96,49
492726,Pass,12,3.0,0.6739130434782609,P3,48,96,49
493453,Pass,7,40.0,0.8817204301075269,P3,48,96,49
493465,Pass,9,0.0,0.32926829268292684,P3,48,96,49
493999,Fail,2,4.0,0.0,P3,48,96,49
494471,Fail,15,2.0,0.023026315789473683,P3,48,96,49
494960,Pass,17,0.0,0.18867924528301888,P3,48,96,49
495035,Pass,4,0.0,0.10526315789473684,P3,48,96,49
495449,Pass,20,1.0,0.5222222222222223,P3,48,96,49
495509,Pass,2,6.0,0.0,P3,48,96,49
495625,Pass,13,3.0,0.13333333333333333,P3,48,96,49
495879,Pass,21,0.0,0.14942528735632185,P3,48,96,49
495913,Pass,9,17.0,0.453125,P3,48,96,49
496091,Fail,0,,,P3,48,96,49
496334,Fail,3,35.0,0.8275862068965517,P3,48,96,49
496442,Pass,2,11.0,0.8181818181818182,P3,48,96,49
497130,Pass,22,0.0,0.1893687707641196,P3,48,96,49
497632,Pass,1,40.0,0.0,P3,48,96,49
498543,Pass,0,,,P3,48,96,49
498635,Pass,7,2.0,0.10256410256410256,P3,48,96,49
498755,Pass,8,5.0,0.26804123711340205,P3,48,96,49
498841,Withdrawn,3,1.0,0.0,P3,48,96,49
498892,Fail,0,,,P3,48,96,49
499624,Withdrawn,5,10.0,0.14084507042253522,P3,48,96,49
499822,Withdrawn,2,5.0,0.0,P3,48,96,49
500016,Pass,6,3.0,0.0,P3,48,96,49
500135,Fail,14,0.0,0.017241379310344827,P3,48,96,49
500552,Pass,7,5.0,0.3157894736842105,P3,48,96,49
500668,Pass,25,1.0,0.13253012048192772,P3,48,96,49
501053,Fail,4,34.0,0.6938775510204082,P3,48,96,49
501208,Pass,1,10.0,0.0,P3,48,96,49
501637,Pass,15,0.0,0.3776595744680851,P3,48,96,49
501862,Fail,0,,,P3,48,96,49
501945,Withdrawn,11,10.0,0.3113207547169811,P3,48,96,49
503322,Pass,11,0.0,0.16279069767441862,P3,48,96,49
503516,Fail,11,2.0,0.27741935483870966,P3,48,96,49
503804,Pass,12,3.0,0.06666666666666667,P3,48,96,49
503878,Fail,1,45.0,1.0,P3,48,96,49
504013,Pass,2,38.0,0.9473684210526315,P3,48,96,49
504022,Pass,3,18.0,0.9444444444444444,P3,48,96,49
504466,Pass,17,1.0,0.40606060606060607,P3,48,96,49
504635,Pass,5,4.0,0.027777777777777776,P3,48,96,49
505413,Pass,0,,,P3,48,96,49
505595,Withdrawn,0,,,P3,48,96,49
506185,Fail,13,4.0,0.11855670103092783,P3,48,96,49
506248,Fail,9,6.0,0.3,P3,48,96,49
506804,Pass,16,1.0,0.07661290322580645,P3,48,96,49
506980,Fail,1,12.0,0.0,P3,48,96,49
507016,Pass,14,0.0,0.37735849056603776,P3,48,96,49
507279,Fail,0,,,P3,48,96,49
507387,Fail,6,6.0,0.0,P3,48,96,49
507676,Fail,1,37.0,0.0,P3,48,96,49
508028,Pass,6,2.0,0.36065573770491804,P3,48,96,49
508079,Pass,13,0.0,0.02631578947368421,P3,48,96,49
508422,Fail,0,,,P3,48,96,49
508517,Fail,0,,,P3,48,96,49
508759,Withdrawn,39,0.0,0.09828393135725429,P3,48,96,49
509036,Fail,6,4.0,0.5581395348837209,P3,48,96,49
509236,Fail,6,1.0,0.3380281690140845,P3,48,96,49
509258,Fail,3,6.0,0.19626168224299065,P3,48,96,49
509390,Fail,1,44.0,1.0,P3,48,96,49
509845,Withdrawn,16,2.0,0.42435424354243545,P3,48,96,49
509913,Fail,10,0.0,0.3411764705882353,P3,48,96,49
510149,Fail,18,1.0,0.1903114186851211,P3,48,96,49
510438,Fail,0,,,P3,48,96,49
510776,Fail,13,0.0,0.0,P3,48,96,49
510868,Withdrawn,0,,,P3,48,96,49
511678,Pass,46,0.0,0.14835382784609283,P3,48,96,49
512417,Pass,29,0.0,0.0375,P3,48,96,49
512581,Fail,28,2.0,0.15517241379310345,P3,48,96,49
512775,Pass,4,2.0,0.0,P3,48,96,49
512839,Fail,2,5.0,0.0,P3,48,96,49
512883,Withdrawn,5,18.0,0.6511627906976745,P3,48,96,49
512940,Pass,13,0.0,0.0,P3,48,96,49
512977,Pass,5,4.0,0.43902439024390244,P3,48,96,49
513076,Fail,8,0.0,0.0,P3,48,96,49
513836,Withdrawn,10,3.0,0.0,P3,48,96,49
514043,Pass,2,17.0,0.4444444444444444,P3,48,96,49
514074,Withdrawn,9,3.0,0.34951456310679613,P3,48,96,49
514302,Pass,12,3.0,0.23809523809523808,P3,48,96,49
514445,Pass,7,4.0,0.6984126984126984,P3,48,96,49
514776,Fail,6,4.0,0.44366197183098594,P3,48,96,49
514864,Pass,28,0.0,0.16194331983805668,P3,48,96,49
515203,Fail,1,42.0,1.0,P3,48,96,49
515417,Fail,0,,,P3,48,96,49
515646,Pass,9,1.0,0.7115384615384616,P3,48,96,49
515676,Pass,1,44.0,1.0,P3,48,96,49
516364,Withdrawn,2,0.0,0.0,P3,48,96,49
516926,Fail,3,24.0,0.9411764705882353,P3,48,96,49
517016,Fail,0,,,P3,48,96,49
517231,Pass,25,0.0,0.14056224899598393,P3,48,96,49
517352,Pass,8,4.0,0.5531914893617021,P3,48,96,49
517553,Withdrawn,1,48.0,1.0,P3,48,96,49
518126,Pass,4,6.0,0.14705882352941177,P3,48,96,49
518223,Pass,18,3.0,0.15267175572519084,P3,48,96,49
518496,Pass,17,4.0,0.3475177304964539,P3,48,96,49
519294,Pass,4,11.0,0.5652173913043478,P3,48,96,49
519584,Pass,17,4.0,0.0970873786407767,P3,48,96,49
519622,Fail,2,37.0,0.5,P3,48,96,49
520002,Pass,27,2.0,0.2072892938496583,P3,48,96,49
520024,Withdrawn,2,46.0,1.0,P3,48,96,49
520100,Fail,0,,,P3,48,96,49
520325,Fail,4,14.0,0.03571428571428571,P3,48,96,49
521341,Pass,34,0.0,0.15592515592515593,P3,48,96,49
521509,Pass,6,5.0,0.7906976744186046,P3,48,96,49
521590,Pass,17,2.0,0.5612903225806452,P3,48,96,49
521666,Fail,0,,,P3,48,96,49
521895,Pass,3,2.0,0.40625,P3,48,96,49
521957,Withdrawn,8,2.0,0.03278688524590164,P3,48,96,49
522426,Pass,20,0.0,0.13803680981595093,P3,48,96,49
522434,Pass,15,0.0,0.21511627906976744,P3,48,96,49
522441,Pass,7,0.0,0.36470588235294116,P3,48,96,49
522443,Fail,11,2.0,0.10144927536231885,P3,48,96,49
522446,Pass,37,0.0,0.2549019607843137,P3,48,96,49
522529,Pass,11,5.0,0.15444015444015444,P3,48,96,49
522622,Pass,1,48.0,1.0,P3,48,96,49
522714,Pass,23,0.0,0.30962343096234307,P3,48,96,49
522792,Pass,23,4.0,0.29292929292929293,P3,48,96,49
522889,Fail,11,0.0,0.18128654970760233,P3,48,96,49
522891,Pass,11,4.0,0.3475609756097561,P3,48,96,49
522894,Pass,28,0.0,0.23076923076923078,P3,48,96,49
522899,Fail,20,0.0,0.310580204778157,P3,48,96,49
523331,Fail,0,,,P3,48,96,49
523466,Pass,12,9.0,0.2882882882882883,P3,48,96,49
523545,Pass,5,0.0,0.32558139534883723,P3,48,96,49
523655,Pass,2,10.0,0.0,P3,48,96,49
523757,Fail,0,,,P3,48,96,49
523857,Pass,12,2.0,0.14838709677419354,P3,48,96,49
523928,Pass,24,1.0,0.13258426966292136,P3,48,96,49
524076,Fail,0,,,P3,48,96,49
524496,Fail,0,,,P3,48,96,49
525877,Withdrawn,12,3.0,0.0,P3,48,96,49
525885,Fail,11,3.0,0.11764705882352941,P3,48,96,49
526088,Fail,3,1.0,0.38461538461538464,P3,48,96,49
526177,Pass,5,17.0,0.9090909090909091,P3,48,96,49
526810,Withdrawn,13,3.0,0.24752475247524752,P3,48,96,49
527393,Pass,21,0.0,0.1686746987951807,P3,48,96,49
527580,Pass,22,0.0,0.12452830188679245,P3,48,96,49
527636,Fail,14,1.0,0.043478260869565216,P3,48,96,49
527799,Fail,19,1.0,0.15625,P3,48,96,49
528056,Fail,0,,,P3,48,96,49
528464,Pass,3,5.0,0.6,P3,48,96,49
529000,Fail,0,,,P3,48,96,49
529597,Fail,1,13.0,0.0,P3,48,96,49
529795,Fail,2,35.0,0.0,P3,48,96,49
530021,Fail,6,1.0,0.0,P3,48,96,49
530112,Fail,0,,,P3,48,96,49
530487,Pass,22,3.0,0.3132075471698113,P3,48,96,49
530514,Pass,10,4.0,0.22784810126582278,P3,48,96,49
530753,Fail,7,4.0,0.0,P3,48,96,49
530841,Pass,29,0.0,0.3507246376811594,P3,48,96,49
531384,Pass,38,1.0,0.41348973607038125,P3,48,96,49
532114,Withdrawn,6,7.0,0.0,P3,48,96,49
532335,Pass,12,5.0,0.4977168949771689,P3,48,96,49
532477,Pass,23,0.0,0.6451104100946372,P3,48,96,49
532739,Pass,2,5.0,0.8125,P3,48,96,49
532839,Fail,8,5.0,0.3764705882352941,P3,48,96,49
532868,Fail,45,0.0,0.128099173553719,P3,48,96,49
532869,Pass,24,1.0,0.16355140186915887,P3,48,96,49
533164,Withdrawn,3,3.0,0.3333333333333333,P3,48,96,49
533301,Pass,1,44.0,1.0,P3,48,96,49
534133,Pass,18,8.0,0.5395894428152492,P3,48,96,49
534323,Pass,5,2.0,0.0,P3,48,96,49
534816,Fail,6,4.0,0.4444444444444444,P3,48,96,49
534946,Pass,6,3.0,0.0625,P3,48,96,49
534998,Pass,32,2.0,0.26022304832713755,P3,48,96,49
535269,Fail,0,,,P3,48,96,49
535379,Pass,3,6.0,0.05,P3,48,96,49
535833,Pass,2,17.0,0.3888888888888889,P3,48,96,49
536318,Pass,8,2.0,0.3333333333333333,P3,48,96,49
536632,Pass,2,47.0,1.0,P3,48,96,49
536649,Fail,3,6.0,0.41509433962264153,P3,48,96,49
536660,Pass,8,0.0,0.2111111111111111,P3,48,96,49
536666,Pass,6,3.0,0.25862068965517243,P3,48,96,49
536852,Fail,15,0.0,0.02564102564102564,P3,48,96,49
536992,Pass,11,5.0,0.49122807017543857,P3,48,96,49
537271,Fail,4,0.0,0.0,P3,48,96,49
538210,Pass,6,5.0,0.6292134831460674,P3,48,96,49
539426,Fail,0,,,P3,48,96,49
539670,Fail,1,11.0,0.0,P3,48,96,49
540005,Pass,0,,,P3,48,96,49
540249,Fail,23,5.0,0.2445414847161572,P3,48,96,49
540293,Pass,10,7.0,0.5462962962962963,P3,48,96,49
540521,Pass,5,7.0,0.6410256410256411,P3,48,96,49
540602,Pass,7,3.0,0.12903225806451613,P3,48,96,49
540682,Pass,9,5.0,0.3737864077669903,P3,48,96,49
541171,Withdrawn,8,5.0,0.3103448275862069,P3,48,96,49
542296,Pass,14,2.0,0.5847953216374269,P3,48,96,49
542472,Fail,0,,,P3,48,96,49
542707,Fail,10,1.0,0.4797297297297297,P3,48,96,49
543279,Fail,6,3.0,0.2692307692307692,P3,48,96,49
543418,Withdrawn,1,19.0,0.0,P3,48,96,49
543428,Pass,10,1.0,0.4260355029585799,P3,48,96,49
545200,Pass,7,5.0,0.4126984126984127,P3,48,96,49
545297,Fail,1,13.0,0.0,P3,48,96,49
545298,Pass,4,6.0,0.6388888888888888,P3,48,96,49
545443,Pass,1,48.0,1.0,P3,48,96,49
545462,Pass,41,0.0,0.19902912621359223,P3,48,96,49
546195,Fail,0,,,P3,48,96,49
546196,Pass,8,3.0,0.33519553072625696,P3,48,96,49
547311,Fail,11,7.0,0.09090909090909091,P3,48,96,49
547718,Withdrawn,11,0.0,0.16071428571428573,P3,48,96,49
547979,Withdrawn,0,,,P3,48,96,49
548197,Pass,7,4.0,0.4368932038834951,P3,48,96,49
548899,Pass,9,6.0,0.0,P3,48,96,49
549129,Pass,4,5.0,0.4,P3,48,96,49
549226,Fail,8,1.0,0.6511627906976745,P3,48,96,49
549445,Pass,10,2.0,0.20074349442379183,P3,48,96,49
549586,Pass,2,5.0,0.5135135135135135,P3,48,96,49
549745,Withdrawn,5,6.0,0.6785714285714286,P3,48,96,49
549873,Fail,0,,,P3,48,96,49
549918,Fail,47,0.0,0.17101449275362318,P3,48,96,49
550412,Pass,3,9.0,0.6875,P3,48,96,49
550941,Pass,10,1.0,0.5074626865671642,P3,48,96,49
551031,Fail,10,0.0,0.26515151515151514,P3,48,96,49
551205,Pass,3,13.0,0.07142857142857142,P3,48,96,49
551219,Pass,15,3.0,0.0,P3,48,96,49
551234,Pass,43,0.0,0.23806275579809005,P3,48,96,49
551347,Pass,7,6.0,0.7474747474747475,P3,48,96,49
551802,Fail,7,5.0,0.5094339622641509,P3,48,96,49
551836,Pass,12,5.0,0.1797752808988764,P3,48,96,49
552116,Pass,11,1.0,0.4186046511627907,P3,48,96,49
552177,Fail,0,,,P3,48,96,49
552205,Pass,21,1.0,0.6135458167330677,P3,48,96,49
552339,Pass,22,3.0,0.2305194805194805,P3,48,96,49
552515,Pass,1,40.0,0.0,P3,48,96,49
552622,Pass,19,1.0,0.14363143631436315,P3,48,96,49
552883,Fail,0,,,P3,48,96,49
553078,Pass,4,0.0,0.5303030303030303,P3,48,96,49
553825,Pass,1,5.0,0.0,P3,48,96,49
553856,Pass,16,2.0,0.12307692307692308,P3,48,96,49
553893,Fail,1,12.0,0.0,P3,48,96,49
554243,Fail,10,2.0,0.38571428571428573,P3,48,96,49
554297,Fail,0,,,P3,48,96,49
554314,Fail,7,5.0,0.11976047904191617,P3,48,96,49
554540,Pass,19,1.0,0.23684210526315788,P3,48,96,49
555061,Fail,1,23.0,0.0,P3,48,96,49
555346,Pass,18,12.0,0.2602739726027397,P3,48,96,49
555721,Pass,13,2.0,0.3891625615763547,P3,48,96,49
556062,Fail,2,1.0,0.0,P3,48,96,49
556175,Pass,2,5.0,0.0,P3,48,96,49
556228,Pass,23,0.0,0.4666666666666667,P3,48,96,49
556427,Withdrawn,9,5.0,0.23809523809523808,P3,48,96,49
556592,Pass,7,6.0,0.2948717948717949,P3,48,96,49
556738,Fail,0,,,P3,48,96,49
556972,Pass,12,3.0,0.15454545454545454,P3,48,96,49
557652,Fail,27,0.0,0.16393442622950818,P3,48,96,49
558035,Withdrawn,5,3.0,0.273972602739726,P3,48,96,49
558333,Pass,3,31.0,0.25,P3,48,96,49
558533,Pass,4,20.0,0.0,P3,48,96,49
558661,Fail,3,41.0,0.475,P3,48,96,49
558755,Fail,0,,,P3,48,96,49
558962,Pass,3,24.0,0.0,P3,48,96,49
558983,Fail,22,0.0,0.05714285714285714,P3,48,96,49
559168,Pass,7,6.0,0.0,P3,48,96,49
559382,Pass,17,3.0,0.34868421052631576,P3,48,96,49
559414,Pass,17,3.0,0.24598930481283424,P3,48,96,49
559584,Pass,3,46.0,1.0,P3,48,96,49
559685,Fail,9,0.0,0.358695652173913,P3,48,96,49
559851,Pass,6,3.0,0.11764705882352941,P3,48,96,49
560030,Fail,7,3.0,0.09375,P3,48,96,49
560074,Pass,8,4.0,0.35714285714285715,P3,48,96,49
560430,Fail,2,4.0,0.0,P3,48,96,49
560567,Pass,8,4.0,0.5777777777777777,P3,48,96,49
560676,Fail,3,0.0,0.22666666666666666,P3,48,96,49
560773,Pass,19,2.0,0.0048543689320388345,P3,48,96,49
561457,Pass,21,0.0,0.09359605911330049,P3,48,96,49
561534,Pass,10,2.0,0.6112600536193029,P3,48,96,49
561549,Fail,9,3.0,0.0,P3,48,96,49
561591,Pass,9,1.0,0.0,P3,48,96,49
561841,Pass,24,3.0,0.3342541436464088,P3,48,96,49
562090,Pass,12,3.0,0.16279069767441862,P3,48,96,49
562270,Pass,14,0.0,0.2795275590551181,P3,48,96,49
562456,Fail,14,0.0,0.25663716814159293,P3,48,96,49
563174,Fail,1,3.0,0.0,P3,48,96,49
563374,Fail,21,3.0,0.36024844720496896,P3,48,96,49
563706,Pass,11,0.0,0.3671875,P3,48,96,49
563733,Pass,3,6.0,0.0,P3,48,96,49
563735,Pass,6,17.0,0.0,P3,48,96,49
563769,Fail,6,3.0,0.7058823529411765,P3,48,96,49
563794,Pass,5,2.0,0.5625,P3,48,96,49
564105,Pass,27,0.0,0.42896935933147634,P3,48,96,49
564129,Pass,5,1.0,0.5714285714285714,P3,48,96,49
564144,Pass,2,3.0,0.5,P3,48,96,49
564245,Pass,10,3.0,0.3870967741935484,P3,48,96,49
564268,Pass,7,5.0,0.1079136690647482,P3,48,96,49
564596,Withdrawn,5,3.0,0.46875,P3,48,96,49
564626,Fail,5,6.0,0.5434782608695652,P3,48,96,49
564792,Fail,12,7.0,0.36774193548387096,P3,48,96,49
564958,Pass,17,1.0,0.3148614609571788,P3,48,96,49
565393,Fail,0,,,P3,48,96,49
565582,Pass,5,1.0,0.12121212121212122,P3,48,96,49
565607,Pass,8,2.0,0.5882352941176471,P3,48,96,49
565715,Pass,13,7.0,0.14012738853503184,P3,48,96,49
565888,Pass,5,3.0,0.7,P3,48,96,49
565919,Pass,13,0.0,0.24436090225563908,P3,48,96,49
566339,Pass,1,38.0,0.0,P3,48,96,49
566358,Fail,2,32.0,0.9655172413793104,P3,48,96,49
566369,Pass,12,0.0,0.20491803278688525,P3,48,96,49
566392,Fail,16,0.0,0.1073170731707317,P3,48,96,49
566407,Pass,3,4.0,0.5384615384615384,P3,48,96,49
566415,Pass,8,5.0,0.6923076923076923,P3,48,96,49
566720,Pass,25,0.0,0.25462962962962965,P3,48,96,49
566813,Pass,8,3.0,0.304,P3,48,96,49
566814,Pass,2,14.0,0.0,P3,48,96,49
567013,Fail,1,45.0,1.0,P3,48,96,49
567160,Fail,3,0.0,0.14893617021276595,P3,48,96,49
567262,Pass,6,6.0,0.6222222222222222,P3,48,96,49
567363,Pass,8,0.0,0.021739130434782608,P3,48,96,49
567402,Pass,20,0.0,0.06756756756756757,P3,48,96,49
567429,Pass,7,2.0,0.5,P3,48,96,49
567627,Pass,5,2.0,0.8888888888888888,P3,48,96,49
567754,Pass,16,4.0,0.6129032258064516,P3,48,96,49
567915,Fail,4,3.0,0.2727272727272727,P3,48,96,49
567929,Fail,15,2.0,0.15315315315315314,P3,48,96,49
567958,Pass,3,0.0,0.42424242424242425,P3,48,96,49
567979,Pass,8,1.0,0.475,P3,48,96,49
568074,Pass,6,3.0,0.524822695035461,P3,48,96,49
568370,Withdrawn,18,1.0,0.5528455284552846,P3,48,96,49
568474,Pass,12,1.0,0.2553191489361702,P3,48,96,49
568502,Pass,9,2.0,0.5294117647058824,P3,48,96,49
568609,Withdrawn,4,0.0,0.0,P3,48,96,49
568775,Withdrawn,12,3.0,0.0,P3,48,96,49
569035,Pass,8,11.0,0.4864864864864865,P3,48,96,49
569141,Pass,5,5.0,0.46774193548387094,P3,48,96,49
569334,Fail,2,8.0,0.0,P3,48,96,49
569854,Pass,9,0.0,0.36936936936936937,P3,48,96,49
569862,Pass,6,8.0,0.05405405405405406,P3,48,96,49
569930,Pass,26,1.0,0.07179487179487179,P3,48,96,49
570137,Pass,9,2.0,0.14049586776859505,P3,48,96,49
570157,Pass,13,1.0,0.29533678756476683,P3,48,96,49
570168,Pass,34,0.0,0.1041879468845761,P3,48,96,49
570271,Pass,30,0.0,0.11013215859030837,P3,48,96,49
570287,Pass,5,1.0,0.0,P3,48,96,49
570351,Pass,1,48.0,1.0,P3,48,96,49
570519,Fail,0,,,P3,48,96,49
570623,Pass,20,0.0,0.3014354066985646,P3,48,96,49
570759,Pass,14,0.0,0.46938775510204084,P3,48,96,49
570783,Pass,11,2.0,0.1267605633802817,P3,48,96,49
570864,Pass,13,0.0,0.0,P3,48,96,49
571083,Pass,12,3.0,0.075,P3,48,96,49
571441,Pass,7,2.0,0.2765957446808511,P3,48,96,49
571503,Pass,10,24.0,0.10795454545454546,P3,48,96,49
571516,Pass,8,2.0,0.1111111111111111,P3,48,96,49
571554,Pass,24,1.0,0.11790393013100436,P3,48,96,49
571672,Fail,0,,,P3,48,96,49
571681,Pass,37,0.0,0.3137931034482759,P3,48,96,49
571693,Fail,5,3.0,0.8333333333333334,P3,48,96,49
571779,Pass,7,4.0,0.22926829268292684,P3,48,96,49
571871,Pass,9,1.0,0.2920353982300885,P3,48,96,49
571885,Pass,20,1.0,0.19402985074626866,P3,48,96,49
571907,Pass,9,3.0,0.2328767123287671,P3,48,96,49
572051,Pass,4,0.0,0.375,P3,48,96,49
572067,Pass,17,0.0,0.11504424778761062,P3,48,96,49
572103,Pass,13,2.0,0.11,P3,48,96,49
572131,Fail,0,,,P3,48,96,49
572163,Withdrawn,0,,,P3,48,96,49
572173,Fail,0,,,P3,48,96,49
572277,Fail,3,38.0,0.9666666666666667,P3,48,96,49
572302,Withdrawn,6,2.0,0.5079365079365079,P3,48,96,49
572416,Pass,14,1.0,0.024154589371980676,P3,48,96,49
572447,Pass,3,6.0,0.5588235294117647,P3,48,96,49
572495,Withdrawn,8,0.0,0.24561403508771928,P3,48,96,49
572504,Pass,12,1.0,0.13043478260869565,P3,48,96,49
572508,Pass,17,2.0,0.24107142857142858,P3,48,96,49
572514,Fail,12,1.0,0.4148936170212766,P3,48,96,49
572733,Pass,6,5.0,0.18032786885245902,P3,48,96,49
572739,Withdrawn,1,5.0,0.0,P3,48,96,49
572752,Pass,2,3.0,0.0,P3,48,96,49
572765,Pass,5,4.0,0.7162162162162162,P3,48,96,49
572918,Fail,8,0.0,0.0,P3,48,96,49
572937,Fail,0,,,P3,48,96,49
573043,Pass,10,0.0,0.7037037037037037,P3,48,96,49
573063,Pass,17,1.0,0.045454545454545456,P3,48,96,49
573159,Withdrawn,26,1.0,0.2289156626506024,P3,48,96,49
573208,Pass,3,0.0,0.3125,P3,48,96,49
573217,Fail,2,4.0,0.3333333333333333,P3,48,96,49
573223,Fail,4,15.0,0.0,P3,48,96,49
573225,Fail,2,4.0,0.4827586206896552,P3,48,96,49
573275,Fail,0,,,P3,48,96,49
573411,Pass,15,0.0,0.011494252873563218,P3,48,96,49
573433,Pass,31,1.0,0.2296983758700696,P3,48,96,49
573441,Withdrawn,5,3.0,0.057692307692307696,P3,48,96,49
573453,Pass,14,4.0,0.6475095785440613,P3,48,96,49
573487,Fail,0,,,P3,48,96,49
573578,Pass,9,1.0,0.28448275862068967,P3,48,96,49
573654,Pass,8,6.0,0.5337423312883436,P3,48,96,49
573777,Pass,13,2.0,0.3018867924528302,P3,48,96,49
573790,Pass,8,8.0,0.5367647058823529,P3,48,96,49
573821,Pass,7,11.0,0.16363636363636364,P3,48,96,49
573831,Pass,6,4.0,0.3103448275862069,P3,48,96,49
573893,Fail,13,0.0,0.31451612903225806,P3,48,96,49
573986,Pass,2,47.0,1.0,P3,48,96,49
574002,Fail,10,1.0,0.24468085106382978,P3,48,96,49
574051,Fail,1,7.0,0.0,P3,48,96,49
574125,Pass,11,2.0,0.4489795918367347,P3,48,96,49
574194,Pass,15,3.0,0.5611814345991561,P3,48,96,49
574250,Pass,15,1.0,0.386986301369863,P3,48,96,49
574348,Pass,20,1.0,0.1342281879194631,P3,48,96,49
574549,Pass,3,3.0,0.0,P3,48,96,49
574708,Fail,6,6.0,0.0,P3,48,96,49
574766,Fail,11,0.0,0.18095238095238095,P3,48,96,49
574973,Pass,39,0.0,0.08050847457627118,P3,48,96,49
575018,Pass,10,2.0,0.3584905660377358,P3,48,96,49
575089,Fail,1,15.0,0.0,P3,48,96,49
575100,Fail,6,10.0,0.4166666666666667,P3,48,96,49
575124,Pass,23,0.0,0.11304347826086956,P3,48,96,49
575281,Fail,3,7.0,0.0,P3,48,96,49
575290,Pass,14,1.0,0.26811594202898553,P3,48,96,49
575387,Pass,36,0.0,0.18189509306260576,P3,48,96,49
575480,Fail,0,,,P3,48,96,49
575681,Pass,13,1.0,0.28502415458937197,P3,48,96,49
575929,Fail,6,4.0,0.5789473684210527,P3,48,96,49
575930,Pass,8,4.0,0.010101010101010102,P3,48,96,49
575982,Fail,10,4.0,0.5769230769230769,P3,48,96,49
576158,Pass,6,1.0,0.21476510067114093,P3,48,96,49
576226,Fail,5,8.0,0.21052631578947367,P3,48,96,49
576483,Pass,9,1.0,0.47435897435897434,P3,48,96,49
576524,Fail,3,16.0,0.6551724137931034,P3,48,96,49
576600,Pass,8,1.0,0.29347826086956524,P3,48,96,49
576714,Withdrawn,5,5.0,0.0,P3,48,96,49
576815,Fail,0,,,P3,48,96,49
576841,Pass,10,2.0,0.047619047619047616,P3,48,96,49
576882,Fail,15,1.0,0.1111111111111111,P3,48,96,49
576935,Fail,27,3.0,0.4866666666666667,P3,48,96,49
576940,Pass,42,0.0,0.22089227421109903,P3,48,96,49
576946,Pass,8,6.0,0.5743243243243243,P3,48,96,49
576947,Fail,0,,,P3,48,96,49
576981,Pass,6,10.0,0.0,P3,48,96,49
576996,Withdrawn,0,,,P3,48,96,49
577099,Pass,5,5.0,0.47863247863247865,P3,48,96,49
577256,Pass,3,0.0,0.18181818181818182,P3,48,96,49
577280,Pass,8,5.0,0.49,P3,48,96,49
577286,Pass,2,3.0,0.0,P3,48,96,49
577347,Fail,2,5.0,0.5588235294117647,P3,48,96,49
577376,Pass,22,0.0,0.027149321266968326,P3,48,96,49
577498,Fail,6,2.0,0.03125,P3,48,96,49
577648,Fail,29,1.0,0.057971014492753624,P3,48,96,49
577659,Withdrawn,6,0.0,0.0,P3,48,96,49
577680,Pass,24,0.0,0.17320261437908496,P3,48,96,49
577692,Fail,3,2.0,0.0,P3,48,96,49
577915,Pass,6,5.0,0.07142857142857142,P3,48,96,49
577949,Fail,0,,,P3,48,96,49
577980,Pass,8,0.0,0.0410958904109589,P3,48,96,49
578057,Fail,4,6.0,0.4722222222222222,P3,48,96,49
578062,Fail,2,10.0,0.0,P3,48,96,49
578197,Pass,9,0.0,0.13178294573643412,P3,48,96,49
578362,Fail,9,3.0,0.17307692307692307,P3,48,96,49
578447,Pass,1,6.0,0.0,P3,48,96,49
578546,Pass,9,3.0,0.07894736842105263,P3,48,96,49
578578,Pass,10,4.0,0.4642857142857143,P3,48,96,49
578600,Pass,11,5.0,0.22439024390243903,P3,48,96,49
578676,Fail,6,2.0,0.3888888888888889,P3,48,96,49
578717,Pass,9,2.0,0.6818181818181818,P3,48,96,49
579279,Pass,5,5.0,0.43103448275862066,P3,48,96,49
579316,Pass,2,3.0,0.47058823529411764,P3,48,96,49
579486,Withdrawn,0,,,P3,48,96,49
579549,Pass,11,2.0,0.0,P3,48,96,49
579571,Pass,16,0.0,0.06306306306306306,P3,48,96,49
579575,Pass,4,1.0,0.23809523809523808,P3,48,96,49
579619,Pass,27,0.0,0.05958549222797927,P3,48,96,49
579718,Fail,0,,,P3,48,96,49
579762,Pass,4,42.0,1.0,P3,48,96,49
580094,Pass,29,0.0,0.08722741433021806,P3,48,96,49
580314,Fail,0,,,P3,48,96,49
580346,Pass,44,0.0,0.17091388400702986,P3,48,96,49
580360,Pass,3,8.0,0.0,P3,48,96,49
580412,Withdrawn,1,5.0,0.0,P3,48,96,49
580540,Pass,14,2.0,0.26666666666666666,P3,48,96,49
580592,Withdrawn,7,3.0,0.0,P3,48,96,49
580612,Pass,26,0.0,0.10894941634241245,P3,48,96,49
580684,Fail,10,5.0,0.12871287128712872,P3,48,96,49
580880,Pass,24,0.0,0.18439716312056736,P3,48,96,49
580883,Pass,16,0.0,0.2764505119453925,P3,48,96,49
580960,Pass,10,9.0,0.09289617486338798,P3,48,96,49
580975,Fail,2,3.0,0.2692307692307692,P3,48,96,49
581027,Fail,0,,,P3,48,96,49
581038,Fail,18,0.0,0.0,P3,48,96,49
581139,Pass,5,3.0,0.21686746987951808,P3,48,96,49
581235,Withdrawn,14,0.0,0.04411764705882353,P3,48,96,49
581305,Fail,1,18.0,0.0,P3,48,96,49
581431,Fail,7,2.0,0.32432432432432434,P3,48,96,49
581530,Pass,2,6.0,0.41379310344827586,P3,48,96,49
581586,Pass,11,6.0,0.18604651162790697,P3,48,96,49
581625,Fail,0,,,P3,48,96,49
581657,Pass,4,3.0,0.25471698113207547,P3,48,96,49
581826,Withdrawn,7,14.0,0.6607142857142857,P3,48,96,49
582093,Fail,1,10.0,0.0,P3,48,96,49
582123,Pass,1,27.0,0.0,P3,48,96,49
582184,Withdrawn,7,4.0,0.47368421052631576,P3,48,96,49
582190,Fail,1,47.0,1.0,P3,48,96,49
582218,Fail,0,,,P3,48,96,49
582243,Withdrawn,7,5.0,0.0,P3,48,96,49
582301,Fail,7,0.0,0.2716049382716049,P3,48,96,49
582305,Pass,16,3.0,0.15384615384615385,P3,48,96,49
582390,Pass,10,3.0,0.49382716049382713,P3,48,96,49
582394,Pass,13,0.0,0.4864864864864865,P3,48,96,49
582406,Pass,1,5.0,0.0,P3,48,96,49
582439,Fail,0,,,P3,48,96,49
582446,Pass,9,4.0,0.30601092896174864,P3,48,96,49
582474,Pass,13,4.0,0.19696969696969696,P3,48,96,49
582574,Pass,13,1.0,0.2112676056338028,P3,48,96,49
582578,Pass,12,5.0,0.015873015873015872,P3,48,96,49
582591,Fail,12,0.0,0.0,P3,48,96,49
582636,Pass,2,5.0,0.8666666666666667,P3,48,96,49
582650,Pass,6,2.0,0.21212121212121213,P3,48,96,49
582833,Fail,1,48.0,1.0,P3,48,96,49
582878,Pass,6,20.0,0.047619047619047616,P3,48,96,49
582940,Pass,2,46.0,1.0,P3,48,96,49
582975,Pass,12,0.0,0.0423728813559322,P3,48,96,49
583007,Fail,0,,,P3,48,96,49
583012,Pass,3,6.0,0.0,P3,48,96,49
583039,Pass,14,0.0,0.3357664233576642,P3,48,96,49
583098,Fail,3,5.0,0.0,P3,48,96,49
583113,Fail,9,1.0,0.0,P3,48,96,49
583142,Withdrawn,13,4.0,0.07352941176470588,P3,48,96,49
583191,Pass,5,5.0,0.24444444444444444,P3,48,96,49
583240,Fail,9,1.0,0.32142857142857145,P3,48,96,49
583255,Withdrawn,5,0.0,0.0,P3,48,96,49
583301,Fail,0,,,P3,48,96,49
583367,Fail,1,18.0,0.0,P3,48,96,49
583433,Pass,23,1.0,0.03367496339677892,P3,48,96,49
583459,Pass,7,7.0,0.6666666666666666,P3,48,96,49
583473,Pass,21,0.0,0.1111111111111111,P3,48,96,49
583534,Fail,0,,,P3,48,96,49
583598,Fail,1,7.0,0.0,P3,48,96,49
583609,Pass,20,0.0,0.11739130434782609,P3,48,96,49
583645,Pass,14,2.0,0.36923076923076925,P3,48,96,49
583708,Pass,9,2.0,0.28846153846153844,P3,48,96,49
583873,Pass,33,0.0,0.3611111111111111,P3,48,96,49
583964,Pass,4,3.0,0.0,P3,48,96,49
583977,Fail,4,1.0,0.30434782608695654,P3,48,96,49
584042,Pass,8,5.0,0.06741573033707865,P3,48,96,49
584178,Pass,2,38.0,0.71875,P3,48,96,49
584238,Fail,0,,,P3,48,96,49
584325,Withdrawn,21,1.0,0.00847457627118644,P3,48,96,49
584408,Fail,2,6.0,0.85,P3,48,96,49
584580,Pass,0,,,P3,48,96,49
584611,Fail,2,5.0,0.7454545454545455,P3,48,96,49
584735,Withdrawn,5,1.0,0.0,P3,48,96,49
584766,Pass,7,10.0,0.0,P3,48,96,49
584813,Pass,9,2.0,0.3230769230769231,P3,48,96,49
585074,Fail,0,,,P3,48,96,49
585170,Pass,16,2.0,0.02857142857142857,P3,48,96,49
585212,Pass,10,0.0,0.6451612903225806,P3,48,96,49
585406,Pass,2,2.0,0.5294117647058824,P3,48,96,49
585603,Pass,7,1.0,0.2676056338028169,P3,48,96,49
585611,Pass,4,1.0,0.1590909090909091,P3,48,96,49
585644,Pass,2,6.0,0.4358974358974359,P3,48,96,49
585652,Pass,3,0.0,0.0,P3,48,96,49
585693,Pass,45,1.0,0.2455012853470437,P3,48,96,49
585779,Pass,24,1.0,0.047872340425531915,P3,48,96,49
585816,Fail,4,1.0,0.84,P3,48,96,49
585915,Fail,0,,,P3,48,96,49
585963,Fail,2,17.0,0.7142857142857143,P3,48,96,49
586072,Fail,5,3.0,0.010752688172043012,P3,48,96,49
586078,Pass,5,36.0,0.92,P3,48,96,49
586145,Fail,10,5.0,0.5625,P3,48,96,49
586165,Fail,3,6.0,0.3888888888888889,P3,48,96,49
586346,Pass,21,0.0,0.6281179138321995,P3,48,96,49
586416,Pass,15,0.0,0.08333333333333333,P3,48,96,49
586440,Pass,7,2.0,0.22727272727272727,P3,48,96,49
586490,Fail,2,4.0,0.0,P3,48,96,49
586535,Pass,22,2.0,0.2524271844660194,P3,48,96,49
586581,Pass,11,0.0,0.37815126050420167,P3,48,96,49
586720,Fail,3,5.0,0.8,P3,48,96,49
586742,Pass,6,3.0,0.559322033898305,P3,48,96,49
586836,Fail,4,7.0,0.09090909090909091,P3,48,96,49
586843,Pass,12,4.0,0.6909090909090909,P3,48,96,49
586882,Fail,0,,,P3,48,96,49
586928,Fail,4,5.0,0.5967741935483871,P3,48,96,49
587051,Fail,2,5.0,0.0,P3,48,96,49
587071,Fail,0,,,P3,48,96,49
587192,Pass,18,1.0,0.20161290322580644,P3,48,96,49
587194,Fail,3,5.0,0.4375,P3,48,96,49
587297,Pass,23,0.0,0.25842696629213485,P3,48,96,49
587409,Pass,4,19.0,0.953125,P3,48,96,49
587418,Pass,17,2.0,0.0,P3,48,96,49
587564,Pass,8,3.0,0.5423728813559322,P3,48,96,49
587702,Pass,17,2.0,0.20642201834862386,P3,48,96,49
587732,Pass,15,0.0,0.030612244897959183,P3,48,96,49
587754,Pass,5,0.0,0.6962025316455697,P3,48,96,49
587755,Pass,4,0.0,0.625,P3,48,96,49
587810,Pass,15,2.0,0.22672064777327935,P3,48,96,49
587824,Fail,6,2.0,0.6752136752136753,P3,48,96,49
587838,Withdrawn,8,2.0,0.07602339181286549,P3,48,96,49
587923,Pass,5,0.0,0.2878787878787879,P3,48,96,49
587961,Fail,10,3.0,0.38016528925619836,P3,48,96,49
588265,Pass,3,40.0,0.21311475409836064,P3,48,96,49
588321,Withdrawn,8,5.0,0.4782608695652174,P3,48,96,49
588355,Pass,8,0.0,0.0,P3,48,96,49
588432,Fail,0,,,P3,48,96,49
588642,Pass,9,2.0,0.5972222222222222,P3,48,96,49
588713,Fail,0,,,P3,48,96,49
588910,Pass,43,2.0,0.2127659574468085,P3,48,96,49
589067,Pass,4,13.0,0.2608695652173913,P3,48,96,49
589123,Pass,7,4.0,0.7307692307692307,P3,48,96,49
589296,Pass,39,0.0,0.15282051282051282,P3,48,96,49
589302,Pass,18,1.0,0.07428571428571429,P3,48,96,49
589509,Pass,10,2.0,0.49,P3,48,96,49
589903,Pass,6,0.0,0.6285714285714286,P3,48,96,49
589950,Pass,8,3.0,0.6395348837209303,P3,48,96,49
590202,Pass,10,1.0,0.0,P3,48,96,49
590231,Pass,17,0.0,0.15517241379310345,P3,48,96,49
590308,Fail,4,5.0,0.4411764705882353,P3,48,96,49
590325,Pass,13,3.0,0.2900763358778626,P3,48,96,49
590360,Fail,1,42.0,1.0,P3,48,96,49
590362,Pass,6,8.0,0.0,P3,48,96,49
590365,Fail,4,4.0,0.0,P3,48,96,49
590372,Pass,15,4.0,0.03669724770642202,P3,48,96,49
590502,Fail,14,0.0,0.3643410852713178,P3,48,96,49
590625,Pass,11,6.0,0.028708133971291867,P3,48,96,49
590867,Fail,0,,,P3,48,96,49
590923,Fail,1,6.0,0.0,P3,48,96,49
590931,Pass,15,5.0,0.4158415841584158,P3,48,96,49
591030,Pass,4,4.0,0.38095238095238093,P3,48,96,49
591034,Fail,4,6.0,0.36538461538461536,P3,48,96,49
591223,Pass,31,0.0,0.18725617685305593,P3,48,96,49
591257,Fail,2,3.0,0.7045454545454546,P3,48,96,49
591273,Pass,8,4.0,0.4888888888888889,P3,48,96,49
591410,Fail,1,45.0,1.0,P3,48,96,49
591414,Pass,11,5.0,0.6528925619834711,P3,48,96,49
591420,Pass,8,6.0,0.05442176870748299,P3,48,96,49
591440,Fail,0,,,P3,48,96,49
591558,Pass,18,0.0,0.06637168141592921,P3,48,96,49
591574,Pass,20,1.0,0.04195804195804196,P3,48,96,49
591589,Pass,10,1.0,0.24907063197026022,P3,48,96,49
591591,Fail,5,2.0,0.265625,P3,48,96,49
591785,Fail,2,5.0,0.19047619047619047,P3,48,96,49
591787,Pass,1,47.0,1.0,P3,48,96,49
591820,Pass,20,0.0,0.16,P3,48,96,49
591895,Withdrawn,0,,,P3,48,96,49
591978,Fail,13,3.0,0.2441860465116279,P3,48,96,49
592081,Fail,21,0.0,0.0,P3,48,96,49
592147,Pass,20,0.0,0.19282511210762332,P3,48,96,49
592205,Pass,3,24.0,0.15625,P3,48,96,49
592256,Fail,1,2.0,0.0,P3,48,96,49
592290,Pass,6,5.0,0.2,P3,48,96,49
592317,Pass,7,10.0,0.3620689655172414,P3,48,96,49
592322,Pass,29,0.0,0.03296703296703297,P3,48,96,49
592441,Pass,7,4.0,0.07954545454545454,P3,48,96,49
592480,Pass,11,1.0,0.045454545454545456,P3,48,96,49
592496,Pass,28,0.0,0.07009345794392523,P3,48,96,49
592618,Pass,12,0.0,0.304635761589404,P3,48,96,49
592624,Pass,0,,,P3,48,96,49
592772,Pass,11,3.0,0.3532934131736527,P3,48,96,49
592815,Withdrawn,22,2.0,0.12921348314606743,P3,48,96,49
592854,Pass,11,1.0,0.5,P3,48,96,49
592900,Pass,11,16.0,0.41836734693877553,P3,48,96,49
592949,Withdrawn,4,5.0,0.6666666666666666,P3,48,96,49
593023,Pass,3,4.0,0.5714285714285714,P3,48,96,49
593081,Pass,3,3.0,0.2,P3,48,96,49
593189,Fail,0,,,P3,48,96,49
593299,Fail,2,23.0,0.4,P3,48,96,49
593385,Pass,12,4.0,0.21951219512195122,P3,48,96,49
593421,Pass,5,4.0,0.92,P3,48,96,49
593427,Pass,10,2.0,0.07746478873239436,P3,48,96,49
593441,Withdrawn,3,5.0,0.0,P3,48,96,49
593444,Pass,7,3.0,0.2018348623853211,P3,48,96,49
593510,Pass,6,3.0,0.11666666666666667,P3,48,96,49
593513,Pass,2,10.0,0.0,P3,48,96,49
593514,Fail,7,4.0,0.4339622641509434,P3,48,96,49
593593,Pass,1,43.0,1.0,P3,48,96,49
593613,Fail,0,,,P3,48,96,49
593631,Pass,23,1.0,0.16352201257861634,P3,48,96,49
593685,Pass,3,4.0,0.425531914893617,P3,48,96,49
593692,Pass,17,3.0,0.061224489795918366,P3,48,96,49
593694,Pass,46,0.0,0.1222463543282656,P3,48,96,49
593695,Pass,3,7.0,0.582089552238806,P3,48,96,49
593709,Fail,5,2.0,0.2413793103448276,P3,48,96,49
593711,Pass,2,5.0,0.3125,P3,48,96,49
593712,Pass,6,14.0,0.125,P3,48,96,49
593715,Pass,4,2.0,0.0,P3,48,96,49
593727,Pass,29,0.0,0.3489208633093525,P3,48,96,49
593743,Pass,14,3.0,0.15384615384615385,P3,48,96,49
593798,Pass,5,11.0,0.02564102564102564,P3,48,96,49
593871,Pass,16,0.0,0.0045662100456621,P3,48,96,49
593898,Pass,35,0.0,0.08695652173913043,P3,48,96,49
593900,Pass,7,5.0,0.4895833333333333,P3,48,96,49
593930,Withdrawn,0,,,P3,48,96,49
594015,Pass,12,0.0,0.17391304347826086,P3,48,96,49
594038,Fail,5,0.0,0.0,P3,48,96,49
594043,Withdrawn,19,2.0,0.08498583569405099,P3,48,96,49
594056,Pass,14,0.0,0.16717325227963525,P3,48,96,49
594456,Pass,7,5.0,0.6949152542372882,P3,48,96,49
594468,Pass,1,29.0,0.0,P3,48,96,49
594497,Fail,2,34.0,0.1,P3,48,96,49
594677,Pass,9,1.0,0.5238095238095238,P3,48,96,49
594697,Fail,0,,,P3,48,96,49
594762,Pass,12,4.0,0.6524390243902439,P3,48,96,49
594776,Pass,20,3.0,0.4805194805194805,P3,48,96,49
594845,Fail,8,6.0,0.6595744680851063,P3,48,96,49
594928,Pass,17,0.0,0.2617801047120419,P3,48,96,49
595010,Fail,4,4.0,0.325,P3,48,96,49
595094,Fail,4,1.0,0.42857142857142855,P3,48,96,49
595103,Pass,14,3.0,0.2028985507246377,P3,48,96,49
595138,Pass,6,2.0,0.16176470588235295,P3,48,96,49
595241,Fail,1,47.0,1.0,P3,48,96,49
595295,Pass,3,2.0,0.0,P3,48,96,49
595298,Fail,7,4.0,0.17857142857142858,P3,48,96,49
595345,Pass,7,3.0,0.32967032967032966,P3,48,96,49
595436,Pass,6,3.0,0.029411764705882353,P3,48,96,49
595499,Fail,2,45.0,1.0,P3,48,96,49
595509,Fail,2,1.0,0.0,P3,48,96,49
595570,Fail,21,1.0,0.31,P3,48,96,49
595672,Fail,6,4.0,0.41379310344827586,P3,48,96,49
595678,Pass,6,5.0,0.23529411764705882,P3,48,96,49
595711,Fail,0,,,P3,48,96,49
595818,Pass,25,0.0,0.4043478260869565,P3,48,96,49
595854,Pass,6,4.0,0.06060606060606061,P3,48,96,49
595874,Pass,3,5.0,0.5333333333333333,P3,48,96,49
595877,Fail,0,,,P3,48,96,49
595925,Pass,8,0.0,0.32456140350877194,P3,48,96,49
596016,Fail,1,4.0,0.0,P3,48,96,49
596017,Pass,13,0.0,0.0,P3,48,96,49
596041,Withdrawn,2,19.0,0.0,P3,48,96,49
596100,Withdrawn,1,5.0,0.0,P3,48,96,49
596107,Pass,0,,,P3,48,96,49
596108,Pass,1,5.0,0.0,P3,48,96,49
596114,Pass,26,1.0,0.3835978835978836,P3,48,96,49
596144,Pass,5,20.0,0.1590909090909091,P3,48,96,49
596242,Pass,8,0.0,0.26373626373626374,P3,48,96,49
596275,Withdrawn,3,3.0,0.0,P3,48,96,49
596360,Fail,1,1.0,0.0,P3,48,96,49
596372,Pass,16,6.0,0.362962962962963,P3,48,96,49
596390,Pass,2,5.0,0.48936170212765956,P3,48,96,49
596417,Pass,7,2.0,0.0,P3,48,96,49
596451,Pass,26,0.0,0.008928571428571428,P3,48,96,49
596535,Pass,15,0.0,0.05172413793103448,P3,48,96,49
596596,Fail,6,4.0,0.4745762711864407,P3,48,96,49
596677,Fail,1,3.0,0.0,P3,48,96,49
596814,Fail,0,,,P3,48,96,49
596849,Fail,2,46.0,1.0,P3,48,96,49
596892,Fail,10,1.0,0.05405405405405406,P3,48,96,49
596897,Pass,3,5.0,0.5416666666666666,P3,48,96,49
596961,Fail,9,0.0,0.0,P3,48,96,49
596964,Pass,10,0.0,0.2465753424657534,P3,48,96,49
597033,Fail,0,,,P3,48,96,49
597078,Fail,7,4.0,0.4782608695652174,P3,48,96,49
597142,Fail,2,3.0,0.0,P3,48,96,49
597255,Withdrawn,4,12.0,0.88,P3,48,96,49
597301,Pass,15,0.0,0.010526315789473684,P3,48,96,49
597532,Withdrawn,6,3.0,0.7313432835820896,P3,48,96,49
597582,Fail,2,42.0,1.0,P3,48,96,49
597689,Fail,9,5.0,0.6136363636363636,P3,48,96,49
597742,Pass,3,3.0,0.2545454545454545,P3,48,96,49
597790,Pass,12,1.0,0.26022304832713755,P3,48,96,49
597866,Fail,4,5.0,0.37254901960784315,P3,48,96,49
597878,Pass,18,2.0,0.37662337662337664,P3,48,96,49
597894,Pass,22,2.0,0.025943396226415096,P3,48,96,49
598000,Pass,12,2.0,0.35964912280701755,P3,48,96,49
598202,Fail,0,,,P3,48,96,49
598230,Pass,14,5.0,0.24193548387096775,P3,48,96,49
598243,Pass,14,0.0,0.04212860310421286,P3,48,96,49
598252,Pass,5,4.0,0.5737704918032787,P3,48,96,49
598253,Pass,1,46.0,1.0,P3,48,96,49
598260,Withdrawn,5,27.0,0.5102040816326531,P3,48,96,49
598351,Pass,1,5.0,0.0,P3,48,96,49
598462,Pass,3,4.0,0.45161290322580644,P3,48,96,49
598538,Fail,0,,,P3,48,96,49
598562,Fail,0,,,P3,48,96,49
598623,Pass,11,7.0,0.4745762711864407,P3,48,96,49
598709,Pass,22,2.0,0.3118811881188119,P3,48,96,49
598760,Pass,7,3.0,0.09411764705882353,P3,48,96,49
598865,Pass,6,6.0,0.5245901639344263,P3,48,96,49
598907,Pass,33,0.0,0.2798165137614679,P3,48,96,49
598914,Pass,3,39.0,0.8,P3,48,96,49
598969,Pass,34,0.0,0.068,P3,48,96,49
598986,Fail,11,0.0,0.10638297872340426,P3,48,96,49
599016,Pass,1,3.0,0.0,P3,48,96,49
599037,Pass,14,1.0,0.14227642276422764,P3,48,96,49
599292,Pass,23,0.0,0.3333333333333333,P3,48,96,49
599402,Pass,2,6.0,0.0,P3,48,96,49
599427,Fail,0,,,P3,48,96,49
599434,Fail,13,0.0,0.2903225806451613,P3,48,96,49
599639,Withdrawn,25,0.0,0.2113095238095238,P3,48,96,49
599640,Fail,0,,,P3,48,96,49
599644,Fail,13,0.0,0.0896551724137931,P3,48,96,49
599709,Fail,9,0.0,0.0410958904109589,P3,48,96,49
599739,Pass,5,2.0,0.7916666666666666,P3,48,96,49
599748,Pass,2,1.0,0.7547169811320755,P3,48,96,49
599785,Pass,4,3.0,0.23958333333333334,P3,48,96,49
599787,Pass,14,4.0,0.0784313725490196,P3,48,96,49
599794,Pass,30,0.0,0.2617702448210923,P3,48,96,49
599802,Fail,0,,,P3,48,96,49
599836,Pass,8,9.0,0.2125,P3,48,96,49
599840,Fail,5,19.0,0.5818181818181818,P3,48,96,49
599895,Pass,21,0.0,0.11510791366906475,P3,48,96,49
599908,Pass,17,0.0,0.3017241379310345,P3,48,96,49
600121,Pass,44,0.0,0.10471976401179942,P3,48,96,49
600211,Fail,0,,,P3,48,96,49
600263,Fail,0,,,P3,48,96,49
600279,Pass,25,0.0,0.13013698630136986,P3,48,96,49
600370,Pass,10,0.0,0.7719298245614035,P3,48,96,49
600428,Withdrawn,0,,,P3,48,96,49
600470,Fail,11,2.0,0.061224489795918366,P3,48,96,49
600476,Fail,0,,,P3,48,96,49
600541,Withdrawn,0,,,P3,48,96,49
600579,Withdrawn,0,,,P3,48,96,49
600740,Pass,7,5.0,0.3023255813953488,P3,48,96,49
600749,Fail,0,,,P3,48,96,49
600770,Fail,0,,,P3,48,96,49
600771,Pass,8,3.0,0.3644859813084112,P3,48,96,49
600845,Fail,0,,,P3,48,96,49
600966,Pass,12,2.0,0.140625,P3,48,96,49
600967,Fail,0,,,P3,48,96,49
600999,Fail,1,6.0,0.0,P3,48,96,49
601251,Pass,9,6.0,0.379746835443038,P3,48,96,49
601269,Pass,8,1.0,0.21495327102803738,P3,48,96,49
601455,Pass,6,3.0,0.05714285714285714,P3,48,96,49
601472,Withdrawn,8,5.0,0.2840909090909091,P3,48,96,49
601499,Pass,8,2.0,0.4404332129963899,P3,48,96,49
601504,Pass,33,0.0,0.10114942528735632,P3,48,96,49
601505,Fail,8,1.0,0.5254237288135594,P3,48,96,49
601551,Fail,8,4.0,0.05504587155963303,P3,48,96,49
601558,Fail,3,3.0,0.0,P3,48,96,49
601635,Pass,8,4.0,0.2975206611570248,P3,48,96,49
601655,Pass,16,6.0,0.2727272727272727,P3,48,96,49
601706,Withdrawn,20,1.0,0.19029850746268656,P3,48,96,49
601885,Pass,7,5.0,0.24489795918367346,P3,48,96,49
601887,Pass,1,41.0,0.0,P3,48,96,49
601896,Fail,9,0.0,0.5897435897435898,P3,48,96,49
601934,Fail,24,0.0,0.21630094043887146,P3,48,96,49
601951,Fail,17,0.0,0.36329588014981273,P3,48,96,49
602009,Pass,9,3.0,0.36923076923076925,P3,48,96,49
602014,Pass,10,0.0,0.2894736842105263,P3,48,96,49
602032,Fail,0,,,P3,48,96,49
602066,Pass,9,4.0,0.3333333333333333,P3,48,96,49
602147,Pass,2,5.0,0.0,P3,48,96,49
602245,Pass,30,0.0,0.17463322290582112,P3,48,96,49
602324,Fail,7,0.0,0.2948717948717949,P3,48,96,49
602395,Pass,8,3.0,0.43037974683544306,P3,48,96,49
602458,Pass,13,0.0,0.20161290322580644,P3,48,96,49
602483,Fail,4,1.0,0.3181818181818182,P3,48,96,49
602496,Pass,6,1.0,0.3113207547169811,P3,48,96,49
602598,Fail,0,,,P3,48,96,49
602739,Withdrawn,2,17.0,0.6296296296296297,P3,48,96,49
602767,Fail,2,18.0,0.7358490566037735,P3,48,96,49
602826,Fail,14,1.0,0.02702702702702703,P3,48,96,49
603012,Pass,12,3.0,0.13513513513513514,P3,48,96,49
603035,Pass,2,38.0,0.9473684210526315,P3,48,96,49
603036,Pass,4,8.0,0.17307692307692307,P3,48,96,49
603038,Pass,3,42.0,1.0,P3,48,96,49
603123,Pass,3,4.0,0.0,P3,48,96,49
603210,Pass,6,8.0,0.41875,P3,48,96,49
603265,Fail,3,5.0,0.3389830508474576,P3,48,96,49
603270,Fail,18,0.0,0.517948717948718,P3,48,96,49
603287,Pass,2,41.0,0.13636363636363635,P3,48,96,49
603398,Pass,10,3.0,0.0962962962962963,P3,48,96,49
603440,Pass,17,0.0,0.5277777777777778,P3,48,96,49
603446,Pass,11,2.0,0.6208791208791209,P3,48,96,49
603601,Pass,21,0.0,0.18478260869565216,P3,48,96,49
603661,Pass,9,0.0,0.5421686746987951,P3,48,96,49
603818,Withdrawn,6,5.0,0.31683168316831684,P3,48,96,49
603908,Pass,4,19.0,0.05555555555555555,P3,48,96,49
604095,Fail,3,5.0,0.5,P3,48,96,49
604147,Fail,6,3.0,0.2391304347826087,P3,48,96,49
604154,Pass,2,5.0,0.0,P3,48,96,49
604187,Pass,10,3.0,0.36129032258064514,P3,48,96,49
604196,Pass,5,7.0,0.84375,P3,48,96,49
604200,Pass,41,0.0,0.16674429436422916,P3,48,96,49
604204,Pass,11,0.0,0.07643312101910828,P3,48,96,49
604238,Pass,17,2.0,0.4161849710982659,P3,48,96,49
604292,Pass,22,0.0,0.34085510688836107,P3,48,96,49
604356,Pass,13,1.0,0.22346368715083798,P3,48,96,49
604543,Pass,7,3.0,0.006060606060606061,P3,48,96,49
604556,Pass,4,6.0,0.53125,P3,48,96,49
604731,Fail,5,3.0,0.42168674698795183,P3,48,96,49
604752,Fail,1,7.0,0.0,P3,48,96,49
604916,Pass,11,0.0,0.44329896907216493,P3,48,96,49
604917,Pass,9,5.0,0.43956043956043955,P3,48,96,49
604919,Pass,7,1.0,0.425531914893617,P3,48,96,49
604921,Fail,33,2.0,0.11864406779661017,P3,48,96,49
604923,Fail,1,4.0,0.0,P3,48,96,49
604932,Pass,7,9.0,0.10869565217391304,P3,48,96,49
604939,Fail,4,1.0,0.0,P3,48,96,49
604942,Pass,11,12.0,0.6296296296296297,P3,48,96,49
604951,Fail,2,5.0,0.0,P3,48,96,49
604966,Pass,33,0.0,0.2827763496143959,P3,48,96,49
604982,Pass,10,4.0,0.3484848484848485,P3,48,96,49
605009,Pass,8,4.0,0.0,P3,48,96,49
605102,Pass,10,6.0,0.28205128205128205,P3,48,96,49
605207,Pass,19,3.0,0.5207373271889401,P3,48,96,49
605246,Pass,4,3.0,0.4642857142857143,P3,48,96,49
605255,Fail,8,0.0,0.5714285714285714,P3,48,96,49
605309,Fail,0,,,P3,48,96,49
605327,Fail,6,1.0,0.38613861386138615,P3,48,96,49
605390,Pass,6,8.0,0.4461538461538462,P3,48,96,49
605505,Withdrawn,4,17.0,0.0,P3,48,96,49
605594,Fail,2,46.0,1.0,P3,48,96,49
605595,Fail,6,21.0,0.5847457627118644,P3,48,96,49
605679,Pass,4,6.0,0.5,P3,48,96,49
605832,Pass,1,46.0,1.0,P3,48,96,49
605854,Fail,2,5.0,0.36363636363636365,P3,48,96,49
605916,Pass,15,2.0,0.5894308943089431,P3,48,96,49
605930,Pass,4,4.0,0.5522388059701493,P3,48,96,49
606063,Withdrawn,0,,,P3,48,96,49
606097,Pass,12,0.0,0.10619469026548672,P3,48,96,49
606194,Pass,25,0.0,0.24203821656050956,P3,48,96,49
606229,Pass,3,4.0,0.4888888888888889,P3,48,96,49
606355,Withdrawn,23,3.0,0.24193548387096775,P3,48,96,49
606377,Pass,2,5.0,0.58,P3,48,96,49
606410,Pass,6,0.0,0.15,P3,48,96,49
606412,Pass,0,,,P3,48,96,49
606414,Pass,8,0.0,0.0967741935483871,P3,48,96,49
606420,Pass,17,0.0,0.016,P3,48,96,49
606422,Pass,5,3.0,0.13934426229508196,P3,48,96,49
606458,Pass,3,9.0,0.9629629629629629,P3,48,96,49
606465,Pass,3,3.0,0.9090909090909091,P3,48,96,49
606477,Withdrawn,0,,,P3,48,96,49
606546,Pass,7,0.0,0.484375,P3,48,96,49
606572,Pass,19,0.0,0.2850678733031674,P3,48,96,49
606651,Fail,2,8.0,0.8888888888888888,P3,48,96,49
606685,Pass,18,0.0,0.5135135135135135,P3,48,96,49
606697,Pass,8,3.0,0.1650485436893204,P3,48,96,49
606762,Fail,4,5.0,0.0,P3,48,96,49
607097,Pass,10,2.0,0.1602787456445993,P3,48,96,49
607300,Fail,1,44.0,1.0,P3,48,96,49
607382,Fail,0,,,P3,48,96,49
607398,Fail,21,0.0,0.19959677419354838,P3,48,96,49
607493,Pass,12,2.0,0.6984126984126984,P3,48,96,49
607642,Pass,2,6.0,0.42857142857142855,P3,48,96,49
607699,Fail,3,44.0,1.0,P3,48,96,49
607725,Pass,3,8.0,0.42857142857142855,P3,48,96,49
607735,Pass,15,1.0,0.043478260869565216,P3,48,96,49
607778,Pass,5,0.0,0.15476190476190477,P3,48,96,49
607804,Pass,5,4.0,0.3076923076923077,P3,48,96,49
607808,Fail,2,5.0,0.0,P3,48,96,49
607848,Withdrawn,12,4.0,0.02564102564102564,P3,48,96,49
607887,Pass,6,6.0,0.5783132530120482,P3,48,96,49
607889,Pass,12,3.0,0.3185840707964602,P3,48,96,49
607914,Pass,19,2.0,0.46534653465346537,P3,48,96,49
607937,Pass,29,0.0,0.0686456400742115,P3,48,96,49
608000,Pass,11,4.0,0.38524590163934425,P3,48,96,49
608041,Pass,14,2.0,0.17391304347826086,P3,48,96,49
608047,Pass,5,0.0,0.5645161290322581,P3,48,96,49
608264,Pass,6,6.0,0.2865853658536585,P3,48,96,49
608419,Pass,19,2.0,0.24375,P3,48,96,49
608497,Withdrawn,2,0.0,0.0,P3,48,96,49
608564,Fail,3,6.0,0.4375,P3,48,96,49
608578,Pass,11,0.0,0.14634146341463414,P3,48,96,49
608623,Pass,1,47.0,1.0,P3,48,96,49
608647,Pass,1,48.0,1.0,P3,48,96,49
608738,Fail,12,3.0,0.021052631578947368,P3,48,96,49
608766,Pass,11,0.0,0.41304347826086957,P3,48,96,49
608939,Fail,0,,,P3,48,96,49
608942,Withdrawn,11,4.0,0.24528301886792453,P3,48,96,49
609010,Pass,5,0.0,0.0,P3,48,96,49
609046,Pass,9,2.0,0.28,P3,48,96,49
609047,Fail,13,1.0,0.2074468085106383,P3,48,96,49
609307,Pass,8,0.0,0.3879003558718861,P3,48,96,49
609510,Fail,6,0.0,0.4791666666666667,P3,48,96,49
609679,Pass,12,3.0,0.1417910447761194,P3,48,96,49
609704,Pass,9,0.0,0.5542168674698795,P3,48,96,49
609764,Fail,0,,,P3,48,96,49
609804,Fail,3,6.0,0.9736842105263158,P3,48,96,49
609812,Pass,2,3.0,0.3695652173913043,P3,48,96,49
609815,Pass,5,4.0,0.16666666666666666,P3,48,96,49
609817,Pass,10,4.0,0.3644859813084112,P3,48,96,49
609850,Fail,0,,,P3,48,96,49
609864,Pass,5,5.0,0.15,P3,48,96,49
609871,Pass,1,2.0,0.0,P3,48,96,49
609873,Withdrawn,5,4.0,0.0,P3,48,96,49
609887,Fail,0,,,P3,48,96,49
610059,Pass,6,7.0,0.2549019607843137,P3,48,96,49
610260,Pass,7,10.0,0.38028169014084506,P3,48,96,49
610362,Pass,6,29.0,0.376,P3,48,96,49
610423,Fail,8,4.0,0.6461538461538462,P3,48,96,49
610428,Pass,4,2.0,0.28,P3,48,96,49
610553,Pass,5,17.0,0.043478260869565216,P3,48,96,49
610700,Fail,0,,,P3,48,96,49
610725,Pass,2,3.0,0.07142857142857142,P3,48,96,49
610731,Fail,3,6.0,0.48936170212765956,P3,48,96,49
610740,Fail,0,,,P3,48,96,49
610745,Pass,11,3.0,0.5912408759124088,P3,48,96,49
610751,Fail,0,,,P3,48,96,49
610763,Pass,11,4.0,0.0,P3,48,96,49
610776,Fail,0,,,P3,48,96,49
610780,Fail,2,6.0,0.32558139534883723,P3,48,96,49
610802,Withdrawn,13,2.0,0.0,P3,48,96,49
610804,Fail,3,2.0,0.0,P3,48,96,49
610906,Pass,16,2.0,0.25333333333333335,P3,48,96,49
611004,Fail,0,,,P3,48,96,49
611012,Pass,7,2.0,0.0,P3,48,96,49
611017,Pass,5,25.0,0.6125,P3,48,96,49
611023,Pass,2,5.0,0.5,P3,48,96,49
611048,Fail,0,,,P3,48,96,49
611051,Fail,0,,,P3,48,96,49
611060,Pass,9,2.0,0.49404761904761907,P3,48,96,49
611096,Fail,0,,,P3,48,96,49
611182,Fail,1,6.0,0.0,P3,48,96,49
611228,Pass,10,3.0,0.3816793893129771,P3,48,96,49
611268,Fail,12,6.0,0.7536945812807881,P3,48,96,49
611345,Withdrawn,0,,,P3,48,96,49
611531,Pass,36,0.0,0.2744479495268139,P3,48,96,49
611688,Pass,22,1.0,0.42418772563176893,P3,48,96,49
611690,Pass,6,4.0,0.52,P3,48,96,49
612210,Pass,10,6.0,0.11029411764705882,P3,48,96,49
612217,Pass,5,41.0,0.875,P3,48,96,49
612252,Pass,7,3.0,0.6282051282051282,P3,48,96,49
612255,Pass,13,1.0,0.08547008547008547,P3,48,96,49
612355,Pass,9,7.0,0.2074074074074074,P3,48,96,49
612361,Pass,12,1.0,0.23076923076923078,P3,48,96,49
612484,Pass,16,2.0,0.4527363184079602,P3,48,96,49
612517,Pass,0,,,P3,48,96,49
612684,Pass,13,1.0,0.5948275862068966,P3,48,96,49
612757,Pass,15,3.0,0.04807692307692308,P3,48,96,49
612891,Pass,18,2.0,0.16633663366336635,P3,48,96,49
613051,Fail,0,,,P3,48,96,49
613158,Pass,7,4.0,0.24468085106382978,P3,48,96,49
613171,Pass,14,1.0,0.05673758865248227,P3,48,96,49
613173,Pass,4,13.0,0.5849056603773585,P3,48,96,49
613175,Fail,6,7.0,0.23684210526315788,P3,48,96,49
613177,Pass,17,4.0,0.3746031746031746,P3,48,96,49
613191,Withdrawn,0,,,P3,48,96,49
613196,Pass,2,38.0,0.02631578947368421,P3,48,96,49
613199,Withdrawn,8,2.0,0.5677966101694916,P3,48,96,49
613200,Pass,20,1.0,0.18220338983050846,P3,48,96,49
613208,Pass,7,3.0,0.6727941176470589,P3,48,96,49
613293,Pass,13,3.0,0.18404907975460122,P3,48,96,49
613298,Withdrawn,0,,,P3,48,96,49
613416,Pass,3,3.0,0.0,P3,48,96,49
613418,Pass,16,3.0,0.09859154929577464,P3,48,96,49
613738,Pass,15,0.0,0.16326530612244897,P3,48,96,49
614013,Pass,5,0.0,0.021739130434782608,P3,48,96,49
614064,Pass,12,2.0,0.38461538461538464,P3,48,96,49
614068,Withdrawn,10,5.0,0.029197080291970802,P3,48,96,49
614072,Pass,14,1.0,0.034482758620689655,P3,48,96,49
614148,Fail,6,2.0,0.0,P3,48,96,49
614556,Pass,5,3.0,0.6428571428571429,P3,48,96,49
615148,Withdrawn,3,6.0,0.7636363636363637,P3,48,96,49
616342,Pass,10,2.0,0.3333333333333333,P3,48,96,49
616735,Pass,4,11.0,0.8529411764705882,P3,48,96,49
617116,Pass,1,6.0,0.0,P3,48,96,49
617472,Pass,6,9.0,0.20149253731343283,P3,48,96,49
619082,Pass,31,0.0,0.20481927710843373,P3,48,96,49
619941,Pass,12,0.0,0.5572033898305084,P3,48,96,49
1105438,Pass,2,42.0,1.0,P3,48,96,49
1399285,Pass,6,1.0,0.0,P3,48,96,49
1405594,Pass,34,0.0,0.262660364618501,P3,48,96,49
1411627,Pass,33,0.0,0.15654205607476634,P3,48,96,49
1421720,Pass,20,2.0,0.035555555555555556,P3,48,96,49
1440341,Pass,22,0.0,0.44881889763779526,P3,48,96,49
1467014,Pass,22,0.0,0.14948453608247422,P3,48,96,49
1503056,Pass,3,24.0,0.0,P3,48,96,49
1521687,Fail,0,,,P3,48,96,49
1536774,Pass,15,1.0,0.039285714285714285,P3,48,96,49
1541133,Fail,34,0.0,0.3503480278422274,P3,48,96,49
1594621,Pass,5,16.0,0.967741935483871,P3,48,96,49
1627017,Pass,12,2.0,0.33076923076923076,P3,48,96,49
1695710,Pass,16,0.0,0.5801886792452831,P3,48,96,49
1731564,Pass,7,0.0,0.4482758620689655,P3,48,96,49
1778145,Pass,15,2.0,0.084070796460177,P3,48,96,49
1781804,Fail,3,6.0,0.0,P3,48,96,49
1797168,Pass,5,6.0,0.39316239316239315,P3,48,96,49
1903677,Pass,2,11.0,0.9411764705882353,P3,48,96,49
1910175,Pass,12,1.0,0.13537117903930132,P3,48,96,49
1935487,Withdrawn,6,3.0,0.36363636363636365,P3,48,96,49
1946308,Pass,18,1.0,0.32679738562091504,P3,48,96,49
1963287,Fail,0,,,P3,48,96,49
1990650,Fail,0,,,P3,48,96,49
1993672,Withdrawn,3,1.0,0.9230769230769231,P3,48,96,49
1998790,Fail,4,4.0,0.21052631578947367,P3,48,96,49
2001687,Pass,12,4.0,0.24096385542168675,P3,48,96,49
2002046,Pass,19,0.0,0.36507936507936506,P3,48,96,49
2006283,Pass,2,17.0,0.71875,P3,48,96,49
2023561,Withdrawn,4,6.0,0.5833333333333334,P3,48,96,49
2029037,Pass,17,0.0,0.0711743772241993,P3,48,96,49
2034300,Pass,2,0.0,0.0,P3,48,96,49
2044036,Fail,0,,,P3,48,96,49
2056947,Fail,0,,,P3,48,96,49
2061889,Pass,0,,,P3,48,96,49
2062995,Pass,7,0.0,0.07317073170731707,P3,48,96,49
2072166,Withdrawn,6,11.0,0.7837837837837838,P3,48,96,49
2078768,Pass,11,4.0,0.14705882352941177,P3,48,96,49
2083576,Pass,14,0.0,0.310126582278481,P3,48,96,49
2095379,Pass,4,6.0,0.5735294117647058,P3,48,96,49
2111015,Pass,6,0.0,0.24358974358974358,P3,48,96,49
2111666,Withdrawn,9,1.0,0.4024390243902439,P3,48,96,49
2115711,Pass,24,0.0,0.1658291457286432,P3,48,96,49
2128304,Pass,10,0.0,0.30864197530864196,P3,48,96,49
2132966,Pass,5,7.0,0.14383561643835616,P3,48,96,49
2140444,Fail,19,1.0,0.13815789473684212,P3,48,96,49
2147687,Fail,4,3.0,0.0,P3,48,96,49
2147929,Pass,7,9.0,0.6363636363636364,P3,48,96,49
2153026,Withdrawn,6,1.0,0.5897435897435898,P3,48,96,49
2160453,Pass,19,2.0,0.3076923076923077,P3,48,96,49
2164944,Fail,5,6.0,0.42105263157894735,P3,48,96,49
2174835,Pass,3,5.0,0.07692307692307693,P3,48,96,49
2192113,Withdrawn,0,,,P3,48,96,49
2196054,Pass,21,0.0,0.05476190476190476,P3,48,96,49
2210666,Fail,0,,,P3,48,96,49
2211448,Fail,0,,,P3,48,96,49
2214631,Pass,8,0.0,0.2638888888888889,P3,48,96,49
2225190,Fail,0,,,P3,48,96,49
2226301,Pass,7,2.0,0.0,P3,48,96,49
2227004,Withdrawn,1,6.0,0.0,P3,48,96,49
2229783,Fail,4,3.0,0.0,P3,48,96,49
2239140,Fail,0,,,P3,48,96,49
2242290,Fail,5,0.0,0.0,P3,48,96,49
2262671,Fail,2,6.0,0.1111111111111111,P3,48,96,49
2266650,Fail,4,3.0,0.0,P3,48,96,49
2271644,Pass,6,0.0,0.03,P3,48,96,49
2280314,Pass,22,0.0,0.5778781038374717,P3,48,96,49
2282129,Fail,4,6.0,0.5774647887323944,P3,48,96,49
2284583,Pass,18,2.0,0.38943894389438943,P3,48,96,49
2294490,Fail,17,1.0,0.1148936170212766,P3,48,96,49
2318763,Fail,5,23.0,0.0,P3,48,96,49
2320306,Pass,26,0.0,0.3212669683257919,P3,48,96,49
2334319,Pass,25,1.0,0.2268041237113402,P3,48,96,49
2346025,Fail,0,,,P3,48,96,49
2349825,Withdrawn,5,2.0,0.0,P3,48,96,49
2363875,Pass,4,3.0,0.2169811320754717,P3,48,96,49
2382253,Fail,10,0.0,0.13861386138613863,P3,48,96,49
2392824,Pass,13,4.0,0.4424778761061947,P3,48,96,49
2396786,Fail,0,,,P3,48,96,49
2400851,Pass,11,3.0,0.25,P3,48,96,49
2411595,Pass,14,0.0,0.0975609756097561,P3,48,96,49
2416774,Pass,10,2.0,0.3880597014925373,P3,48,96,49
2420909,Pass,2,16.0,0.0,P3,48,96,49
2421929,Fail,8,0.0,0.0,P3,48,96,49
2425156,Pass,6,3.0,0.6862745098039216,P3,48,96,49
2444641,Fail,11,4.0,0.32727272727272727,P3,48,96,49
2451269,Pass,20,2.0,0.145,P3,48,96,49
2452289,Pass,12,2.0,0.5020746887966805,P3,48,96,49
2453657,Fail,9,3.0,0.31645569620253167,P3,48,96,49
2455066,Pass,18,0.0,0.21022727272727273,P3,48,96,49
2455578,Pass,13,3.0,0.45774647887323944,P3,48,96,49
2459051,Fail,1,6.0,0.0,P3,48,96,49
2460002,Fail,1,3.0,0.0,P3,48,96,49
2463213,Pass,38,0.0,0.2468905472636816,P3,48,96,49
2463950,Pass,9,0.0,0.0,P3,48,96,49
2464683,Pass,14,2.0,0.04954954954954955,P3,48,96,49
2468280,Pass,2,6.0,0.4642857142857143,P3,48,96,49
2510414,Fail,2,5.0,0.38235294117647056,P3,48,96,49
2512392,Pass,2,10.0,0.5,P3,48,96,49
2514379,Fail,6,11.0,0.6875,P3,48,96,49
2528352,Fail,4,4.0,0.4857142857142857,P3,48,96,49
2529306,Fail,4,40.0,0.6666666666666666,P3,48,96,49
2532647,Fail,3,13.0,0.875,P3,48,96,49
2544448,Fail,2,9.0,0.41935483870967744,P3,48,96,49
2550290,Fail,2,3.0,0.6666666666666666,P3,48,96,49
2553890,Pass,19,0.0,0.10135135135135136,P3,48,96,49
2564744,Pass,1,41.0,0.0,P3,48,96,49
2567158,Pass,24,0.0,0.20512820512820512,P3,48,96,49
2573353,Fail,18,0.0,0.0,P3,48,96,49
2575994,Fail,2,3.0,0.35135135135135137,P3,48,96,49
2578802,Pass,9,2.0,0.5411764705882353,P3,48,96,49
2579673,Fail,4,5.0,0.21621621621621623,P3,48,96,49
2583791,Fail,4,1.0,0.4421052631578947,P3,48,96,49
2584834,Pass,8,6.0,0.012658227848101266,P3,48,96,49
2585937,Pass,4,10.0,0.29508196721311475,P3,48,96,49
2587329,Pass,15,6.0,0.4200743494423792,P3,48,96,49
2588742,Pass,7,0.0,0.125,P3,48,96,49
2591421,Pass,8,2.0,0.02127659574468085,P3,48,96,49
2607641,Pass,9,4.0,0.2571428571428571,P3,48,96,49
2617839,Pass,6,2.0,0.4523809523809524,P3,48,96,49
2620279,Withdrawn,3,7.0,0.673469387755102,P3,48,96,49
2625315,Fail,12,1.0,0.013468013468013467,P3,48,96,49
2631545,Fail,0,,,P3,48,96,49
2638377,Pass,21,0.0,0.21768707482993196,P3,48,96,49
2642717,Pass,25,0.0,0.045454545454545456,P3,48,96,49
2650236,Fail,0,,,P3,48,96,49
2662716,Fail,4,3.0,0.0,P3,48,96,49
2664036,Fail,0,,,P3,48,96,49
2680344,Pass,16,0.0,0.28363636363636363,P3,48,96,49
2691100,Pass,9,5.0,0.047619047619047616,P3,48,96,49
2691566,Fail,4,2.0,0.43137254901960786,P3,48,96,49
27759,Fail,5,0.0,0.0,P4,97,131,35
30091,Pass,10,5.0,0.40764331210191085,P4,97,131,35
31849,Pass,9,0.0,0.509090909090909,P4,97,131,35
37622,Pass,9,2.0,0.17,P4,97,131,35
38234,Fail,1,34.0,1.0,P4,97,131,35
47855,Withdrawn,1,2.0,0.0,P4,97,131,35
48040,Pass,22,2.0,0.34210526315789475,P4,97,131,35
48503,Pass,6,3.0,0.21621621621621623,P4,97,131,35
52797,Pass,6,3.0,0.030534351145038167,P4,97,131,35
52899,Pass,25,0.0,0.08588957055214724,P4,97,131,35
55026,Pass,4,17.0,0.11764705882352941,P4,97,131,35
56340,Fail,0,,,P4,97,131,35
56789,Pass,4,19.0,0.15789473684210525,P4,97,131,35
57079,Fail,5,0.0,0.4084507042253521,P4,97,131,35
63044,Fail,4,0.0,0.0,P4,97,131,35
68556,Fail,0,,,P4,97,131,35
73489,Pass,21,0.0,0.16806722689075632,P4,97,131,35
84812,Pass,6,16.0,0.5217391304347826,P4,97,131,35
86291,Fail,3,22.0,0.09803921568627451,P4,97,131,35
90243,Pass,4,11.0,0.6,P4,97,131,35
96475,Pass,7,3.0,0.6666666666666666,P4,97,131,35
97567,Pass,4,6.0,0.6274509803921569,P4,97,131,35
98268,Pass,9,4.0,0.19130434782608696,P4,97,131,35
98720,Pass,6,6.0,0.5945945945945946,P4,97,131,35
100282,Withdrawn,0,,,P4,97,131,35
105527,Pass,16,0.0,0.25301204819277107,P4,97,131,35
105851,Pass,4,2.0,0.56,P4,97,131,35
105883,Pass,28,0.0,0.20119225037257824,P4,97,131,35
108118,Pass,3,5.0,0.0,P4,97,131,35
108760,Fail,6,0.0,0.21839080459770116,P4,97,131,35
109372,Pass,20,0.0,0.029082774049217,P4,97,131,35
109782,Withdrawn,4,7.0,0.5531914893617021,P4,97,131,35
111942,Pass,18,3.0,0.2629310344827586,P4,97,131,35
119898,Pass,3,7.0,0.7083333333333334,P4,97,131,35
123716,Pass,20,0.0,0.09243697478991597,P4,97,131,35
124909,Pass,21,2.0,0.21212121212121213,P4,97,131,35
128386,Fail,0,,,P4,97,131,35
128889,Pass,33,0.0,0.20474137931034483,P4,97,131,35
131051,Pass,22,1.0,0.05357142857142857,P4,97,131,35
132626,Withdrawn,7,1.0,0.65625,P4,97,131,35
134563,Pass,17,2.0,0.17316017316017315,P4,97,131,35
138289,Fail,5,1.0,0.825,P4,97,131,35
138920,Fail,4,6.0,0.0,P4,97,131,35
139549,Pass,3,0.0,0.9090909090909091,P4,97,131,35
141949,Pass,6,4.0,0.0,P4,97,131,35
146165,Pass,3,4.0,0.7777777777777778,P4,97,131,35
146600,Pass,3,15.0,0.0,P4,97,131,35
151800,Fail,1,0.0,0.0,P4,97,131,35
151917,Fail,9,1.0,0.14285714285714285,P4,97,131,35
153704,Fail,9,8.0,0.10810810810810811,P4,97,131,35
154011,Pass,3,20.0,0.11538461538461539,P4,97,131,35
156311,Pass,16,1.0,0.3888888888888889,P4,97,131,35
157060,Pass,2,25.0,0.8666666666666667,P4,97,131,35
157795,Pass,20,2.0,0.24623115577889448,P4,97,131,35
169213,Pass,9,4.0,0.1951219512195122,P4,97,131,35
174222,Pass,10,5.0,0.0,P4,97,131,35
174440,Fail,0,,,P4,97,131,35
174487,Pass,5,6.0,0.7272727272727273,P4,97,131,35
178738,Fail,3,6.0,0.0,P4,97,131,35
178963,Pass,0,,,P4,97,131,35
179254,Fail,0,,,P4,97,131,35
182661,Pass,0,,,P4,97,131,35
188026,Fail,10,0.0,0.10256410256410256,P4,97,131,35
189095,Fail,1,3.0,0.0,P4,97,131,35
191269,Pass,13,2.0,0.3055555555555556,P4,97,131,35
193215,Fail,0,,,P4,97,131,35
195096,Pass,9,11.0,0.15517241379310345,P4,97,131,35
197240,Pass,6,4.0,0.56,P4,97,131,35
197412,Pass,5,0.0,0.08695652173913043,P4,97,131,35
197759,Pass,14,0.0,0.04,P4,97,131,35
199663,Pass,6,3.0,0.8,P4,97,131,35
202879,Fail,0,,,P4,97,131,35
203640,Pass,6,7.0,0.29411764705882354,P4,97,131,35
205788,Pass,27,0.0,0.03187250996015936,P4,97,131,35
227416,Fail,1,34.0,1.0,P4,97,131,35
230081,Pass,16,3.0,0.13725490196078433,P4,97,131,35
231959,Withdrawn,4,10.0,0.2923076923076923,P4,97,131,35
233317,Pass,10,6.0,0.18,P4,97,131,35
233752,Pass,35,0.0,0.14198606271777003,P4,97,131,35
233957,Fail,4,11.0,0.41237113402061853,P4,97,131,35
234929,Fail,5,3.0,0.30434782608695654,P4,97,131,35
240993,Pass,17,0.0,0.047619047619047616,P4,97,131,35
241338,Fail,2,2.0,0.0,P4,97,131,35
242149,Fail,1,2.0,0.0,P4,97,131,35
242893,Withdrawn,2,13.0,0.5862068965517241,P4,97,131,35
243851,Pass,23,0.0,0.054945054945054944,P4,97,131,35
243909,Fail,0,,,P4,97,131,35
243992,Pass,3,9.0,0.7,P4,97,131,35
245987,Pass,1,31.0,1.0,P4,97,131,35
247902,Pass,6,6.0,0.4107142857142857,P4,97,131,35
248716,Pass,15,3.0,0.15254237288135594,P4,97,131,35
248800,Withdrawn,0,,,P4,97,131,35
251815,Fail,1,25.0,0.0,P4,97,131,35
252257,Pass,8,13.0,0.4025974025974026,P4,97,131,35
253577,Pass,19,3.0,0.2530487804878049,P4,97,131,35
256998,Pass,1,34.0,1.0,P4,97,131,35
260179,Pass,2,4.0,0.7,P4,97,131,35
261332,Fail,0,,,P4,97,131,35
261466,Pass,8,1.0,0.2066115702479339,P4,97,131,35
262639,Pass,7,5.0,0.030303030303030304,P4,97,131,35
264152,Pass,17,0.0,0.038461538461538464,P4,97,131,35
264744,Pass,10,2.0,0.39603960396039606,P4,97,131,35
265170,Fail,0,,,P4,97,131,35
266564,Pass,5,8.0,0.9615384615384616,P4,97,131,35
268589,Pass,19,2.0,0.30158730158730157,P4,97,131,35
269204,Pass,21,0.0,0.2569444444444444,P4,97,131,35
270646,Pass,2,19.0,0.0,P4,97,131,35
272172,Fail,0,,,P4,97,131,35
274247,Fail,4,18.0,0.8235294117647058,P4,97,131,35
274971,Pass,5,3.0,0.0,P4,97,131,35
276925,Withdrawn,13,0.0,0.32653061224489793,P4,97,131,35
277537,Fail,0,,,P4,97,131,35
278272,Fail,6,1.0,0.5,P4,97,131,35
278794,Pass,4,8.0,0.6285714285714286,P4,97,131,35
280140,Fail,0,,,P4,97,131,35
280151,Fail,0,,,P4,97,131,35
284906,Pass,11,0.0,0.1,P4,97,131,35
285050,Fail,6,11.0,0.44,P4,97,131,35
286690,Fail,7,1.0,0.3333333333333333,P4,97,131,35
287309,Pass,9,2.0,0.1,P4,97,131,35
287679,Pass,8,5.0,0.23655913978494625,P4,97,131,35
289753,Withdrawn,0,,,P4,97,131,35
289965,Fail,0,,,P4,97,131,35
292537,Pass,5,5.0,0.14285714285714285,P4,97,131,35
293760,Pass,3,0.0,0.7647058823529411,P4,97,131,35
301583,Fail,0,,,P4,97,131,35
301987,Pass,14,0.0,0.096045197740113,P4,97,131,35
303331,Withdrawn,17,0.0,0.018867924528301886,P4,97,131,35
303617,Fail,0,,,P4,97,131,35
305173,Fail,0,,,P4,97,131,35
305935,Fail,0,,,P4,97,131,35
306964,Pass,6,1.0,0.53125,P4,97,131,35
308509,Fail,0,,,P4,97,131,35
310125,Withdrawn,3,1.0,0.21739130434782608,P4,97,131,35
310933,Pass,3,8.0,0.16666666666666666,P4,97,131,35
314850,Withdrawn,0,,,P4,97,131,35
316076,Pass,22,0.0,0.1001788908765653,P4,97,131,35
318848,Pass,4,5.0,0.08823529411764706,P4,97,131,35
319618,Pass,6,0.0,0.16666666666666666,P4,97,131,35
320051,Pass,2,30.0,1.0,P4,97,131,35
320757,Pass,12,2.0,0.22033898305084745,P4,97,131,35
323090,Pass,4,4.0,0.0,P4,97,131,35
323606,Pass,11,3.0,0.33707865168539325,P4,97,131,35
324319,Withdrawn,0,,,P4,97,131,35
325887,Pass,19,0.0,0.15471698113207547,P4,97,131,35
329030,Fail,0,,,P4,97,131,35
333651,Withdrawn,6,1.0,0.0,P4,97,131,35
335136,Fail,7,0.0,0.0,P4,97,131,35
335481,Fail,0,,,P4,97,131,35
336478,Pass,5,8.0,0.23404255319148937,P4,97,131,35
336646,Fail,0,,,P4,97,131,35
337151,Pass,8,0.0,0.6428571428571429,P4,97,131,35
338741,Pass,10,1.0,0.2222222222222222,P4,97,131,35
339494,Pass,9,3.0,0.4262295081967213,P4,97,131,35
339608,Pass,2,30.0,1.0,P4,97,131,35
340911,Pass,6,1.0,0.0,P4,97,131,35
340965,Pass,6,2.0,0.3048780487804878,P4,97,131,35
342685,Pass,3,25.0,0.6666666666666666,P4,97,131,35
344568,Pass,6,5.0,0.6538461538461539,P4,97,131,35
345128,Fail,9,4.0,0.6885245901639344,P4,97,131,35
349554,Pass,13,0.0,0.3854166666666667,P4,97,131,35
349675,Fail,0,,,P4,97,131,35
352112,Pass,4,4.0,0.6296296296296297,P4,97,131,35
352688,Pass,12,0.0,0.3888888888888889,P4,97,131,35
354779,Pass,5,8.0,0.0,P4,97,131,35
360876,Fail,0,,,P4,97,131,35
364666,Fail,1,4.0,0.0,P4,97,131,35
364871,Pass,4,15.0,0.5531914893617021,P4,97,131,35
365169,Pass,13,0.0,0.14150943396226415,P4,97,131,35
365631,Pass,9,5.0,0.5666666666666667,P4,97,131,35
366524,Pass,12,1.0,0.013333333333333334,P4,97,131,35
367433,Pass,2,12.0,0.0,P4,97,131,35
368077,Pass,22,0.0,0.1974921630094044,P4,97,131,35
369986,Pass,11,0.0,0.018867924528301886,P4,97,131,35
370859,Pass,17,0.0,0.535483870967742,P4,97,131,35
372172,Fail,0,,,P4,97,131,35
372658,Pass,7,6.0,0.2777777777777778,P4,97,131,35
373174,Fail,0,,,P4,97,131,35
373269,Fail,10,1.0,0.21666666666666667,P4,97,131,35
373807,Fail,8,1.0,0.0,P4,97,131,35
373848,Pass,4,10.0,0.8513513513513513,P4,97,131,35
374038,Fail,5,6.0,0.6538461538461539,P4,97,131,35
375960,Pass,2,10.0,0.6521739130434783,P4,97,131,35
379210,Fail,4,1.0,0.0,P4,97,131,35
379983,Fail,0,,,P4,97,131,35
380205,Fail,2,5.0,0.0,P4,97,131,35
380240,Fail,11,1.0,0.38823529411764707,P4,97,131,35
381541,Pass,18,0.0,0.1791044776119403,P4,97,131,35
381669,Pass,8,2.0,0.5,P4,97,131,35
382575,Fail,9,0.0,0.3584905660377358,P4,97,131,35
382920,Pass,10,1.0,0.19230769230769232,P4,97,131,35
383303,Fail,4,28.0,1.0,P4,97,131,35
385040,Fail,0,,,P4,97,131,35
385820,Pass,15,3.0,0.37209302325581395,P4,97,131,35
386889,Pass,3,1.0,0.0,P4,97,131,35
387700,Fail,5,4.0,0.0,P4,97,131,35
388052,Pass,2,10.0,0.0,P4,97,131,35
388432,Fail,6,1.0,0.4186046511627907,P4,97,131,35
388549,Fail,0,,,P4,97,131,35
388975,Fail,3,7.0,0.7692307692307693,P4,97,131,35
389471,Fail,5,4.0,0.6216216216216216,P4,97,131,35
390958,Pass,13,7.0,0.14545454545454545,P4,97,131,35
392281,Fail,9,4.0,0.3382352941176471,P4,97,131,35
393327,Pass,8,4.0,0.17073170731707318,P4,97,131,35
395073,Fail,2,2.0,0.0,P4,97,131,35
398891,Pass,4,4.0,0.6956521739130435,P4,97,131,35
398956,Fail,1,19.0,0.0,P4,97,131,35
402993,Pass,8,0.0,0.4791666666666667,P4,97,131,35
404269,Pass,2,18.0,0.4426229508196721,P4,97,131,35
404708,Pass,19,0.0,0.3163097199341021,P4,97,131,35
405945,Pass,12,5.0,0.2964824120603015,P4,97,131,35
408975,Pass,2,1.0,0.0,P4,97,131,35
409160,Fail,0,,,P4,97,131,35
409930,Pass,7,0.0,0.0,P4,97,131,35
409945,Pass,2,33.0,1.0,P4,97,131,35
410052,Pass,3,20.0,0.6153846153846154,P4,97,131,35
410281,Fail,8,2.0,0.36764705882352944,P4,97,131,35
410537,Pass,3,13.0,0.0,P4,97,131,35
410842,Pass,7,7.0,0.24761904761904763,P4,97,131,35
411642,Pass,11,3.0,0.43859649122807015,P4,97,131,35
415216,Pass,6,4.0,0.06451612903225806,P4,97,131,35
415546,Fail,2,3.0,0.0,P4,97,131,35
417657,Fail,4,9.0,0.5555555555555556,P4,97,131,35
417785,Fail,0,,,P4,97,131,35
419375,Pass,25,0.0,0.14241486068111456,P4,97,131,35
420163,Pass,10,0.0,0.10810810810810811,P4,97,131,35
420724,Fail,1,34.0,1.0,P4,97,131,35
421018,Pass,0,,,P4,97,131,35
422223,Fail,0,,,P4,97,131,35
422479,Pass,9,0.0,0.4473684210526316,P4,97,131,35
423399,Pass,8,0.0,0.4634146341463415,P4,97,131,35
424539,Pass,7,2.0,0.64,P4,97,131,35
424637,Fail,2,31.0,1.0,P4,97,131,35
426458,Pass,7,0.0,0.38095238095238093,P4,97,131,35
427683,Withdrawn,0,,,P4,97,131,35
427921,Pass,20,0.0,0.3862815884476534,P4,97,131,35
428323,Pass,6,3.0,0.0,P4,97,131,35
428653,Pass,9,2.0,0.07272727272727272,P4,97,131,35
430392,Pass,2,29.0,1.0,P4,97,131,35
430708,Pass,12,2.0,0.09473684210526316,P4,97,131,35
431071,Fail,0,,,P4,97,131,35
432144,Pass,29,0.0,0.22459893048128343,P4,97,131,35
432237,Pass,1,10.0,0.0,P4,97,131,35
433280,Pass,3,11.0,0.3472222222222222,P4,97,131,35
433864,Pass,15,2.0,0.23178807947019867,P4,97,131,35
434397,Pass,6,5.0,0.31683168316831684,P4,97,131,35
434585,Pass,16,3.0,0.2573099415204678,P4,97,131,35
438551,Pass,14,0.0,0.22580645161290322,P4,97,131,35
439182,Pass,9,4.0,0.46153846153846156,P4,97,131,35
439294,Fail,0,,,P4,97,131,35
440225,Pass,1,34.0,1.0,P4,97,131,35
440563,Pass,35,0.0,0.172182006204757,P4,97,131,35
440593,Pass,3,23.0,0.8928571428571429,P4,97,131,35
440765,Fail,1,0.0,0.0,P4,97,131,35
442910,Pass,7,4.0,0.29310344827586204,P4,97,131,35
443923,Withdrawn,0,,,P4,97,131,35
444225,Fail,0,,,P4,97,131,35
444821,Pass,5,1.0,0.2923076923076923,P4,97,131,35
445351,Withdrawn,1,34.0,1.0,P4,97,131,35
445760,Pass,4,16.0,0.8717948717948718,P4,97,131,35
446345,Fail,1,27.0,0.0,P4,97,131,35
446873,Fail,0,,,P4,97,131,35
447086,Pass,1,34.0,1.0,P4,97,131,35
447516,Pass,4,24.0,0.8852459016393442,P4,97,131,35
464525,Pass,13,0.0,0.691358024691358,P4,97,131,35
465730,Fail,1,34.0,1.0,P4,97,131,35
466202,Pass,8,0.0,0.6,P4,97,131,35
466477,Pass,5,5.0,0.47619047619047616,P4,97,131,35
466800,Pass,5,2.0,0.6176470588235294,P4,97,131,35
466854,Fail,1,28.0,1.0,P4,97,131,35
468187,Fail,0,,,P4,97,131,35
469878,Pass,32,0.0,0.17207792207792208,P4,97,131,35
470869,Pass,2,2.0,0.6785714285714286,P4,97,131,35
471196,Pass,11,0.0,0.0,P4,97,131,35
471711,Pass,8,0.0,0.3888888888888889,P4,97,131,35
472262,Fail,6,2.0,0.6129032258064516,P4,97,131,35
472327,Pass,2,18.0,0.8888888888888888,P4,97,131,35
474071,Fail,1,29.0,1.0,P4,97,131,35
475241,Fail,0,,,P4,97,131,35
475594,Fail,2,2.0,0.0,P4,97,131,35
476278,Pass,22,0.0,0.11150442477876106,P4,97,131,35
476816,Fail,2,13.0,0.0,P4,97,131,35
477825,Pass,5,2.0,0.5,P4,97,131,35
478069,Pass,2,7.0,0.65,P4,97,131,35
478718,Fail,0,,,P4,97,131,35
478967,Fail,4,8.0,0.125,P4,97,131,35
479020,Pass,18,0.0,0.24250681198910082,P4,97,131,35
479170,Pass,25,0.0,0.19387755102040816,P4,97,131,35
479305,Pass,21,0.0,0.21484375,P4,97,131,35
480667,Withdrawn,12,1.0,0.011764705882352941,P4,97,131,35
482356,Pass,7,6.0,0.30434782608695654,P4,97,131,35
482680,Pass,9,2.0,0.023809523809523808,P4,97,131,35
482810,Pass,2,23.0,0.9411764705882353,P4,97,131,35
483646,Pass,4,2.0,0.23809523809523808,P4,97,131,35
483744,Withdrawn,10,3.0,0.06,P4,97,131,35
483876,Pass,5,15.0,0.3617021276595745,P4,97,131,35
484135,Pass,2,26.0,0.034482758620689655,P4,97,131,35
484301,Pass,16,0.0,0.12903225806451613,P4,97,131,35
484412,Pass,21,3.0,0.2107843137254902,P4,97,131,35
485006,Pass,16,0.0,0.2782608695652174,P4,97,131,35
485439,Withdrawn,0,,,P4,97,131,35
485762,Pass,7,1.0,0.4074074074074074,P4,97,131,35
485772,Fail,17,0.0,0.29508196721311475,P4,97,131,35
486004,Pass,3,10.0,0.06451612903225806,P4,97,131,35
487214,Fail,5,25.0,0.8095238095238095,P4,97,131,35
487371,Pass,13,0.0,0.22,P4,97,131,35
487681,Pass,14,3.0,0.13953488372093023,P4,97,131,35
488195,Pass,3,3.0,0.02702702702702703,P4,97,131,35
488427,Pass,15,1.0,0.23684210526315788,P4,97,131,35
489320,Pass,2,1.0,0.0,P4,97,131,35
489889,Pass,4,3.0,0.84375,P4,97,131,35
490500,Fail,0,,,P4,97,131,35
490677,Pass,12,2.0,0.07627118644067797,P4,97,131,35
490894,Fail,12,0.0,0.6418918918918919,P4,97,131,35
491097,Fail,4,16.0,0.6666666666666666,P4,97,131,35
491279,Pass,26,0.0,0.2446351931330472,P4,97,131,35
491907,Fail,0,,,P4,97,131,35
491966,Pass,2,18.0,0.9411764705882353,P4,97,131,35
492153,Pass,17,1.0,0.19421487603305784,P4,97,131,35
492286,Pass,4,18.0,0.35,P4,97,131,35
492726,Pass,11,8.0,0.5138888888888888,P4,97,131,35
493453,Pass,4,0.0,0.96875,P4,97,131,35
493465,Pass,10,3.0,0.13924050632911392,P4,97,131,35
493999,Fail,0,,,P4,97,131,35
494471,Fail,8,4.0,0.16666666666666666,P4,97,131,35
494960,Pass,13,0.0,0.3854166666666667,P4,97,131,35
495035,Pass,2,7.0,0.5588235294117647,P4,97,131,35
495449,Pass,17,2.0,0.5,P4,97,131,35
495509,Pass,1,19.0,0.0,P4,97,131,35
495625,Pass,9,0.0,0.0,P4,97,131,35
495879,Pass,16,0.0,0.20512820512820512,P4,97,131,35
495913,Pass,1,34.0,1.0,P4,97,131,35
496091,Fail,0,,,P4,97,131,35
496334,Fail,9,8.0,0.7083333333333334,P4,97,131,35
496442,Pass,6,5.0,0.07317073170731707,P4,97,131,35
497130,Pass,22,0.0,0.13690476190476192,P4,97,131,35
497632,Pass,10,3.0,0.11650485436893204,P4,97,131,35
498543,Pass,2,5.0,0.0,P4,97,131,35
498635,Pass,10,2.0,0.24096385542168675,P4,97,131,35
498755,Pass,4,9.0,0.8,P4,97,131,35
498841,Withdrawn,0,,,P4,97,131,35
498892,Fail,0,,,P4,97,131,35
499624,Withdrawn,2,19.0,0.3333333333333333,P4,97,131,35
499822,Withdrawn,0,,,P4,97,131,35
500016,Pass,3,12.0,0.0,P4,97,131,35
500135,Fail,10,4.0,0.06896551724137931,P4,97,131,35
500552,Pass,6,3.0,0.5714285714285714,P4,97,131,35
500668,Pass,10,0.0,0.5063291139240507,P4,97,131,35
501053,Fail,12,3.0,0.0,P4,97,131,35
501208,Pass,1,33.0,1.0,P4,97,131,35
501637,Pass,18,0.0,0.04060913705583756,P4,97,131,35
501862,Fail,0,,,P4,97,131,35
503322,Pass,14,0.0,0.05825242718446602,P4,97,131,35
503516,Fail,13,1.0,0.045454545454545456,P4,97,131,35
503804,Pass,6,1.0,0.12,P4,97,131,35
503878,Fail,5,0.0,0.37037037037037035,P4,97,131,35
504013,Pass,0,,,P4,97,131,35
504022,Pass,0,,,P4,97,131,35
504466,Pass,8,1.0,0.41025641025641024,P4,97,131,35
504635,Pass,1,32.0,1.0,P4,97,131,35
505413,Pass,2,6.0,0.7666666666666667,P4,97,131,35
505595,Withdrawn,2,18.0,0.0,P4,97,131,35
506185,Fail,9,8.0,0.36507936507936506,P4,97,131,35
506248,Fail,0,,,P4,97,131,35
506804,Pass,13,3.0,0.06349206349206349,P4,97,131,35
506980,Fail,0,,,P4,97,131,35
507016,Pass,12,0.0,0.5094339622641509,P4,97,131,35
507279,Fail,1,6.0,0.0,P4,97,131,35
507387,Fail,0,,,P4,97,131,35
507676,Fail,0,,,P4,97,131,35
508028,Pass,7,1.0,0.21348314606741572,P4,97,131,35
508079,Pass,4,19.0,0.8169014084507042,P4,97,131,35
508422,Fail,0,,,P4,97,131,35
508517,Fail,0,,,P4,97,131,35
508759,Withdrawn,27,0.0,0.1388888888888889,P4,97,131,35
509036,Fail,4,4.0,0.8076923076923077,P4,97,131,35
509236,Fail,3,11.0,0.9583333333333334,P4,97,131,35
509258,Fail,0,,,P4,97,131,35
509390,Fail,5,30.0,1.0,P4,97,131,35
509913,Fail,6,1.0,0.38095238095238093,P4,97,131,35
510149,Fail,20,1.0,0.05647840531561462,P4,97,131,35
510438,Fail,0,,,P4,97,131,35
510776,Fail,1,8.0,0.0,P4,97,131,35
510868,Withdrawn,0,,,P4,97,131,35
511678,Pass,34,0.0,0.18071428571428572,P4,97,131,35
512417,Pass,29,0.0,0.2426470588235294,P4,97,131,35
512581,Fail,26,0.0,0.08184143222506395,P4,97,131,35
512775,Pass,1,28.0,1.0,P4,97,131,35
512839,Fail,0,,,P4,97,131,35
512883,Withdrawn,2,17.0,0.9565217391304348,P4,97,131,35
512940,Pass,10,0.0,0.031496062992125984,P4,97,131,35
512977,Pass,4,0.0,0.7368421052631579,P4,97,131,35
513076,Fail,2,4.0,0.0,P4,97,131,35
514043,Pass,3,6.0,0.0,P4,97,131,35
514302,Pass,3,16.0,0.5135135135135135,P4,97,131,35
514445,Pass,5,4.0,0.0,P4,97,131,35
514776,Fail,4,8.0,0.9587628865979382,P4,97,131,35
514864,Pass,23,0.0,0.2222222222222222,P4,97,131,35
515203,Fail,1,28.0,1.0,P4,97,131,35
515417,Fail,1,8.0,0.0,P4,97,131,35
515646,Pass,10,3.0,0.6620370370370371,P4,97,131,35
515676,Pass,4,7.0,0.13953488372093023,P4,97,131,35
516364,Withdrawn,5,10.0,0.25925925925925924,P4,97,131,35
516926,Fail,3,4.0,0.058823529411764705,P4,97,131,35
517016,Fail,0,,,P4,97,131,35
517231,Pass,26,0.0,0.2413793103448276,P4,97,131,35
517352,Pass,12,5.0,0.24761904761904763,P4,97,131,35
517553,Withdrawn,0,,,P4,97,131,35
518126,Pass,5,1.0,0.5135135135135135,P4,97,131,35
518223,Pass,11,1.0,0.32,P4,97,131,35
518496,Pass,13,5.0,0.3333333333333333,P4,97,131,35
519294,Pass,4,4.0,0.8888888888888888,P4,97,131,35
519584,Pass,11,3.0,0.36486486486486486,P4,97,131,35
519622,Fail,1,13.0,0.0,P4,97,131,35
520002,Pass,34,0.0,0.15669856459330145,P4,97,131,35
520024,Withdrawn,3,0.0,0.0,P4,97,131,35
520100,Fail,0,,,P4,97,131,35
520325,Fail,3,4.0,0.16,P4,97,131,35
521341,Pass,26,0.0,0.1640378548895899,P4,97,131,35
521509,Pass,1,9.0,0.0,P4,97,131,35
521590,Pass,21,0.0,0.5183098591549296,P4,97,131,35
521666,Fail,0,,,P4,97,131,35
521895,Pass,2,33.0,1.0,P4,97,131,35
521957,Withdrawn,9,0.0,0.35294117647058826,P4,97,131,35
522426,Pass,17,1.0,0.024752475247524754,P4,97,131,35
522434,Pass,14,1.0,0.5180722891566265,P4,97,131,35
522441,Pass,2,1.0,0.6206896551724138,P4,97,131,35
522443,Fail,2,3.0,0.0,P4,97,131,35
522446,Pass,29,0.0,0.37283621837549935,P4,97,131,35
522529,Pass,8,1.0,0.41007194244604317,P4,97,131,35
522622,Pass,0,,,P4,97,131,35
522714,Pass,18,0.0,0.32682926829268294,P4,97,131,35
522792,Pass,19,0.0,0.19560878243512975,P4,97,131,35
522889,Fail,5,4.0,0.9215686274509803,P4,97,131,35
522891,Pass,12,0.0,0.304,P4,97,131,35
522894,Pass,19,0.0,0.128,P4,97,131,35
522899,Fail,14,0.0,0.030837004405286344,P4,97,131,35
523331,Fail,0,,,P4,97,131,35
523466,Pass,13,2.0,0.5949367088607594,P4,97,131,35
523545,Pass,7,0.0,0.4642857142857143,P4,97,131,35
523655,Pass,4,10.0,0.10638297872340426,P4,97,131,35
523757,Fail,0,,,P4,97,131,35
523857,Pass,21,0.0,0.09497206703910614,P4,97,131,35
523928,Pass,23,3.0,0.3157894736842105,P4,97,131,35
524076,Fail,0,,,P4,97,131,35
524496,Fail,0,,,P4,97,131,35
525877,Withdrawn,6,5.0,0.05555555555555555,P4,97,131,35
525885,Fail,4,7.0,0.0,P4,97,131,35
526088,Fail,1,33.0,1.0,P4,97,131,35
526177,Pass,2,3.0,0.8125,P4,97,131,35
526810,Withdrawn,15,3.0,0.4188034188034188,P4,97,131,35
527393,Pass,6,2.0,0.654320987654321,P4,97,131,35
527580,Pass,19,0.0,0.07526881720430108,P4,97,131,35
527636,Fail,9,2.0,0.31645569620253167,P4,97,131,35
527799,Fail,16,5.0,0.25925925925925924,P4,97,131,35
528056,Fail,0,,,P4,97,131,35
528464,Pass,2,11.0,0.5,P4,97,131,35
529000,Fail,0,,,P4,97,131,35
529597,Fail,4,5.0,0.5918367346938775,P4,97,131,35
529795,Fail,0,,,P4,97,131,35
530021,Fail,0,,,P4,97,131,35
530112,Fail,0,,,P4,97,131,35
530487,Pass,22,0.0,0.4634146341463415,P4,97,131,35
530514,Pass,7,5.0,0.6486486486486487,P4,97,131,35
530753,Fail,0,,,P4,97,131,35
530841,Pass,23,0.0,0.40969162995594716,P4,97,131,35
531384,Pass,29,0.0,0.19291338582677164,P4,97,131,35
532114,Withdrawn,2,14.0,0.0,P4,97,131,35
532335,Pass,12,0.0,0.4618055555555556,P4,97,131,35
532477,Pass,26,0.0,0.2840909090909091,P4,97,131,35
532739,Pass,1,34.0,1.0,P4,97,131,35
532839,Fail,10,1.0,0.42857142857142855,P4,97,131,35
532868,Fail,23,0.0,0.10612244897959183,P4,97,131,35
532869,Pass,22,0.0,0.11538461538461539,P4,97,131,35
533164,Withdrawn,3,17.0,0.9333333333333333,P4,97,131,35
533301,Pass,1,29.0,1.0,P4,97,131,35
534133,Pass,22,0.0,0.18200408997955012,P4,97,131,35
534323,Pass,2,0.0,0.0,P4,97,131,35
534816,Fail,3,3.0,0.8695652173913043,P4,97,131,35
534946,Pass,1,11.0,0.0,P4,97,131,35
534998,Pass,27,2.0,0.21145374449339208,P4,97,131,35
535269,Fail,0,,,P4,97,131,35
535379,Pass,2,10.0,0.0,P4,97,131,35
535833,Pass,5,2.0,0.43037974683544306,P4,97,131,35
536318,Pass,5,2.0,0.5555555555555556,P4,97,131,35
536632,Pass,4,26.0,0.8214285714285714,P4,97,131,35
536649,Fail,7,4.0,0.3392857142857143,P4,97,131,35
536660,Pass,4,13.0,0.15254237288135594,P4,97,131,35
536666,Pass,0,,,P4,97,131,35
536852,Fail,6,0.0,0.07407407407407407,P4,97,131,35
536992,Pass,1,33.0,1.0,P4,97,131,35
537271,Fail,0,,,P4,97,131,35
538210,Pass,3,1.0,0.0,P4,97,131,35
539426,Fail,0,,,P4,97,131,35
539670,Fail,0,,,P4,97,131,35
540005,Pass,0,,,P4,97,131,35
540249,Fail,8,0.0,0.0,P4,97,131,35
540293,Pass,6,6.0,0.6304347826086957,P4,97,131,35
540521,Pass,4,20.0,0.8333333333333334,P4,97,131,35
540602,Pass,9,0.0,0.10810810810810811,P4,97,131,35
540682,Pass,13,1.0,0.5,P4,97,131,35
541171,Withdrawn,9,1.0,0.5348837209302325,P4,97,131,35
542296,Pass,7,7.0,0.7368421052631579,P4,97,131,35
542472,Fail,0,,,P4,97,131,35
542707,Fail,2,33.0,1.0,P4,97,131,35
543279,Fail,1,10.0,0.0,P4,97,131,35
543418,Withdrawn,1,18.0,0.0,P4,97,131,35
543428,Pass,11,4.0,0.19444444444444445,P4,97,131,35
545200,Pass,6,4.0,0.6,P4,97,131,35
545297,Fail,1,32.0,1.0,P4,97,131,35
545298,Pass,2,30.0,1.0,P4,97,131,35
545443,Pass,3,3.0,0.2916666666666667,P4,97,131,35
545462,Pass,34,0.0,0.132890365448505,P4,97,131,35
546195,Fail,0,,,P4,97,131,35
546196,Pass,4,3.0,0.68,P4,97,131,35
547311,Fail,9,3.0,0.13008130081300814,P4,97,131,35
547718,Withdrawn,9,0.0,0.058823529411764705,P4,97,131,35
547979,Withdrawn,0,,,P4,97,131,35
548197,Pass,9,0.0,0.345679012345679,P4,97,131,35
548899,Pass,5,3.0,0.0,P4,97,131,35
549129,Pass,3,14.0,0.425,P4,97,131,35
549226,Fail,3,3.0,0.7666666666666667,P4,97,131,35
549445,Pass,5,0.0,0.296969696969697,P4,97,131,35
549586,Pass,1,31.0,1.0,P4,97,131,35
549745,Withdrawn,2,2.0,0.0,P4,97,131,35
549873,Fail,1,20.0,0.0,P4,97,131,35
549918,Fail,33,0.0,0.20593080724876442,P4,97,131,35
550412,Pass,3,10.0,0.391304347826087,P4,97,131,35
550941,Pass,11,4.0,0.058823529411764705,P4,97,131,35
551031,Fail,14,2.0,0.27522935779816515,P4,97,131,35
551205,Pass,3,25.0,0.9444444444444444,P4,97,131,35
551219,Pass,13,0.0,0.0,P4,97,131,35
551234,Pass,34,0.0,0.16885964912280702,P4,97,131,35
551347,Pass,7,2.0,0.49019607843137253,P4,97,131,35
551802,Fail,7,6.0,0.780952380952381,P4,97,131,35
551836,Pass,7,7.0,0.6818181818181818,P4,97,131,35
552116,Pass,19,6.0,0.205,P4,97,131,35
552177,Fail,0,,,P4,97,131,35
552205,Pass,15,0.0,0.34951456310679613,P4,97,131,35
552339,Pass,21,0.0,0.13815789473684212,P4,97,131,35
552515,Pass,1,24.0,0.0,P4,97,131,35
552622,Pass,20,1.0,0.36964980544747084,P4,97,131,35
552883,Fail,0,,,P4,97,131,35
553078,Pass,2,6.0,0.75,P4,97,131,35
553825,Pass,2,14.0,0.0,P4,97,131,35
553856,Pass,20,1.0,0.15865384615384615,P4,97,131,35
553893,Fail,0,,,P4,97,131,35
554243,Fail,6,5.0,0.42424242424242425,P4,97,131,35
554297,Fail,0,,,P4,97,131,35
554314,Fail,5,19.0,0.6666666666666666,P4,97,131,35
554540,Pass,13,0.0,0.1206896551724138,P4,97,131,35
555061,Fail,0,,,P4,97,131,35
555346,Pass,5,0.0,0.6388888888888888,P4,97,131,35
555721,Pass,11,0.0,0.4,P4,97,131,35
556062,Fail,0,,,P4,97,131,35
556175,Pass,4,4.0,0.6666666666666666,P4,97,131,35
556228,Pass,25,1.0,0.22994652406417113,P4,97,131,35
556427,Withdrawn,4,0.0,0.8,P4,97,131,35
556592,Pass,2,22.0,0.0,P4,97,131,35
556738,Fail,0,,,P4,97,131,35
556972,Pass,12,3.0,0.30666666666666664,P4,97,131,35
557652,Fail,13,0.0,0.1258741258741259,P4,97,131,35
558035,Withdrawn,3,0.0,0.0,P4,97,131,35
558333,Pass,1,28.0,1.0,P4,97,131,35
558533,Pass,3,0.0,0.6888888888888889,P4,97,131,35
558661,Fail,0,,,P4,97,131,35
558755,Fail,0,,,P4,97,131,35
558962,Pass,7,0.0,0.56,P4,97,131,35
558983,Fail,18,0.0,0.03286384976525822,P4,97,131,35
559168,Pass,7,6.0,0.0,P4,97,131,35
559382,Pass,15,3.0,0.35714285714285715,P4,97,131,35
559414,Pass,14,2.0,0.17391304347826086,P4,97,131,35
559584,Pass,2,32.0,1.0,P4,97,131,35
559685,Fail,4,5.0,0.6578947368421053,P4,97,131,35
559851,Pass,3,24.0,0.19607843137254902,P4,97,131,35
560030,Fail,0,,,P4,97,131,35
560074,Pass,11,0.0,0.034482758620689655,P4,97,131,35
560430,Fail,0,,,P4,97,131,35
560567,Pass,5,11.0,0.0,P4,97,131,35
560676,Fail,4,4.0,0.3333333333333333,P4,97,131,35
560773,Pass,6,0.0,0.0,P4,97,131,35
561457,Pass,15,1.0,0.06329113924050633,P4,97,131,35
561534,Pass,17,5.0,0.548,P4,97,131,35
561549,Fail,0,,,P4,97,131,35
561591,Pass,5,5.0,0.35,P4,97,131,35
561841,Pass,22,2.0,0.28530259365994237,P4,97,131,35
562090,Pass,6,10.0,0.5471698113207547,P4,97,131,35
562270,Pass,21,0.0,0.21247113163972287,P4,97,131,35
562456,Fail,12,0.0,0.13402061855670103,P4,97,131,35
563174,Fail,0,,,P4,97,131,35
563374,Fail,33,0.0,0.3132832080200501,P4,97,131,35
563706,Pass,14,0.0,0.3333333333333333,P4,97,131,35
563733,Pass,1,16.0,0.0,P4,97,131,35
563735,Pass,5,20.0,0.31746031746031744,P4,97,131,35
563769,Fail,3,14.0,0.8947368421052632,P4,97,131,35
563794,Pass,13,4.0,0.12345679012345678,P4,97,131,35
564105,Pass,26,0.0,0.21800947867298578,P4,97,131,35
564129,Pass,5,3.0,0.12,P4,97,131,35
564144,Pass,2,30.0,1.0,P4,97,131,35
564245,Pass,4,5.0,0.22580645161290322,P4,97,131,35
564268,Pass,7,3.0,0.6909090909090909,P4,97,131,35
564596,Withdrawn,3,4.0,0.5348837209302325,P4,97,131,35
564626,Fail,4,5.0,0.0,P4,97,131,35
564792,Fail,8,12.0,0.32653061224489793,P4,97,131,35
564958,Pass,11,0.0,0.26595744680851063,P4,97,131,35
565393,Fail,11,3.0,0.4416243654822335,P4,97,131,35
565582,Pass,4,5.0,0.2,P4,97,131,35
565607,Pass,15,3.0,0.6209677419354839,P4,97,131,35
565715,Pass,8,11.0,0.4050632911392405,P4,97,131,35
565888,Pass,4,30.0,1.0,P4,97,131,35
565919,Pass,9,0.0,0.11026615969581749,P4,97,131,35
566339,Pass,3,13.0,0.04,P4,97,131,35
566358,Fail,4,0.0,0.5757575757575758,P4,97,131,35
566369,Pass,10,8.0,0.34615384615384615,P4,97,131,35
566392,Fail,6,3.0,0.16,P4,97,131,35
566407,Pass,4,9.0,0.0,P4,97,131,35
566415,Pass,0,,,P4,97,131,35
566720,Pass,11,1.0,0.36134453781512604,P4,97,131,35
566813,Pass,5,1.0,0.14705882352941177,P4,97,131,35
566814,Pass,7,0.0,0.05263157894736842,P4,97,131,35
567013,Fail,0,,,P4,97,131,35
567160,Fail,2,8.0,0.0,P4,97,131,35
567262,Pass,0,,,P4,97,131,35
567363,Pass,7,1.0,0.4772727272727273,P4,97,131,35
567402,Pass,10,4.0,0.03773584905660377,P4,97,131,35
567429,Pass,5,5.0,0.8269230769230769,P4,97,131,35
567627,Pass,3,2.0,0.0,P4,97,131,35
567754,Pass,22,3.0,0.21551724137931033,P4,97,131,35
567915,Fail,6,3.0,0.7631578947368421,P4,97,131,35
567929,Fail,6,0.0,0.21875,P4,97,131,35
567958,Pass,4,4.0,0.8125,P4,97,131,35
567979,Pass,3,5.0,0.8666666666666667,P4,97,131,35
568074,Pass,7,1.0,0.5632183908045977,P4,97,131,35
568370,Withdrawn,14,0.0,0.11567164179104478,P4,97,131,35
568474,Pass,4,0.0,0.0,P4,97,131,35
568502,Pass,3,3.0,0.7619047619047619,P4,97,131,35
568609,Withdrawn,0,,,P4,97,131,35
569035,Pass,19,2.0,0.19291338582677164,P4,97,131,35
569141,Pass,2,12.0,0.3103448275862069,P4,97,131,35
569334,Fail,0,,,P4,97,131,35
569854,Pass,8,4.0,0.40476190476190477,P4,97,131,35
569862,Pass,7,4.0,0.05454545454545454,P4,97,131,35
569930,Pass,18,0.0,0.24615384615384617,P4,97,131,35
570137,Pass,24,2.0,0.09230769230769231,P4,97,131,35
570157,Pass,15,0.0,0.5102040816326531,P4,97,131,35
570168,Pass,32,0.0,0.11526282457251424,P4,97,131,35
570271,Pass,20,2.0,0.3735408560311284,P4,97,131,35
570287,Pass,4,5.0,0.13793103448275862,P4,97,131,35
570351,Pass,4,4.0,0.4583333333333333,P4,97,131,35
570519,Fail,0,,,P4,97,131,35
570623,Pass,22,1.0,0.21266968325791855,P4,97,131,35
570759,Pass,7,3.0,0.38596491228070173,P4,97,131,35
570783,Pass,8,7.0,0.8,P4,97,131,35
570864,Pass,3,13.0,0.95,P4,97,131,35
571083,Pass,6,1.0,0.673469387755102,P4,97,131,35
571441,Pass,1,33.0,1.0,P4,97,131,35
571503,Pass,8,13.0,0.6,P4,97,131,35
571516,Pass,7,4.0,0.1935483870967742,P4,97,131,35
571554,Pass,14,3.0,0.3626373626373626,P4,97,131,35
571672,Fail,0,,,P4,97,131,35
571681,Pass,17,0.0,0.16044776119402984,P4,97,131,35
571693,Fail,4,4.0,0.5348837209302325,P4,97,131,35
571779,Pass,6,6.0,0.29069767441860467,P4,97,131,35
571871,Pass,8,2.0,0.34,P4,97,131,35
571885,Pass,12,2.0,0.3333333333333333,P4,97,131,35
571907,Pass,7,0.0,0.12727272727272726,P4,97,131,35
572051,Pass,6,1.0,0.25,P4,97,131,35
572067,Pass,10,1.0,0.35,P4,97,131,35
572103,Pass,14,0.0,0.3471502590673575,P4,97,131,35
572131,Fail,0,,,P4,97,131,35
572163,Withdrawn,2,0.0,0.5238095238095238,P4,97,131,35
572173,Fail,0,,,P4,97,131,35
572277,Fail,1,28.0,1.0,P4,97,131,35
572302,Withdrawn,5,1.0,0.5714285714285714,P4,97,131,35
572416,Pass,12,1.0,0.0,P4,97,131,35
572447,Pass,0,,,P4,97,131,35
572504,Pass,12,0.0,0.010101010101010102,P4,97,131,35
572508,Pass,13,2.0,0.26495726495726496,P4,97,131,35
572514,Fail,5,0.0,0.5441176470588235,P4,97,131,35
572733,Pass,4,9.0,0.5588235294117647,P4,97,131,35
572739,Withdrawn,1,34.0,1.0,P4,97,131,35
572752,Pass,3,9.0,0.5428571428571428,P4,97,131,35
572765,Pass,5,4.0,0.4883720930232558,P4,97,131,35
572918,Fail,3,2.0,0.0,P4,97,131,35
572937,Fail,0,,,P4,97,131,35
573043,Pass,5,5.0,0.875,P4,97,131,35
573063,Pass,7,0.0,0.10843373493975904,P4,97,131,35
573208,Pass,3,5.0,0.0,P4,97,131,35
573217,Fail,0,,,P4,97,131,35
573223,Fail,0,,,P4,97,131,35
573225,Fail,3,10.0,0.42857142857142855,P4,97,131,35
573275,Fail,0,,,P4,97,131,35
573411,Pass,9,2.0,0.05714285714285714,P4,97,131,35
573433,Pass,28,0.0,0.16539923954372623,P4,97,131,35
573453,Pass,19,0.0,0.35,P4,97,131,35
573487,Fail,0,,,P4,97,131,35
573578,Pass,11,1.0,0.5555555555555556,P4,97,131,35
573654,Pass,16,5.0,0.23391812865497075,P4,97,131,35
573777,Pass,4,3.0,0.8245614035087719,P4,97,131,35
573790,Pass,4,9.0,0.3584905660377358,P4,97,131,35
573821,Pass,6,2.0,0.6181818181818182,P4,97,131,35
573831,Pass,5,6.0,0.8070175438596491,P4,97,131,35
573893,Fail,8,0.0,0.36893203883495146,P4,97,131,35
573986,Pass,3,28.0,1.0,P4,97,131,35
574002,Fail,7,3.0,0.7884615384615384,P4,97,131,35
574051,Fail,0,,,P4,97,131,35
574125,Pass,10,0.0,0.07777777777777778,P4,97,131,35
574194,Pass,11,2.0,0.3548387096774194,P4,97,131,35
574250,Pass,18,0.0,0.225,P4,97,131,35
574348,Pass,25,1.0,0.2126984126984127,P4,97,131,35
574549,Pass,6,1.0,0.3191489361702128,P4,97,131,35
574708,Fail,2,26.0,0.21052631578947367,P4,97,131,35
574766,Fail,8,7.0,0.726027397260274,P4,97,131,35
574973,Pass,24,0.0,0.08080808080808081,P4,97,131,35
575018,Pass,3,2.0,0.6818181818181818,P4,97,131,35
575089,Fail,6,2.0,0.36363636363636365,P4,97,131,35
575100,Fail,4,3.0,0.9615384615384616,P4,97,131,35
575124,Pass,17,0.0,0.18584070796460178,P4,97,131,35
575281,Fail,4,8.0,0.05,P4,97,131,35
575290,Pass,22,0.0,0.05405405405405406,P4,97,131,35
575387,Pass,27,0.0,0.14171122994652408,P4,97,131,35
575480,Fail,0,,,P4,97,131,35
575681,Pass,19,1.0,0.19047619047619047,P4,97,131,35
575929,Fail,12,1.0,0.13846153846153847,P4,97,131,35
575930,Pass,10,6.0,0.12048192771084337,P4,97,131,35
575982,Fail,9,5.0,0.2184873949579832,P4,97,131,35
576158,Pass,6,1.0,0.44,P4,97,131,35
576226,Fail,0,,,P4,97,131,35
576483,Pass,5,3.0,0.34,P4,97,131,35
576524,Fail,8,15.0,0.34,P4,97,131,35
576600,Pass,7,2.0,0.35555555555555557,P4,97,131,35
576714,Withdrawn,1,10.0,0.0,P4,97,131,35
576815,Fail,0,,,P4,97,131,35
576841,Pass,13,3.0,0.46296296296296297,P4,97,131,35
576882,Fail,15,0.0,0.5411764705882353,P4,97,131,35
576935,Fail,27,0.0,0.27485380116959063,P4,97,131,35
576940,Pass,31,0.0,0.06847826086956521,P4,97,131,35
576946,Pass,17,3.0,0.5288461538461539,P4,97,131,35
576947,Fail,0,,,P4,97,131,35
576981,Pass,2,26.0,0.64,P4,97,131,35
577099,Pass,7,1.0,0.35714285714285715,P4,97,131,35
577256,Pass,3,3.0,0.5,P4,97,131,35
577280,Pass,11,4.0,0.24752475247524752,P4,97,131,35
577286,Pass,3,24.0,0.8571428571428571,P4,97,131,35
577347,Fail,0,,,P4,97,131,35
577376,Pass,11,1.0,0.09433962264150944,P4,97,131,35
577498,Fail,8,3.0,0.47560975609756095,P4,97,131,35
577648,Fail,19,0.0,0.22916666666666666,P4,97,131,35
577680,Pass,21,1.0,0.05511811023622047,P4,97,131,35
577692,Fail,0,,,P4,97,131,35
577915,Pass,5,3.0,0.07692307692307693,P4,97,131,35
577949,Fail,0,,,P4,97,131,35
577980,Pass,11,1.0,0.47474747474747475,P4,97,131,35
578057,Fail,0,,,P4,97,131,35
578062,Fail,0,,,P4,97,131,35
578197,Pass,7,1.0,0.3888888888888889,P4,97,131,35
578362,Fail,15,1.0,0.21428571428571427,P4,97,131,35
578447,Pass,1,34.0,1.0,P4,97,131,35
578546,Pass,12,2.0,0.05194805194805195,P4,97,131,35
578578,Pass,11,6.0,0.5609756097560976,P4,97,131,35
578600,Pass,14,0.0,0.38190954773869346,P4,97,131,35
578676,Fail,3,9.0,0.7647058823529411,P4,97,131,35
578717,Pass,7,6.0,0.45652173913043476,P4,97,131,35
579279,Pass,6,2.0,0.41333333333333333,P4,97,131,35
579316,Pass,1,31.0,1.0,P4,97,131,35
579549,Pass,16,0.0,0.20454545454545456,P4,97,131,35
579571,Pass,8,0.0,0.4925373134328358,P4,97,131,35
579575,Pass,4,5.0,0.5769230769230769,P4,97,131,35
579619,Pass,25,0.0,0.19832985386221294,P4,97,131,35
579718,Fail,0,,,P4,97,131,35
579762,Pass,3,31.0,1.0,P4,97,131,35
580094,Pass,26,0.0,0.1099290780141844,P4,97,131,35
580314,Fail,0,,,P4,97,131,35
580346,Pass,35,0.0,0.17126436781609194,P4,97,131,35
580360,Pass,2,13.0,0.0,P4,97,131,35
580412,Withdrawn,2,26.0,0.38235294117647056,P4,97,131,35
580540,Pass,11,3.0,0.046511627906976744,P4,97,131,35
580592,Withdrawn,6,2.0,0.07692307692307693,P4,97,131,35
580612,Pass,19,0.0,0.15891472868217055,P4,97,131,35
580684,Fail,8,4.0,0.0,P4,97,131,35
580880,Pass,17,5.0,0.304,P4,97,131,35
580883,Pass,19,0.0,0.6357388316151202,P4,97,131,35
580960,Pass,8,8.0,0.07446808510638298,P4,97,131,35
580975,Fail,6,0.0,0.851063829787234,P4,97,131,35
581027,Fail,0,,,P4,97,131,35
581038,Fail,0,,,P4,97,131,35
581139,Pass,7,1.0,0.06976744186046512,P4,97,131,35
581235,Withdrawn,14,0.0,0.30097087378640774,P4,97,131,35
581305,Fail,3,15.0,0.0,P4,97,131,35
581431,Fail,3,11.0,0.5,P4,97,131,35
581530,Pass,0,,,P4,97,131,35
581586,Pass,11,2.0,0.12,P4,97,131,35
581625,Fail,0,,,P4,97,131,35
581657,Pass,3,3.0,0.25,P4,97,131,35
581826,Withdrawn,7,10.0,0.2608695652173913,P4,97,131,35
582093,Fail,0,,,P4,97,131,35
582123,Pass,1,12.0,0.0,P4,97,131,35
582184,Withdrawn,5,4.0,0.3448275862068966,P4,97,131,35
582190,Fail,6,0.0,0.4411764705882353,P4,97,131,35
582218,Fail,0,,,P4,97,131,35
582301,Fail,2,11.0,0.0,P4,97,131,35
582305,Pass,25,2.0,0.04230769230769231,P4,97,131,35
582390,Pass,5,2.0,0.0,P4,97,131,35
582394,Pass,17,5.0,0.3497536945812808,P4,97,131,35
582406,Pass,2,12.0,0.5,P4,97,131,35
582439,Fail,0,,,P4,97,131,35
582446,Pass,5,5.0,0.0,P4,97,131,35
582474,Pass,16,1.0,0.16033755274261605,P4,97,131,35
582574,Pass,15,0.0,0.17,P4,97,131,35
582578,Pass,10,2.0,0.34782608695652173,P4,97,131,35
582591,Fail,2,2.0,0.0,P4,97,131,35
582636,Pass,1,34.0,1.0,P4,97,131,35
582650,Pass,8,0.0,0.6170212765957447,P4,97,131,35
582833,Fail,1,34.0,1.0,P4,97,131,35
582878,Pass,7,2.0,0.125,P4,97,131,35
582940,Pass,1,33.0,1.0,P4,97,131,35
582975,Pass,10,0.0,0.0641025641025641,P4,97,131,35
583007,Fail,0,,,P4,97,131,35
583012,Pass,5,2.0,0.5555555555555556,P4,97,131,35
583039,Pass,6,0.0,0.01,P4,97,131,35
583098,Fail,3,10.0,0.0,P4,97,131,35
583113,Fail,3,0.0,0.6842105263157895,P4,97,131,35
583142,Withdrawn,7,0.0,0.0,P4,97,131,35
583191,Pass,4,1.0,0.8666666666666667,P4,97,131,35
583240,Fail,6,2.0,0.6388888888888888,P4,97,131,35
583301,Fail,0,,,P4,97,131,35
583367,Fail,0,,,P4,97,131,35
583433,Pass,11,0.0,0.0967741935483871,P4,97,131,35
583459,Pass,13,7.0,0.1267605633802817,P4,97,131,35
583473,Pass,0,,,P4,97,131,35
583534,Fail,0,,,P4,97,131,35
583598,Fail,0,,,P4,97,131,35
583609,Pass,21,0.0,0.03225806451612903,P4,97,131,35
583645,Pass,13,0.0,0.457286432160804,P4,97,131,35
583708,Pass,3,1.0,0.875,P4,97,131,35
583873,Pass,5,0.0,0.76,P4,97,131,35
583964,Pass,2,26.0,0.0,P4,97,131,35
583977,Fail,1,30.0,1.0,P4,97,131,35
584042,Pass,13,0.0,0.06666666666666667,P4,97,131,35
584178,Pass,2,31.0,1.0,P4,97,131,35
584238,Fail,0,,,P4,97,131,35
584325,Withdrawn,11,0.0,0.22413793103448276,P4,97,131,35
584408,Fail,0,,,P4,97,131,35
584580,Pass,1,33.0,1.0,P4,97,131,35
584611,Fail,1,33.0,1.0,P4,97,131,35
584735,Withdrawn,1,4.0,0.0,P4,97,131,35
584766,Pass,5,5.0,0.1864406779661017,P4,97,131,35
584813,Pass,7,3.0,0.0,P4,97,131,35
585074,Fail,0,,,P4,97,131,35
585170,Pass,15,0.0,0.02040816326530612,P4,97,131,35
585212,Pass,11,0.0,0.07142857142857142,P4,97,131,35
585406,Pass,0,,,P4,97,131,35
585603,Pass,2,6.0,0.0,P4,97,131,35
585611,Pass,6,5.0,0.3492063492063492,P4,97,131,35
585644,Pass,1,30.0,1.0,P4,97,131,35
585652,Pass,1,33.0,1.0,P4,97,131,35
585693,Pass,33,0.0,0.20327102803738317,P4,97,131,35
585779,Pass,20,2.0,0.2536231884057971,P4,97,131,35
585816,Fail,1,30.0,1.0,P4,97,131,35
585915,Fail,0,,,P4,97,131,35
585963,Fail,0,,,P4,97,131,35
586072,Fail,0,,,P4,97,131,35
586078,Pass,2,26.0,0.5,P4,97,131,35
586145,Fail,18,1.0,0.07462686567164178,P4,97,131,35
586165,Fail,1,34.0,1.0,P4,97,131,35
586346,Pass,26,0.0,0.26804123711340205,P4,97,131,35
586416,Pass,13,7.0,0.2764227642276423,P4,97,131,35
586440,Pass,4,9.0,0.9583333333333334,P4,97,131,35
586490,Fail,0,,,P4,97,131,35
586535,Pass,18,0.0,0.08843537414965986,P4,97,131,35
586581,Pass,4,1.0,0.0,P4,97,131,35
586720,Fail,2,24.0,0.1111111111111111,P4,97,131,35
586742,Pass,3,5.0,0.7272727272727273,P4,97,131,35
586836,Fail,3,20.0,0.0,P4,97,131,35
586843,Pass,5,0.0,0.0,P4,97,131,35
586882,Fail,0,,,P4,97,131,35
586928,Fail,4,0.0,0.76,P4,97,131,35
587051,Fail,0,,,P4,97,131,35
587071,Fail,0,,,P4,97,131,35
587192,Pass,10,0.0,0.456,P4,97,131,35
587194,Fail,1,33.0,1.0,P4,97,131,35
587297,Pass,5,7.0,0.5571428571428572,P4,97,131,35
587409,Pass,0,,,P4,97,131,35
587418,Pass,11,0.0,0.5446428571428571,P4,97,131,35
587564,Pass,10,4.0,0.3047619047619048,P4,97,131,35
587702,Pass,11,0.0,0.1111111111111111,P4,97,131,35
587732,Pass,11,2.0,0.359375,P4,97,131,35
587754,Pass,1,34.0,1.0,P4,97,131,35
587755,Pass,2,29.0,1.0,P4,97,131,35
587810,Pass,15,7.0,0.2696245733788396,P4,97,131,35
587824,Fail,2,2.0,0.0,P4,97,131,35
587838,Withdrawn,2,24.0,0.3442622950819672,P4,97,131,35
587923,Pass,1,34.0,1.0,P4,97,131,35
587961,Fail,8,5.0,0.14545454545454545,P4,97,131,35
588265,Pass,3,17.0,0.45348837209302323,P4,97,131,35
588321,Withdrawn,4,4.0,0.4594594594594595,P4,97,131,35
588355,Pass,4,19.0,0.43373493975903615,P4,97,131,35
588432,Fail,0,,,P4,97,131,35
588642,Pass,6,2.0,0.5833333333333334,P4,97,131,35
588713,Fail,0,,,P4,97,131,35
588910,Pass,24,0.0,0.2891566265060241,P4,97,131,35
589067,Pass,7,3.0,0.0,P4,97,131,35
589123,Pass,11,5.0,0.21649484536082475,P4,97,131,35
589296,Pass,19,1.0,0.32441471571906355,P4,97,131,35
589302,Pass,14,0.0,0.21212121212121213,P4,97,131,35
589509,Pass,6,3.0,0.7254901960784313,P4,97,131,35
589903,Pass,6,0.0,0.4807692307692308,P4,97,131,35
589950,Pass,3,1.0,0.6666666666666666,P4,97,131,35
590202,Pass,7,0.0,0.5425531914893617,P4,97,131,35
590231,Pass,14,0.0,0.1076923076923077,P4,97,131,35
590308,Fail,1,33.0,1.0,P4,97,131,35
590325,Pass,9,5.0,0.5581395348837209,P4,97,131,35
590360,Fail,0,,,P4,97,131,35
590362,Pass,5,0.0,0.0,P4,97,131,35
590365,Fail,0,,,P4,97,131,35
590372,Pass,17,2.0,0.3352941176470588,P4,97,131,35
590502,Fail,1,11.0,0.0,P4,97,131,35
590625,Pass,4,4.0,0.4642857142857143,P4,97,131,35
590867,Fail,0,,,P4,97,131,35
590923,Fail,0,,,P4,97,131,35
590931,Pass,14,0.0,0.5454545454545454,P4,97,131,35
591030,Pass,4,4.0,0.058823529411764705,P4,97,131,35
591034,Fail,2,4.0,0.0,P4,97,131,35
591223,Pass,27,0.0,0.1331521739130435,P4,97,131,35
591257,Fail,1,34.0,1.0,P4,97,131,35
591273,Pass,1,34.0,1.0,P4,97,131,35
591410,Fail,0,,,P4,97,131,35
591414,Pass,5,12.0,0.9333333333333333,P4,97,131,35
591420,Pass,4,6.0,0.9361702127659575,P4,97,131,35
591440,Fail,0,,,P4,97,131,35
591558,Pass,12,0.0,0.12213740458015267,P4,97,131,35
591574,Pass,24,0.0,0.10674157303370786,P4,97,131,35
591589,Pass,7,11.0,0.9117647058823529,P4,97,131,35
591591,Fail,5,11.0,0.46551724137931033,P4,97,131,35
591785,Fail,1,0.0,0.0,P4,97,131,35
591787,Pass,3,16.0,0.0,P4,97,131,35
591820,Pass,15,0.0,0.07657657657657657,P4,97,131,35
591978,Fail,13,0.0,0.3422818791946309,P4,97,131,35
592081,Fail,2,1.0,0.0,P4,97,131,35
592147,Pass,10,3.0,0.4,P4,97,131,35
592205,Pass,6,10.0,0.5714285714285714,P4,97,131,35
592256,Fail,0,,,P4,97,131,35
592290,Pass,7,1.0,0.625,P4,97,131,35
592317,Pass,8,0.0,0.05263157894736842,P4,97,131,35
592322,Pass,23,0.0,0.09,P4,97,131,35
592441,Pass,5,8.0,0.4393939393939394,P4,97,131,35
592480,Pass,7,0.0,0.6060606060606061,P4,97,131,35
592496,Pass,21,2.0,0.16611295681063123,P4,97,131,35
592618,Pass,14,1.0,0.43609022556390975,P4,97,131,35
592624,Pass,0,,,P4,97,131,35
592772,Pass,5,3.0,0.6226415094339622,P4,97,131,35
592815,Withdrawn,14,0.0,0.19327731092436976,P4,97,131,35
592854,Pass,7,6.0,0.6086956521739131,P4,97,131,35
592900,Pass,11,6.0,0.7303370786516854,P4,97,131,35
592949,Withdrawn,3,11.0,0.0,P4,97,131,35
593023,Pass,2,6.0,0.3611111111111111,P4,97,131,35
593081,Pass,6,10.0,0.08108108108108109,P4,97,131,35
593189,Fail,0,,,P4,97,131,35
593299,Fail,0,,,P4,97,131,35
593385,Pass,5,2.0,0.3114754098360656,P4,97,131,35
593421,Pass,2,10.0,0.9833333333333333,P4,97,131,35
593427,Pass,11,19.0,0.5555555555555556,P4,97,131,35
593444,Pass,6,2.0,0.02531645569620253,P4,97,131,35
593510,Pass,2,23.0,0.0,P4,97,131,35
593513,Pass,2,12.0,0.19230769230769232,P4,97,131,35
593514,Fail,5,14.0,0.8064516129032258,P4,97,131,35
593593,Pass,1,32.0,1.0,P4,97,131,35
593613,Fail,0,,,P4,97,131,35
593631,Pass,16,0.0,0.0949367088607595,P4,97,131,35
593685,Pass,1,34.0,1.0,P4,97,131,35
593692,Pass,16,1.0,0.06451612903225806,P4,97,131,35
593694,Pass,35,0.0,0.2352702153596099,P4,97,131,35
593695,Pass,6,6.0,0.7307692307692307,P4,97,131,35
593709,Fail,0,,,P4,97,131,35
593711,Pass,2,19.0,0.9285714285714286,P4,97,131,35
593712,Pass,3,14.0,0.6785714285714286,P4,97,131,35
593715,Pass,2,26.0,0.0,P4,97,131,35
593727,Pass,24,0.0,0.11239193083573487,P4,97,131,35
593743,Pass,9,5.0,0.6639344262295082,P4,97,131,35
593798,Pass,5,5.0,0.3103448275862069,P4,97,131,35
593871,Pass,21,4.0,0.2540983606557377,P4,97,131,35
593898,Pass,33,0.0,0.21891891891891893,P4,97,131,35
593900,Pass,8,1.0,0.07142857142857142,P4,97,131,35
594015,Pass,8,0.0,0.3235294117647059,P4,97,131,35
594038,Fail,2,20.0,0.96,P4,97,131,35
594056,Pass,10,0.0,0.0,P4,97,131,35
594456,Pass,10,4.0,0.1794871794871795,P4,97,131,35
594468,Pass,6,7.0,0.2222222222222222,P4,97,131,35
594497,Fail,2,9.0,0.8387096774193549,P4,97,131,35
594677,Pass,11,0.0,0.05263157894736842,P4,97,131,35
594697,Fail,0,,,P4,97,131,35
594762,Pass,10,0.0,0.6046511627906976,P4,97,131,35
594776,Pass,17,0.0,0.22641509433962265,P4,97,131,35
594845,Fail,8,0.0,0.3541666666666667,P4,97,131,35
594928,Pass,23,0.0,0.22268907563025211,P4,97,131,35
595010,Fail,0,,,P4,97,131,35
595094,Fail,2,6.0,0.0,P4,97,131,35
595103,Pass,10,3.0,0.4588235294117647,P4,97,131,35
595138,Pass,5,3.0,0.6268656716417911,P4,97,131,35
595241,Fail,0,,,P4,97,131,35
595295,Pass,3,5.0,0.03125,P4,97,131,35
595298,Fail,1,27.0,0.0,P4,97,131,35
595345,Pass,9,3.0,0.7831325301204819,P4,97,131,35
595436,Pass,2,7.0,0.0,P4,97,131,35
595499,Fail,1,33.0,1.0,P4,97,131,35
595509,Fail,0,,,P4,97,131,35
595570,Fail,19,0.0,0.35658914728682173,P4,97,131,35
595672,Fail,2,0.0,0.8787878787878788,P4,97,131,35
595678,Pass,4,2.0,0.6842105263157895,P4,97,131,35
595711,Fail,0,,,P4,97,131,35
595818,Pass,15,0.0,0.01652892561983471,P4,97,131,35
595854,Pass,6,5.0,0.32,P4,97,131,35
595874,Pass,1,26.0,0.0,P4,97,131,35
595877,Fail,0,,,P4,97,131,35
595925,Pass,7,0.0,0.09859154929577464,P4,97,131,35
596016,Fail,0,,,P4,97,131,35
596017,Pass,13,0.0,0.11382113821138211,P4,97,131,35
596041,Withdrawn,2,12.0,0.8125,P4,97,131,35
596100,Withdrawn,1,12.0,0.0,P4,97,131,35
596107,Pass,1,33.0,1.0,P4,97,131,35
596108,Pass,0,,,P4,97,131,35
596114,Pass,20,0.0,0.5,P4,97,131,35
596144,Pass,8,0.0,0.08823529411764706,P4,97,131,35
596242,Pass,3,7.0,0.6666666666666666,P4,97,131,35
596360,Fail,0,,,P4,97,131,35
596372,Pass,12,0.0,0.09848484848484848,P4,97,131,35
596390,Pass,3,3.0,0.9130434782608695,P4,97,131,35
596417,Pass,3,13.0,0.90625,P4,97,131,35
596451,Pass,19,0.0,0.21641791044776118,P4,97,131,35
596535,Pass,7,0.0,0.3191489361702128,P4,97,131,35
596596,Fail,9,0.0,0.04285714285714286,P4,97,131,35
596677,Fail,0,,,P4,97,131,35
596814,Fail,0,,,P4,97,131,35
596849,Fail,2,0.0,0.0,P4,97,131,35
596892,Fail,11,1.0,0.13793103448275862,P4,97,131,35
596897,Pass,1,13.0,0.0,P4,97,131,35
596961,Fail,1,11.0,0.0,P4,97,131,35
596964,Pass,5,0.0,0.6052631578947368,P4,97,131,35
597033,Fail,0,,,P4,97,131,35
597078,Fail,9,3.0,0.7241379310344828,P4,97,131,35
597142,Fail,0,,,P4,97,131,35
597255,Withdrawn,1,32.0,1.0,P4,97,131,35
597301,Pass,17,0.0,0.13636363636363635,P4,97,131,35
597532,Withdrawn,4,3.0,0.8125,P4,97,131,35
597582,Fail,1,11.0,0.0,P4,97,131,35
597689,Fail,11,1.0,0.4225352112676056,P4,97,131,35
597742,Pass,1,34.0,1.0,P4,97,131,35
597790,Pass,13,2.0,0.4351851851851852,P4,97,131,35
597866,Fail,4,17.0,0.717948717948718,P4,97,131,35
597878,Pass,12,4.0,0.6533333333333333,P4,97,131,35
597894,Pass,25,0.0,0.23204419889502761,P4,97,131,35
598000,Pass,7,0.0,0.5333333333333333,P4,97,131,35
598202,Fail,0,,,P4,97,131,35
598230,Pass,12,2.0,0.16260162601626016,P4,97,131,35
598243,Pass,11,0.0,0.10135135135135136,P4,97,131,35
598252,Pass,1,31.0,1.0,P4,97,131,35
598253,Pass,1,33.0,1.0,P4,97,131,35
598260,Withdrawn,5,1.0,0.9393939393939394,P4,97,131,35
598351,Pass,11,3.0,0.4957983193277311,P4,97,131,35
598462,Pass,9,4.0,0.096,P4,97,131,35
598538,Fail,0,,,P4,97,131,35
598562,Fail,0,,,P4,97,131,35
598623,Pass,7,13.0,0.7631578947368421,P4,97,131,35
598709,Pass,11,2.0,0.15384615384615385,P4,97,131,35
598760,Pass,1,26.0,0.0,P4,97,131,35
598865,Pass,4,11.0,0.0,P4,97,131,35
598907,Pass,31,0.0,0.1566265060240964,P4,97,131,35
598914,Pass,4,7.0,0.896551724137931,P4,97,131,35
598969,Pass,23,0.0,0.11320754716981132,P4,97,131,35
598986,Fail,7,0.0,0.13636363636363635,P4,97,131,35
599016,Pass,3,23.0,0.88,P4,97,131,35
599037,Pass,8,0.0,0.6492537313432836,P4,97,131,35
599292,Pass,29,0.0,0.12351543942992874,P4,97,131,35
599402,Pass,2,16.0,0.07692307692307693,P4,97,131,35
599427,Fail,0,,,P4,97,131,35
599434,Fail,2,18.0,0.0,P4,97,131,35
599639,Withdrawn,8,8.0,0.18181818181818182,P4,97,131,35
599640,Fail,0,,,P4,97,131,35
599644,Fail,2,16.0,0.0,P4,97,131,35
599709,Fail,9,4.0,0.5089285714285714,P4,97,131,35
599739,Pass,4,7.0,0.5918367346938775,P4,97,131,35
599748,Pass,4,3.0,0.0,P4,97,131,35
599785,Pass,3,3.0,0.2894736842105263,P4,97,131,35
599787,Pass,16,2.0,0.22772277227722773,P4,97,131,35
599794,Pass,28,0.0,0.2627118644067797,P4,97,131,35
599802,Fail,0,,,P4,97,131,35
599836,Pass,13,7.0,0.3779527559055118,P4,97,131,35
599840,Fail,4,0.0,0.8805970149253731,P4,97,131,35
599895,Pass,14,3.0,0.12413793103448276,P4,97,131,35
599908,Pass,8,2.0,0.35384615384615387,P4,97,131,35
600121,Pass,33,0.0,0.10416666666666667,P4,97,131,35
600211,Fail,0,,,P4,97,131,35
600263,Fail,0,,,P4,97,131,35
600279,Pass,24,0.0,0.04627249357326478,P4,97,131,35
600370,Pass,9,10.0,0.5373134328358209,P4,97,131,35
600428,Withdrawn,0,,,P4,97,131,35
600470,Fail,4,13.0,0.019230769230769232,P4,97,131,35
600476,Fail,0,,,P4,97,131,35
600579,Withdrawn,0,,,P4,97,131,35
600740,Pass,11,1.0,0.24509803921568626,P4,97,131,35
600749,Fail,0,,,P4,97,131,35
600770,Fail,0,,,P4,97,131,35
600771,Pass,4,4.0,0.72,P4,97,131,35
600845,Fail,0,,,P4,97,131,35
600966,Pass,9,5.0,0.2727272727272727,P4,97,131,35
600967,Fail,0,,,P4,97,131,35
600999,Fail,0,,,P4,97,131,35
601251,Pass,6,0.0,0.4727272727272727,P4,97,131,35
601269,Pass,6,2.0,0.7391304347826086,P4,97,131,35
601455,Pass,6,2.0,0.06521739130434782,P4,97,131,35
601472,Withdrawn,5,4.0,0.06666666666666667,P4,97,131,35
601499,Pass,10,0.0,0.13909774436090225,P4,97,131,35
601504,Pass,28,1.0,0.15505226480836237,P4,97,131,35
601505,Fail,3,5.0,0.05357142857142857,P4,97,131,35
601551,Fail,6,3.0,0.9,P4,97,131,35
601558,Fail,1,0.0,0.0,P4,97,131,35
601635,Pass,5,11.0,0.044444444444444446,P4,97,131,35
601655,Pass,14,1.0,0.18095238095238095,P4,97,131,35
601706,Withdrawn,10,0.0,0.23300970873786409,P4,97,131,35
601885,Pass,2,32.0,1.0,P4,97,131,35
601887,Pass,4,13.0,0.7536231884057971,P4,97,131,35
601896,Fail,6,1.0,0.7931034482758621,P4,97,131,35
601934,Fail,19,3.0,0.2857142857142857,P4,97,131,35
601951,Fail,11,1.0,0.1271186440677966,P4,97,131,35
602009,Pass,4,0.0,0.7560975609756098,P4,97,131,35
602014,Pass,5,1.0,0.058823529411764705,P4,97,131,35
602032,Fail,0,,,P4,97,131,35
602066,Pass,8,1.0,0.3888888888888889,P4,97,131,35
602147,Pass,1,34.0,1.0,P4,97,131,35
602245,Pass,28,0.0,0.20050977060322855,P4,97,131,35
602324,Fail,3,11.0,0.7333333333333333,P4,97,131,35
602395,Pass,2,23.0,0.5652173913043478,P4,97,131,35
602458,Pass,10,0.0,0.24305555555555555,P4,97,131,35
602483,Fail,1,1.0,0.0,P4,97,131,35
602496,Pass,2,10.0,0.0,P4,97,131,35
602598,Fail,0,,,P4,97,131,35
602739,Withdrawn,0,,,P4,97,131,35
602767,Fail,3,0.0,0.3007518796992481,P4,97,131,35
602826,Fail,6,6.0,0.0,P4,97,131,35
603012,Pass,10,3.0,0.014705882352941176,P4,97,131,35
603035,Pass,3,3.0,0.8,P4,97,131,35
603036,Pass,13,2.0,0.24050632911392406,P4,97,131,35
603038,Pass,5,26.0,0.7741935483870968,P4,97,131,35
603123,Pass,2,16.0,0.9473684210526315,P4,97,131,35
603210,Pass,3,26.0,0.7714285714285715,P4,97,131,35
603265,Fail,1,10.0,0.0,P4,97,131,35
603270,Fail,10,1.0,0.6447368421052632,P4,97,131,35
603287,Pass,1,33.0,1.0,P4,97,131,35
603398,Pass,4,17.0,0.813953488372093,P4,97,131,35
603440,Pass,10,0.0,0.5882352941176471,P4,97,131,35
603446,Pass,10,3.0,0.43209876543209874,P4,97,131,35
603601,Pass,11,5.0,0.17391304347826086,P4,97,131,35
603661,Pass,9,0.0,0.3609022556390977,P4,97,131,35
603818,Withdrawn,2,13.0,0.0,P4,97,131,35
603908,Pass,0,,,P4,97,131,35
604095,Fail,1,34.0,1.0,P4,97,131,35
604147,Fail,10,2.0,0.3058823529411765,P4,97,131,35
604154,Pass,2,3.0,0.75,P4,97,131,35
604187,Pass,14,0.0,0.31666666666666665,P4,97,131,35
604196,Pass,7,4.0,0.23684210526315788,P4,97,131,35
604200,Pass,34,0.0,0.12131147540983607,P4,97,131,35
604204,Pass,3,5.0,0.7777777777777778,P4,97,131,35
604238,Pass,15,0.0,0.7333333333333333,P4,97,131,35
604292,Pass,21,0.0,0.16906474820143885,P4,97,131,35
604356,Pass,10,4.0,0.33064516129032256,P4,97,131,35
604543,Pass,6,7.0,0.6923076923076923,P4,97,131,35
604556,Pass,2,16.0,0.6666666666666666,P4,97,131,35
604731,Fail,0,,,P4,97,131,35
604752,Fail,0,,,P4,97,131,35
604916,Pass,5,13.0,0.24444444444444444,P4,97,131,35
604917,Pass,10,2.0,0.36607142857142855,P4,97,131,35
604919,Pass,10,1.0,0.019230769230769232,P4,97,131,35
604921,Fail,27,0.0,0.1,P4,97,131,35
604923,Fail,0,,,P4,97,131,35
604932,Pass,2,10.0,0.7555555555555555,P4,97,131,35
604939,Fail,10,2.0,0.1276595744680851,P4,97,131,35
604942,Pass,10,13.0,0.4351851851851852,P4,97,131,35
604951,Fail,0,,,P4,97,131,35
604966,Pass,23,0.0,0.28596491228070176,P4,97,131,35
604982,Pass,12,0.0,0.04918032786885246,P4,97,131,35
605009,Pass,14,4.0,0.05714285714285714,P4,97,131,35
605102,Pass,7,0.0,0.2777777777777778,P4,97,131,35
605207,Pass,22,0.0,0.441747572815534,P4,97,131,35
605246,Pass,3,16.0,0.8208955223880597,P4,97,131,35
605255,Fail,4,13.0,0.4864864864864865,P4,97,131,35
605309,Fail,0,,,P4,97,131,35
605327,Fail,3,4.0,0.0,P4,97,131,35
605390,Pass,12,0.0,0.37593984962406013,P4,97,131,35
605505,Withdrawn,1,0.0,0.0,P4,97,131,35
605594,Fail,0,,,P4,97,131,35
605595,Fail,5,1.0,0.5833333333333334,P4,97,131,35
605679,Pass,1,34.0,1.0,P4,97,131,35
605832,Pass,2,18.0,0.16129032258064516,P4,97,131,35
605854,Fail,1,34.0,1.0,P4,97,131,35
605916,Pass,25,0.0,0.22506393861892582,P4,97,131,35
605930,Pass,2,26.0,0.0,P4,97,131,35
606097,Pass,8,14.0,0.45901639344262296,P4,97,131,35
606194,Pass,32,1.0,0.3144399460188934,P4,97,131,35
606229,Pass,8,2.0,0.03896103896103896,P4,97,131,35
606355,Withdrawn,20,0.0,0.09505703422053231,P4,97,131,35
606377,Pass,0,,,P4,97,131,35
606410,Pass,11,3.0,0.2037037037037037,P4,97,131,35
606412,Pass,2,28.0,1.0,P4,97,131,35
606414,Pass,10,1.0,0.3050847457627119,P4,97,131,35
606420,Pass,18,2.0,0.23770491803278687,P4,97,131,35
606422,Pass,7,1.0,0.4536082474226804,P4,97,131,35
606458,Pass,3,0.0,0.9811320754716981,P4,97,131,35
606465,Pass,3,5.0,0.9166666666666666,P4,97,131,35
606546,Pass,7,0.0,0.10526315789473684,P4,97,131,35
606572,Pass,11,5.0,0.02575107296137339,P4,97,131,35
606651,Fail,5,6.0,0.9,P4,97,131,35
606685,Pass,15,0.0,0.2920353982300885,P4,97,131,35
606697,Pass,16,3.0,0.5658914728682171,P4,97,131,35
606762,Fail,0,,,P4,97,131,35
607097,Pass,7,4.0,0.4426229508196721,P4,97,131,35
607300,Fail,2,30.0,1.0,P4,97,131,35
607382,Fail,0,,,P4,97,131,35
607398,Fail,13,0.0,0.30927835051546393,P4,97,131,35
607493,Pass,8,5.0,0.7272727272727273,P4,97,131,35
607642,Pass,1,33.0,1.0,P4,97,131,35
607699,Fail,3,13.0,0.0,P4,97,131,35
607725,Pass,1,26.0,0.0,P4,97,131,35
607735,Pass,9,6.0,0.44,P4,97,131,35
607778,Pass,8,2.0,0.6142857142857143,P4,97,131,35
607804,Pass,4,0.0,0.325,P4,97,131,35
607808,Fail,0,,,P4,97,131,35
607887,Pass,4,13.0,0.6923076923076923,P4,97,131,35
607889,Pass,11,2.0,0.4931506849315068,P4,97,131,35
607914,Pass,16,0.0,0.1894273127753304,P4,97,131,35
607937,Pass,28,1.0,0.13480885311871227,P4,97,131,35
608000,Pass,13,0.0,0.3294460641399417,P4,97,131,35
608041,Pass,7,0.0,0.0,P4,97,131,35
608047,Pass,6,2.0,0.0,P4,97,131,35
608264,Pass,6,14.0,0.35106382978723405,P4,97,131,35
608419,Pass,15,0.0,0.1484375,P4,97,131,35
608564,Fail,1,34.0,1.0,P4,97,131,35
608578,Pass,11,2.0,0.04477611940298507,P4,97,131,35
608623,Pass,4,4.0,0.7727272727272727,P4,97,131,35
608647,Pass,8,10.0,0.47058823529411764,P4,97,131,35
608738,Fail,12,0.0,0.3247863247863248,P4,97,131,35
608766,Pass,9,4.0,0.543859649122807,P4,97,131,35
608939,Fail,0,,,P4,97,131,35
609010,Pass,4,1.0,0.0,P4,97,131,35
609046,Pass,9,1.0,0.7605633802816901,P4,97,131,35
609047,Fail,9,4.0,0.6491228070175439,P4,97,131,35
609307,Pass,9,0.0,0.4596774193548387,P4,97,131,35
609510,Fail,1,5.0,0.0,P4,97,131,35
609679,Pass,4,2.0,0.05555555555555555,P4,97,131,35
609704,Pass,6,6.0,0.6511627906976745,P4,97,131,35
609764,Fail,0,,,P4,97,131,35
609804,Fail,2,5.0,0.8983050847457628,P4,97,131,35
609812,Pass,1,31.0,1.0,P4,97,131,35
609815,Pass,3,27.0,0.46875,P4,97,131,35
609817,Pass,4,0.0,0.625,P4,97,131,35
609850,Fail,0,,,P4,97,131,35
609864,Pass,1,30.0,1.0,P4,97,131,35
609871,Pass,3,2.0,0.5925925925925926,P4,97,131,35
609887,Fail,0,,,P4,97,131,35
610059,Pass,6,4.0,0.6,P4,97,131,35
610260,Pass,8,6.0,0.64,P4,97,131,35
610362,Pass,5,10.0,0.43548387096774194,P4,97,131,35
610423,Fail,1,33.0,1.0,P4,97,131,35
610428,Pass,3,11.0,0.2,P4,97,131,35
610553,Pass,4,3.0,0.6818181818181818,P4,97,131,35
610700,Fail,1,26.0,0.0,P4,97,131,35
610725,Pass,2,18.0,0.88,P4,97,131,35
610731,Fail,0,,,P4,97,131,35
610740,Fail,0,,,P4,97,131,35
610745,Pass,10,1.0,0.5670103092783505,P4,97,131,35
610751,Fail,0,,,P4,97,131,35
610763,Pass,3,10.0,0.034482758620689655,P4,97,131,35
610776,Fail,0,,,P4,97,131,35
610780,Fail,1,6.0,0.0,P4,97,131,35
610802,Withdrawn,8,2.0,0.3111111111111111,P4,97,131,35
610804,Fail,0,,,P4,97,131,35
610906,Pass,14,3.0,0.28169014084507044,P4,97,131,35
611004,Fail,0,,,P4,97,131,35
611012,Pass,5,4.0,0.54,P4,97,131,35
611017,Pass,5,5.0,0.2857142857142857,P4,97,131,35
611023,Pass,5,6.0,0.45454545454545453,P4,97,131,35
611048,Fail,0,,,P4,97,131,35
611051,Fail,0,,,P4,97,131,35
611060,Pass,6,4.0,0.23376623376623376,P4,97,131,35
611096,Fail,0,,,P4,97,131,35
611182,Fail,1,12.0,0.0,P4,97,131,35
611228,Pass,4,10.0,0.45714285714285713,P4,97,131,35
611268,Fail,20,1.0,0.1724137931034483,P4,97,131,35
611345,Withdrawn,0,,,P4,97,131,35
611531,Pass,32,0.0,0.09013398294762484,P4,97,131,35
611688,Pass,20,1.0,0.4420485175202156,P4,97,131,35
611690,Pass,3,5.0,0.125,P4,97,131,35
612210,Pass,12,4.0,0.7089552238805971,P4,97,131,35
612217,Pass,4,4.0,0.11764705882352941,P4,97,131,35
612252,Pass,10,5.0,0.6619718309859155,P4,97,131,35
612255,Pass,14,0.0,0.1557377049180328,P4,97,131,35
612355,Pass,6,6.0,0.782608695652174,P4,97,131,35
612361,Pass,9,6.0,0.23636363636363636,P4,97,131,35
612484,Pass,20,1.0,0.31718061674008813,P4,97,131,35
612517,Pass,1,25.0,0.0,P4,97,131,35
612684,Pass,13,0.0,0.4105263157894737,P4,97,131,35
612757,Pass,13,1.0,0.037037037037037035,P4,97,131,35
612891,Pass,14,2.0,0.10062893081761007,P4,97,131,35
613051,Fail,0,,,P4,97,131,35
613158,Pass,6,2.0,0.6829268292682927,P4,97,131,35
613171,Pass,15,0.0,0.20606060606060606,P4,97,131,35
613173,Pass,4,6.0,0.0759493670886076,P4,97,131,35
613175,Fail,11,2.0,0.06333333333333334,P4,97,131,35
613177,Pass,25,1.0,0.43037974683544306,P4,97,131,35
613191,Withdrawn,0,,,P4,97,131,35
613196,Pass,2,17.0,0.034482758620689655,P4,97,131,35
613200,Pass,18,2.0,0.045871559633027525,P4,97,131,35
613208,Pass,6,10.0,0.291970802919708,P4,97,131,35
613293,Pass,9,0.0,0.5232558139534884,P4,97,131,35
613416,Pass,5,16.0,0.34615384615384615,P4,97,131,35
613418,Pass,14,0.0,0.0759493670886076,P4,97,131,35
613738,Pass,12,0.0,0.02666666666666667,P4,97,131,35
614013,Pass,0,,,P4,97,131,35
614064,Pass,6,5.0,0.4772727272727273,P4,97,131,35
614068,Withdrawn,12,2.0,0.39325842696629215,P4,97,131,35
614072,Pass,9,3.0,0.5178571428571429,P4,97,131,35
614148,Fail,0,,,P4,97,131,35
614556,Pass,10,3.0,0.3333333333333333,P4,97,131,35
615148,Withdrawn,0,,,P4,97,131,35
616342,Pass,5,3.0,0.5652173913043478,P4,97,131,35
616735,Pass,9,4.0,0.05555555555555555,P4,97,131,35
617116,Pass,9,10.0,0.0,P4,97,131,35
617472,Pass,4,6.0,0.4489795918367347,P4,97,131,35
619082,Pass,20,0.0,0.7044025157232704,P4,97,131,35
619941,Pass,14,4.0,0.20210526315789473,P4,97,131,35
1105438,Pass,5,2.0,0.018867924528301886,P4,97,131,35
1399285,Pass,4,1.0,0.0,P4,97,131,35
1405594,Pass,31,1.0,0.20787083753784055,P4,97,131,35
1411627,Pass,23,0.0,0.07966101694915254,P4,97,131,35
1421720,Pass,7,2.0,0.0375,P4,97,131,35
1440341,Pass,22,0.0,0.12598425196850394,P4,97,131,35
1467014,Pass,14,0.0,0.27472527472527475,P4,97,131,35
1503056,Pass,4,0.0,0.0,P4,97,131,35
1521687,Fail,1,12.0,0.0,P4,97,131,35
1536774,Pass,17,2.0,0.20320855614973263,P4,97,131,35
1541133,Fail,25,4.0,0.255663430420712,P4,97,131,35
1594621,Pass,4,8.0,0.9137931034482759,P4,97,131,35
1627017,Pass,10,2.0,0.2926829268292683,P4,97,131,35
1695710,Pass,15,2.0,0.2893081761006289,P4,97,131,35
1731564,Pass,5,0.0,0.5714285714285714,P4,97,131,35
1778145,Pass,9,0.0,0.06060606060606061,P4,97,131,35
1781804,Fail,0,,,P4,97,131,35
1797168,Pass,3,10.0,0.7419354838709677,P4,97,131,35
1903677,Pass,2,26.0,0.0,P4,97,131,35
1910175,Pass,11,8.0,0.203125,P4,97,131,35
1946308,Pass,13,0.0,0.22549019607843138,P4,97,131,35
1963287,Fail,0,,,P4,97,131,35
1990650,Fail,0,,,P4,97,131,35
1993672,Withdrawn,1,25.0,0.0,P4,97,131,35
1998790,Fail,2,29.0,1.0,P4,97,131,35
2001687,Pass,9,0.0,0.6571428571428571,P4,97,131,35
2002046,Pass,11,0.0,0.12121212121212122,P4,97,131,35
2006283,Pass,2,4.0,0.7916666666666666,P4,97,131,35
2023561,Withdrawn,1,0.0,0.0,P4,97,131,35
2029037,Pass,18,0.0,0.15441176470588236,P4,97,131,35
2034300,Pass,3,1.0,0.7878787878787878,P4,97,131,35
2044036,Fail,0,,,P4,97,131,35
2056947,Fail,0,,,P4,97,131,35
2061889,Pass,1,26.0,0.0,P4,97,131,35
2062995,Pass,7,1.0,0.0,P4,97,131,35
2072166,Withdrawn,4,2.0,0.15384615384615385,P4,97,131,35
2078768,Pass,19,0.0,0.1753846153846154,P4,97,131,35
2083576,Pass,10,4.0,0.43795620437956206,P4,97,131,35
2095379,Pass,2,25.0,0.9583333333333334,P4,97,131,35
2111015,Pass,7,0.0,0.5777777777777777,P4,97,131,35
2115711,Pass,23,0.0,0.05136986301369863,P4,97,131,35
2128304,Pass,23,1.0,0.18232044198895028,P4,97,131,35
2132966,Pass,2,4.0,0.6285714285714286,P4,97,131,35
2140444,Fail,29,0.0,0.11826086956521739,P4,97,131,35
2147687,Fail,0,,,P4,97,131,35
2147929,Pass,4,18.0,0.0,P4,97,131,35
2160453,Pass,16,0.0,0.06802721088435375,P4,97,131,35
2164944,Fail,4,9.0,0.0,P4,97,131,35
2174835,Pass,2,24.0,0.8125,P4,97,131,35
2192113,Withdrawn,0,,,P4,97,131,35
2196054,Pass,15,0.0,0.15037593984962405,P4,97,131,35
2210666,Fail,0,,,P4,97,131,35
2211448,Fail,0,,,P4,97,131,35
2214631,Pass,4,6.0,0.3939393939393939,P4,97,131,35
2225190,Fail,0,,,P4,97,131,35
2226301,Pass,5,5.0,0.0,P4,97,131,35
2229783,Fail,8,10.0,0.875,P4,97,131,35
2239140,Fail,0,,,P4,97,131,35
2242290,Fail,4,5.0,0.0,P4,97,131,35
2262671,Fail,0,,,P4,97,131,35
2266650,Fail,0,,,P4,97,131,35
2271644,Pass,2,3.0,0.46153846153846156,P4,97,131,35
2280314,Pass,12,3.0,0.7131147540983607,P4,97,131,35
2282129,Fail,0,,,P4,97,131,35
2284583,Pass,11,2.0,0.6986301369863014,P4,97,131,35
2294490,Fail,2,12.0,0.0,P4,97,131,35
2318763,Fail,8,1.0,0.020833333333333332,P4,97,131,35
2320306,Pass,16,0.0,0.032679738562091505,P4,97,131,35
2334319,Pass,22,1.0,0.3068181818181818,P4,97,131,35
2346025,Fail,0,,,P4,97,131,35
2349825,Withdrawn,1,18.0,0.0,P4,97,131,35
2363875,Pass,5,0.0,0.7547169811320755,P4,97,131,35
2382253,Fail,3,16.0,0.08108108108108109,P4,97,131,35
2392824,Pass,11,0.0,0.028169014084507043,P4,97,131,35
2396786,Fail,0,,,P4,97,131,35
2400851,Pass,6,3.0,0.14285714285714285,P4,97,131,35
2411595,Pass,4,8.0,0.8928571428571429,P4,97,131,35
2416774,Pass,13,1.0,0.16091954022988506,P4,97,131,35
2420909,Pass,1,16.0,0.0,P4,97,131,35
2421929,Fail,0,,,P4,97,131,35
2425156,Pass,7,4.0,0.1625,P4,97,131,35
2444641,Fail,6,13.0,0.88,P4,97,131,35
2451269,Pass,14,0.0,0.21830985915492956,P4,97,131,35
2452289,Pass,18,1.0,0.26424870466321243,P4,97,131,35
2453657,Fail,2,11.0,0.0,P4,97,131,35
2455066,Pass,9,1.0,0.34705882352941175,P4,97,131,35
2455578,Pass,10,5.0,0.02631578947368421,P4,97,131,35
2459051,Fail,0,,,P4,97,131,35
2460002,Fail,0,,,P4,97,131,35
2463213,Pass,34,0.0,0.18066298342541437,P4,97,131,35
2463950,Pass,11,0.0,0.03636363636363636,P4,97,131,35
2464683,Pass,9,2.0,0.13372093023255813,P4,97,131,35
2468280,Pass,2,13.0,0.6666666666666666,P4,97,131,35
2510414,Fail,1,33.0,1.0,P4,97,131,35
2512392,Pass,2,2.0,0.6129032258064516,P4,97,131,35
2514379,Fail,3,12.0,0.9523809523809523,P4,97,131,35
2528352,Fail,2,9.0,0.0,P4,97,131,35
2529306,Fail,4,2.0,0.8857142857142857,P4,97,131,35
2532647,Fail,7,4.0,0.6666666666666666,P4,97,131,35
2544448,Fail,10,2.0,0.20155038759689922,P4,97,131,35
2550290,Fail,1,10.0,0.0,P4,97,131,35
2553890,Pass,16,1.0,0.17886178861788618,P4,97,131,35
2564744,Pass,1,22.0,0.0,P4,97,131,35
2567158,Pass,23,0.0,0.14705882352941177,P4,97,131,35
2573353,Fail,3,4.0,0.0,P4,97,131,35
2575994,Fail,1,27.0,0.0,P4,97,131,35
2578802,Pass,12,4.0,0.11363636363636363,P4,97,131,35
2579673,Fail,3,20.0,0.0,P4,97,131,35
2583791,Fail,2,8.0,0.65625,P4,97,131,35
2584834,Pass,10,0.0,0.2087912087912088,P4,97,131,35
2585937,Pass,5,13.0,0.42105263157894735,P4,97,131,35
2587329,Pass,21,0.0,0.45555555555555555,P4,97,131,35
2588742,Pass,6,5.0,0.125,P4,97,131,35
2591421,Pass,3,10.0,0.6,P4,97,131,35
2607641,Pass,8,1.0,0.14285714285714285,P4,97,131,35
2617839,Pass,5,5.0,0.06060606060606061,P4,97,131,35
2620279,Withdrawn,4,12.0,0.02631578947368421,P4,97,131,35
2625315,Fail,3,3.0,0.0,P4,97,131,35
2631545,Fail,0,,,P4,97,131,35
2638377,Pass,10,0.0,0.8260869565217391,P4,97,131,35
2642717,Pass,15,0.0,0.013793103448275862,P4,97,131,35
2650236,Fail,0,,,P4,97,131,35
2662716,Fail,2,0.0,0.0,P4,97,131,35
2664036,Fail,0,,,P4,97,131,35
2680344,Pass,20,0.0,0.36658354114713215,P4,97,131,35
2691100,Pass,6,2.0,0.3225806451612903,P4,97,131,35
2691566,Fail,1,32.0,1.0,P4,97,131,35
27759,Fail,6,3.0,0.02,P5,132,166,35
30091,Pass,11,1.0,0.18681318681318682,P5,132,166,35
31849,Pass,7,0.0,0.43529411764705883,P5,132,166,35
37622,Pass,5,5.0,0.7714285714285715,P5,132,166,35
38234,Fail,2,30.0,1.0,P5,132,166,35
47855,Withdrawn,0,,,P5,132,166,35
48040,Pass,16,2.0,0.7810945273631841,P5,132,166,35
48503,Pass,3,4.0,0.1388888888888889,P5,132,166,35
52797,Pass,8,6.0,0.4117647058823529,P5,132,166,35
52899,Pass,25,1.0,0.37142857142857144,P5,132,166,35
55026,Pass,8,6.0,0.4727272727272727,P5,132,166,35
56340,Fail,0,,,P5,132,166,35
56789,Pass,4,21.0,0.38596491228070173,P5,132,166,35
57079,Fail,15,0.0,0.4419642857142857,P5,132,166,35
63044,Fail,0,,,P5,132,166,35
68556,Fail,0,,,P5,132,166,35
73489,Pass,18,1.0,0.23417721518987342,P5,132,166,35
84812,Pass,3,16.0,0.972972972972973,P5,132,166,35
86291,Fail,2,11.0,0.0,P5,132,166,35
90243,Pass,4,13.0,0.8472222222222222,P5,132,166,35
96475,Pass,1,34.0,1.0,P5,132,166,35
97567,Pass,3,28.0,1.0,P5,132,166,35
98268,Pass,6,4.0,0.4731182795698925,P5,132,166,35
98720,Pass,8,13.0,0.15384615384615385,P5,132,166,35
100282,Withdrawn,0,,,P5,132,166,35
105527,Pass,9,3.0,0.23008849557522124,P5,132,166,35
105851,Pass,3,0.0,0.72,P5,132,166,35
105883,Pass,27,0.0,0.12710280373831775,P5,132,166,35
108118,Pass,4,8.0,0.0,P5,132,166,35
108760,Fail,2,0.0,0.5652173913043478,P5,132,166,35
109372,Pass,13,0.0,0.17518248175182483,P5,132,166,35
109782,Withdrawn,2,6.0,0.5,P5,132,166,35
111942,Pass,13,1.0,0.23355263157894737,P5,132,166,35
119898,Pass,2,5.0,0.967741935483871,P5,132,166,35
123716,Pass,18,1.0,0.16379310344827586,P5,132,166,35
124909,Pass,16,2.0,0.0963855421686747,P5,132,166,35
128386,Fail,0,,,P5,132,166,35
128889,Pass,35,0.0,0.1485148514851485,P5,132,166,35
131051,Pass,16,2.0,0.3680555555555556,P5,132,166,35
132626,Withdrawn,0,,,P5,132,166,35
134563,Pass,13,1.0,0.1956521739130435,P5,132,166,35
138289,Fail,4,23.0,0.24731182795698925,P5,132,166,35
138920,Fail,0,,,P5,132,166,35
139549,Pass,5,1.0,0.7380952380952381,P5,132,166,35
141949,Pass,8,3.0,0.3898305084745763,P5,132,166,35
146165,Pass,2,31.0,1.0,P5,132,166,35
146600,Pass,4,16.0,0.7321428571428571,P5,132,166,35
151800,Fail,0,,,P5,132,166,35
151917,Fail,18,0.0,0.352112676056338,P5,132,166,35
153704,Fail,3,7.0,0.13333333333333333,P5,132,166,35
154011,Pass,6,7.0,0.7079646017699115,P5,132,166,35
156311,Pass,8,2.0,0.8533333333333334,P5,132,166,35
157060,Pass,2,33.0,1.0,P5,132,166,35
157795,Pass,11,1.0,0.125,P5,132,166,35
169213,Pass,10,1.0,0.8088235294117647,P5,132,166,35
174222,Pass,6,3.0,0.12612612612612611,P5,132,166,35
174440,Fail,0,,,P5,132,166,35
174487,Pass,4,6.0,0.8596491228070176,P5,132,166,35
178738,Fail,0,,,P5,132,166,35
178963,Pass,2,12.0,0.9285714285714286,P5,132,166,35
179254,Fail,0,,,P5,132,166,35
182661,Pass,0,,,P5,132,166,35
188026,Fail,7,3.0,0.09375,P5,132,166,35
189095,Fail,1,24.0,0.0,P5,132,166,35
191269,Pass,5,14.0,0.8775510204081632,P5,132,166,35
193215,Fail,0,,,P5,132,166,35
195096,Pass,6,5.0,0.16666666666666666,P5,132,166,35
197240,Pass,4,11.0,0.0,P5,132,166,35
197412,Pass,6,18.0,0.8846153846153846,P5,132,166,35
197759,Pass,20,0.0,0.06,P5,132,166,35
199663,Pass,5,6.0,0.7540983606557377,P5,132,166,35
202879,Fail,0,,,P5,132,166,35
203640,Pass,4,3.0,0.7142857142857143,P5,132,166,35
205788,Pass,20,0.0,0.2556390977443609,P5,132,166,35
227416,Fail,1,34.0,1.0,P5,132,166,35
230081,Pass,15,4.0,0.038461538461538464,P5,132,166,35
231959,Withdrawn,0,,,P5,132,166,35
233317,Pass,7,3.0,0.4523809523809524,P5,132,166,35
233752,Pass,34,0.0,0.21322314049586777,P5,132,166,35
233957,Fail,5,11.0,0.84,P5,132,166,35
234929,Fail,2,30.0,1.0,P5,132,166,35
240993,Pass,21,0.0,0.27184466019417475,P5,132,166,35
241338,Fail,0,,,P5,132,166,35
242149,Fail,0,,,P5,132,166,35
243851,Pass,27,1.0,0.1901840490797546,P5,132,166,35
243909,Fail,0,,,P5,132,166,35
243992,Pass,3,27.0,0.9615384615384616,P5,132,166,35
245987,Pass,2,16.0,0.36666666666666664,P5,132,166,35
247902,Pass,7,0.0,0.4155844155844156,P5,132,166,35
248716,Pass,11,2.0,0.35789473684210527,P5,132,166,35
248800,Withdrawn,0,,,P5,132,166,35
251815,Fail,2,7.0,0.6451612903225806,P5,132,166,35
252257,Pass,6,16.0,0.6190476190476191,P5,132,166,35
253577,Pass,12,3.0,0.5189873417721519,P5,132,166,35
256998,Pass,3,28.0,1.0,P5,132,166,35
260179,Pass,0,,,P5,132,166,35
261332,Fail,0,,,P5,132,166,35
261466,Pass,11,0.0,0.2222222222222222,P5,132,166,35
262639,Pass,5,12.0,0.5217391304347826,P5,132,166,35
264152,Pass,19,0.0,0.23106060606060605,P5,132,166,35
264744,Pass,5,0.0,0.9090909090909091,P5,132,166,35
265170,Fail,0,,,P5,132,166,35
266564,Pass,5,21.0,0.9807692307692307,P5,132,166,35
268589,Pass,13,4.0,0.40476190476190477,P5,132,166,35
269204,Pass,14,1.0,0.38028169014084506,P5,132,166,35
270646,Pass,2,29.0,1.0,P5,132,166,35
272172,Fail,0,,,P5,132,166,35
274247,Fail,5,3.0,0.9375,P5,132,166,35
274971,Pass,2,21.0,0.0,P5,132,166,35
276925,Withdrawn,6,1.0,0.0,P5,132,166,35
277537,Fail,0,,,P5,132,166,35
278272,Fail,2,5.0,0.0,P5,132,166,35
278794,Pass,13,1.0,0.12,P5,132,166,35
280140,Fail,0,,,P5,132,166,35
280151,Fail,0,,,P5,132,166,35
284906,Pass,15,0.0,0.16831683168316833,P5,132,166,35
285050,Fail,10,2.0,0.53125,P5,132,166,35
286690,Fail,2,0.0,0.0,P5,132,166,35
287309,Pass,11,4.0,0.0,P5,132,166,35
287679,Pass,3,0.0,0.8985507246376812,P5,132,166,35
289965,Fail,0,,,P5,132,166,35
292537,Pass,7,9.0,0.3225806451612903,P5,132,166,35
293760,Pass,1,34.0,1.0,P5,132,166,35
301583,Fail,0,,,P5,132,166,35
301987,Pass,10,0.0,0.18571428571428572,P5,132,166,35
303617,Fail,0,,,P5,132,166,35
305173,Fail,0,,,P5,132,166,35
305935,Fail,4,0.0,0.03225806451612903,P5,132,166,35
306964,Pass,7,2.0,0.45454545454545453,P5,132,166,35
308509,Fail,0,,,P5,132,166,35
310933,Pass,2,28.0,1.0,P5,132,166,35
316076,Pass,24,4.0,0.2503987240829346,P5,132,166,35
318848,Pass,7,8.0,0.13157894736842105,P5,132,166,35
319618,Pass,4,13.0,0.717391304347826,P5,132,166,35
320051,Pass,2,30.0,1.0,P5,132,166,35
320757,Pass,9,2.0,0.896551724137931,P5,132,166,35
323090,Pass,4,10.0,0.30303030303030304,P5,132,166,35
323606,Pass,9,0.0,0.3333333333333333,P5,132,166,35
324319,Withdrawn,0,,,P5,132,166,35
325887,Pass,13,1.0,0.6176470588235294,P5,132,166,35
329030,Fail,4,4.0,0.8627450980392157,P5,132,166,35
333651,Withdrawn,0,,,P5,132,166,35
335136,Fail,5,11.0,0.0,P5,132,166,35
335481,Fail,0,,,P5,132,166,35
336478,Pass,8,4.0,0.6,P5,132,166,35
336646,Fail,0,,,P5,132,166,35
337151,Pass,11,0.0,0.5526315789473685,P5,132,166,35
338741,Pass,12,1.0,0.3953488372093023,P5,132,166,35
339494,Pass,8,4.0,0.8085106382978723,P5,132,166,35
339608,Pass,2,31.0,1.0,P5,132,166,35
340911,Pass,1,34.0,1.0,P5,132,166,35
340965,Pass,3,17.0,0.0,P5,132,166,35
342685,Pass,12,0.0,0.9230769230769231,P5,132,166,35
344568,Pass,17,7.0,0.07476635514018691,P5,132,166,35
345128,Fail,2,0.0,0.9523809523809523,P5,132,166,35
349554,Pass,16,0.0,0.2064516129032258,P5,132,166,35
349675,Fail,1,18.0,0.0,P5,132,166,35
352112,Pass,5,0.0,0.7272727272727273,P5,132,166,35
352688,Pass,13,0.0,0.4074074074074074,P5,132,166,35
354779,Pass,3,8.0,0.0,P5,132,166,35
360876,Fail,0,,,P5,132,166,35
364666,Fail,0,,,P5,132,166,35
364871,Pass,8,10.0,0.6935483870967742,P5,132,166,35
365169,Pass,15,0.0,0.15841584158415842,P5,132,166,35
365631,Pass,11,3.0,0.4632352941176471,P5,132,166,35
366524,Pass,10,2.0,0.4025974025974026,P5,132,166,35
367433,Pass,2,10.0,0.6486486486486487,P5,132,166,35
368077,Pass,10,0.0,0.3119266055045872,P5,132,166,35
369986,Pass,2,15.0,0.7619047619047619,P5,132,166,35
370859,Pass,12,1.0,0.6067415730337079,P5,132,166,35
372172,Fail,0,,,P5,132,166,35
372658,Pass,7,4.0,0.4166666666666667,P5,132,166,35
373174,Fail,0,,,P5,132,166,35
373269,Fail,4,5.0,0.08333333333333333,P5,132,166,35
373807,Fail,0,,,P5,132,166,35
373848,Pass,8,0.0,0.49295774647887325,P5,132,166,35
374038,Fail,11,4.0,0.40540540540540543,P5,132,166,35
375960,Pass,0,,,P5,132,166,35
379210,Fail,3,9.0,0.0,P5,132,166,35
379983,Fail,0,,,P5,132,166,35
380205,Fail,0,,,P5,132,166,35
380240,Fail,10,4.0,0.35135135135135137,P5,132,166,35
381541,Pass,11,0.0,0.0,P5,132,166,35
381669,Pass,6,1.0,0.8571428571428571,P5,132,166,35
382575,Fail,9,0.0,0.5914634146341463,P5,132,166,35
382920,Pass,9,3.0,0.38823529411764707,P5,132,166,35
383303,Fail,2,11.0,0.7142857142857143,P5,132,166,35
385040,Fail,0,,,P5,132,166,35
385820,Pass,12,3.0,0.6818181818181818,P5,132,166,35
386889,Pass,3,30.0,1.0,P5,132,166,35
387700,Fail,4,20.0,0.38461538461538464,P5,132,166,35
388052,Pass,0,,,P5,132,166,35
388432,Fail,5,1.0,0.64,P5,132,166,35
388549,Fail,0,,,P5,132,166,35
388975,Fail,7,2.0,0.10810810810810811,P5,132,166,35
389471,Fail,6,3.0,0.8923076923076924,P5,132,166,35
390958,Pass,5,0.0,0.9090909090909091,P5,132,166,35
392281,Fail,5,3.0,0.5517241379310345,P5,132,166,35
393327,Pass,6,1.0,0.01639344262295082,P5,132,166,35
395073,Fail,3,5.0,0.6666666666666666,P5,132,166,35
398891,Pass,6,11.0,0.5142857142857142,P5,132,166,35
398956,Fail,1,34.0,1.0,P5,132,166,35
402993,Pass,4,2.0,0.0,P5,132,166,35
404269,Pass,6,11.0,0.7307692307692307,P5,132,166,35
404708,Pass,14,0.0,0.4827586206896552,P5,132,166,35
405945,Pass,12,1.0,0.18225419664268586,P5,132,166,35
408975,Pass,0,,,P5,132,166,35
409160,Fail,0,,,P5,132,166,35
409930,Pass,3,17.0,0.3269230769230769,P5,132,166,35
409945,Pass,2,26.0,0.0,P5,132,166,35
410052,Pass,7,3.0,0.6111111111111112,P5,132,166,35
410281,Fail,8,1.0,0.4461538461538462,P5,132,166,35
410537,Pass,7,1.0,0.0,P5,132,166,35
410842,Pass,8,5.0,0.6415094339622641,P5,132,166,35
411642,Pass,6,0.0,0.029411764705882353,P5,132,166,35
415216,Pass,7,0.0,0.07142857142857142,P5,132,166,35
415546,Fail,2,33.0,1.0,P5,132,166,35
417657,Fail,5,0.0,0.0,P5,132,166,35
417785,Fail,0,,,P5,132,166,35
419375,Pass,31,0.0,0.11875,P5,132,166,35
420163,Pass,8,4.0,0.11214953271028037,P5,132,166,35
420724,Fail,4,17.0,0.7857142857142857,P5,132,166,35
421018,Pass,0,,,P5,132,166,35
422223,Fail,0,,,P5,132,166,35
422479,Pass,5,2.0,0.3333333333333333,P5,132,166,35
423399,Pass,1,6.0,0.0,P5,132,166,35
424539,Pass,3,1.0,0.8,P5,132,166,35
424637,Fail,2,0.0,0.609375,P5,132,166,35
426458,Pass,4,16.0,0.225,P5,132,166,35
427921,Pass,7,0.0,0.046511627906976744,P5,132,166,35
428323,Pass,13,1.0,0.34868421052631576,P5,132,166,35
428653,Pass,9,5.0,0.0,P5,132,166,35
430392,Pass,2,26.0,0.21818181818181817,P5,132,166,35
430708,Pass,12,0.0,0.5777777777777777,P5,132,166,35
431071,Fail,1,3.0,0.0,P5,132,166,35
432144,Pass,26,0.0,0.14074074074074075,P5,132,166,35
432237,Pass,3,21.0,0.6938775510204082,P5,132,166,35
433280,Pass,7,12.0,0.7027027027027027,P5,132,166,35
433864,Pass,7,2.0,0.25,P5,132,166,35
434397,Pass,5,11.0,0.0,P5,132,166,35
434585,Pass,15,1.0,0.23232323232323232,P5,132,166,35
438551,Pass,9,5.0,0.2777777777777778,P5,132,166,35
439182,Pass,9,3.0,0.015873015873015872,P5,132,166,35
439294,Fail,0,,,P5,132,166,35
440225,Pass,0,,,P5,132,166,35
440563,Pass,35,0.0,0.0871559633027523,P5,132,166,35
440593,Pass,3,10.0,0.9565217391304348,P5,132,166,35
440765,Fail,0,,,P5,132,166,35
442910,Pass,7,2.0,0.8225806451612904,P5,132,166,35
443923,Withdrawn,0,,,P5,132,166,35
444225,Fail,0,,,P5,132,166,35
444821,Pass,4,4.0,0.6595744680851063,P5,132,166,35
445760,Pass,6,8.0,0.6122448979591837,P5,132,166,35
446345,Fail,1,30.0,1.0,P5,132,166,35
446873,Fail,0,,,P5,132,166,35
447086,Pass,1,26.0,0.0,P5,132,166,35
447516,Pass,4,26.0,0.9516129032258065,P5,132,166,35
464525,Pass,14,2.0,0.3181818181818182,P5,132,166,35
465730,Fail,0,,,P5,132,166,35
466202,Pass,5,28.0,1.0,P5,132,166,35
466477,Pass,1,32.0,1.0,P5,132,166,35
466800,Pass,2,4.0,0.0,P5,132,166,35
466854,Fail,0,,,P5,132,166,35
468187,Fail,0,,,P5,132,166,35
469878,Pass,29,0.0,0.1927710843373494,P5,132,166,35
470869,Pass,8,1.0,0.375,P5,132,166,35
471196,Pass,7,2.0,0.4528301886792453,P5,132,166,35
471711,Pass,2,23.0,0.8620689655172413,P5,132,166,35
472262,Fail,7,2.0,0.6836734693877551,P5,132,166,35
472327,Pass,8,3.0,0.8390804597701149,P5,132,166,35
474071,Fail,1,27.0,0.0,P5,132,166,35
475241,Fail,0,,,P5,132,166,35
475594,Fail,0,,,P5,132,166,35
476278,Pass,16,0.0,0.17880794701986755,P5,132,166,35
476816,Fail,0,,,P5,132,166,35
477825,Pass,0,,,P5,132,166,35
478069,Pass,1,14.0,0.0,P5,132,166,35
478718,Fail,0,,,P5,132,166,35
478967,Fail,5,1.0,0.7868852459016393,P5,132,166,35
479020,Pass,17,1.0,0.2602739726027397,P5,132,166,35
479170,Pass,21,0.0,0.0,P5,132,166,35
479305,Pass,11,2.0,0.711864406779661,P5,132,166,35
482356,Pass,7,4.0,0.2696629213483146,P5,132,166,35
482680,Pass,8,1.0,0.0,P5,132,166,35
482810,Pass,1,34.0,1.0,P5,132,166,35
483646,Pass,6,15.0,0.7763157894736842,P5,132,166,35
483744,Withdrawn,8,6.0,0.3448275862068966,P5,132,166,35
483876,Pass,10,3.0,0.39436619718309857,P5,132,166,35
484135,Pass,3,6.0,0.7619047619047619,P5,132,166,35
484301,Pass,12,3.0,0.5104166666666666,P5,132,166,35
484412,Pass,26,0.0,0.09363295880149813,P5,132,166,35
485006,Pass,19,3.0,0.5,P5,132,166,35
485439,Withdrawn,0,,,P5,132,166,35
485762,Pass,9,5.0,0.7936507936507936,P5,132,166,35
485772,Fail,14,3.0,0.2976190476190476,P5,132,166,35
486004,Pass,1,30.0,1.0,P5,132,166,35
487214,Fail,2,11.0,0.0,P5,132,166,35
487371,Pass,9,15.0,0.23943661971830985,P5,132,166,35
487681,Pass,10,7.0,0.1568627450980392,P5,132,166,35
488195,Pass,2,7.0,0.9047619047619048,P5,132,166,35
488427,Pass,14,0.0,0.3333333333333333,P5,132,166,35
489320,Pass,3,2.0,0.4186046511627907,P5,132,166,35
489889,Pass,5,19.0,0.948051948051948,P5,132,166,35
490500,Fail,0,,,P5,132,166,35
490677,Pass,9,4.0,0.3283582089552239,P5,132,166,35
490894,Fail,3,20.0,0.5537190082644629,P5,132,166,35
491097,Fail,0,,,P5,132,166,35
491279,Pass,22,2.0,0.2784090909090909,P5,132,166,35
491907,Fail,0,,,P5,132,166,35
491966,Pass,3,10.0,0.9722222222222222,P5,132,166,35
492153,Pass,16,0.0,0.40828402366863903,P5,132,166,35
492286,Pass,4,12.0,0.5263157894736842,P5,132,166,35
492726,Pass,9,11.0,0.4222222222222222,P5,132,166,35
493453,Pass,3,5.0,0.9411764705882353,P5,132,166,35
493465,Pass,13,2.0,0.3146067415730337,P5,132,166,35
493999,Fail,0,,,P5,132,166,35
494471,Fail,15,1.0,0.34868421052631576,P5,132,166,35
494960,Pass,11,3.0,0.1794871794871795,P5,132,166,35
495035,Pass,4,7.0,0.8148148148148148,P5,132,166,35
495449,Pass,17,1.0,0.48623853211009177,P5,132,166,35
495509,Pass,4,14.0,0.972972972972973,P5,132,166,35
495625,Pass,14,0.0,0.05,P5,132,166,35
495879,Pass,13,2.0,0.2868686868686869,P5,132,166,35
495913,Pass,4,0.0,0.0,P5,132,166,35
496091,Fail,0,,,P5,132,166,35
496334,Fail,10,0.0,0.8571428571428571,P5,132,166,35
496442,Pass,3,20.0,0.11764705882352941,P5,132,166,35
497130,Pass,20,0.0,0.2653061224489796,P5,132,166,35
497632,Pass,9,3.0,0.3925233644859813,P5,132,166,35
498543,Pass,1,31.0,1.0,P5,132,166,35
498635,Pass,8,0.0,0.6756756756756757,P5,132,166,35
498755,Pass,11,1.0,0.6222222222222222,P5,132,166,35
498841,Withdrawn,0,,,P5,132,166,35
498892,Fail,0,,,P5,132,166,35
499624,Withdrawn,2,4.0,0.0,P5,132,166,35
500016,Pass,7,2.0,0.09523809523809523,P5,132,166,35
500135,Fail,13,3.0,0.5757575757575758,P5,132,166,35
500552,Pass,6,3.0,0.0,P5,132,166,35
500668,Pass,18,1.0,0.03076923076923077,P5,132,166,35
501053,Fail,0,,,P5,132,166,35
501208,Pass,3,14.0,0.963855421686747,P5,132,166,35
501637,Pass,16,0.0,0.12222222222222222,P5,132,166,35
501862,Fail,0,,,P5,132,166,35
503322,Pass,10,6.0,0.0,P5,132,166,35
503516,Fail,9,1.0,0.85,P5,132,166,35
503804,Pass,5,5.0,0.7446808510638298,P5,132,166,35
503878,Fail,2,13.0,0.0,P5,132,166,35
504013,Pass,0,,,P5,132,166,35
504022,Pass,2,31.0,1.0,P5,132,166,35
504466,Pass,11,1.0,0.6904761904761905,P5,132,166,35
504635,Pass,2,2.0,0.9545454545454546,P5,132,166,35
505413,Pass,1,33.0,1.0,P5,132,166,35
505595,Withdrawn,1,25.0,0.0,P5,132,166,35
506185,Fail,16,0.0,0.3092105263157895,P5,132,166,35
506248,Fail,0,,,P5,132,166,35
506804,Pass,13,1.0,0.50625,P5,132,166,35
506980,Fail,0,,,P5,132,166,35
507016,Pass,11,5.0,0.09411764705882353,P5,132,166,35
507279,Fail,0,,,P5,132,166,35
507387,Fail,0,,,P5,132,166,35
507676,Fail,0,,,P5,132,166,35
508028,Pass,20,1.0,0.20754716981132076,P5,132,166,35
508079,Pass,8,1.0,0.013888888888888888,P5,132,166,35
508422,Fail,0,,,P5,132,166,35
508517,Fail,0,,,P5,132,166,35
508759,Withdrawn,30,0.0,0.1736111111111111,P5,132,166,35
509036,Fail,0,,,P5,132,166,35
509236,Fail,6,1.0,0.11904761904761904,P5,132,166,35
509258,Fail,0,,,P5,132,166,35
509390,Fail,0,,,P5,132,166,35
509913,Fail,5,13.0,0.345679012345679,P5,132,166,35
510149,Fail,23,1.0,0.48355263157894735,P5,132,166,35
510438,Fail,0,,,P5,132,166,35
510776,Fail,0,,,P5,132,166,35
510868,Withdrawn,0,,,P5,132,166,35
511678,Pass,34,0.0,0.2984174830444612,P5,132,166,35
512417,Pass,24,0.0,0.052941176470588235,P5,132,166,35
512581,Fail,11,6.0,0.5369127516778524,P5,132,166,35
512775,Pass,2,19.0,0.7777777777777778,P5,132,166,35
512839,Fail,0,,,P5,132,166,35
512883,Withdrawn,0,,,P5,132,166,35
512940,Pass,5,0.0,0.7115384615384616,P5,132,166,35
512977,Pass,2,28.0,1.0,P5,132,166,35
513076,Fail,3,5.0,0.047619047619047616,P5,132,166,35
514043,Pass,1,32.0,1.0,P5,132,166,35
514302,Pass,6,7.0,0.9117647058823529,P5,132,166,35
514445,Pass,8,1.0,0.35353535353535354,P5,132,166,35
514776,Fail,8,8.0,0.6223776223776224,P5,132,166,35
514864,Pass,33,0.0,0.4632352941176471,P5,132,166,35
515203,Fail,1,28.0,1.0,P5,132,166,35
515417,Fail,0,,,P5,132,166,35
515646,Pass,10,1.0,0.023148148148148147,P5,132,166,35
515676,Pass,5,2.0,0.4166666666666667,P5,132,166,35
516364,Withdrawn,6,11.0,0.1,P5,132,166,35
516926,Fail,2,14.0,0.9285714285714286,P5,132,166,35
517016,Fail,0,,,P5,132,166,35
517231,Pass,26,0.0,0.2225705329153605,P5,132,166,35
517352,Pass,7,5.0,0.0,P5,132,166,35
518126,Pass,2,17.0,0.23809523809523808,P5,132,166,35
518223,Pass,16,1.0,0.4142857142857143,P5,132,166,35
518496,Pass,11,2.0,0.484375,P5,132,166,35
519294,Pass,5,7.0,0.6666666666666666,P5,132,166,35
519584,Pass,10,6.0,0.27472527472527475,P5,132,166,35
519622,Fail,2,32.0,1.0,P5,132,166,35
520002,Pass,35,0.0,0.20918367346938777,P5,132,166,35
520024,Withdrawn,3,1.0,0.9428571428571428,P5,132,166,35
520100,Fail,1,12.0,0.0,P5,132,166,35
520325,Fail,6,0.0,0.40425531914893614,P5,132,166,35
521341,Pass,24,2.0,0.2236503856041131,P5,132,166,35
521509,Pass,3,3.0,0.7894736842105263,P5,132,166,35
521590,Pass,19,0.0,0.7039473684210527,P5,132,166,35
521666,Fail,0,,,P5,132,166,35
521895,Pass,1,30.0,1.0,P5,132,166,35
522426,Pass,16,4.0,0.007692307692307693,P5,132,166,35
522434,Pass,12,0.0,0.27710843373493976,P5,132,166,35
522441,Pass,2,16.0,0.2916666666666667,P5,132,166,35
522443,Fail,0,,,P5,132,166,35
522446,Pass,28,0.0,0.3290441176470588,P5,132,166,35
522529,Pass,10,0.0,0.5523809523809524,P5,132,166,35
522622,Pass,0,,,P5,132,166,35
522714,Pass,15,3.0,0.6840277777777778,P5,132,166,35
522792,Pass,17,2.0,0.31221719457013575,P5,132,166,35
522889,Fail,12,1.0,0.4838709677419355,P5,132,166,35
522891,Pass,11,1.0,0.25316455696202533,P5,132,166,35
522894,Pass,19,0.0,0.3076923076923077,P5,132,166,35
522899,Fail,15,0.0,0.18181818181818182,P5,132,166,35
523331,Fail,0,,,P5,132,166,35
523466,Pass,12,8.0,0.6666666666666666,P5,132,166,35
523545,Pass,6,0.0,0.868421052631579,P5,132,166,35
523655,Pass,9,1.0,0.7647058823529411,P5,132,166,35
523757,Fail,0,,,P5,132,166,35
523857,Pass,20,1.0,0.10526315789473684,P5,132,166,35
523928,Pass,24,2.0,0.20192307692307693,P5,132,166,35
524076,Fail,0,,,P5,132,166,35
524496,Fail,0,,,P5,132,166,35
525877,Withdrawn,0,,,P5,132,166,35
525885,Fail,10,10.0,0.4132231404958678,P5,132,166,35
526088,Fail,0,,,P5,132,166,35
526177,Pass,1,33.0,1.0,P5,132,166,35
527393,Pass,6,1.0,0.8285714285714286,P5,132,166,35
527580,Pass,16,0.0,0.32666666666666666,P5,132,166,35
527636,Fail,5,7.0,0.0,P5,132,166,35
527799,Fail,17,1.0,0.0390625,P5,132,166,35
528056,Fail,0,,,P5,132,166,35
528464,Pass,4,14.0,0.94,P5,132,166,35
529000,Fail,0,,,P5,132,166,35
529597,Fail,0,,,P5,132,166,35
529795,Fail,0,,,P5,132,166,35
530021,Fail,0,,,P5,132,166,35
530112,Fail,0,,,P5,132,166,35
530487,Pass,17,3.0,0.5210526315789473,P5,132,166,35
530514,Pass,9,4.0,0.0,P5,132,166,35
530753,Fail,0,,,P5,132,166,35
530841,Pass,16,0.0,0.29411764705882354,P5,132,166,35
531384,Pass,16,0.0,0.6111111111111112,P5,132,166,35
532335,Pass,21,0.0,0.31662870159453305,P5,132,166,35
532477,Pass,28,0.0,0.18029350104821804,P5,132,166,35
532739,Pass,0,,,P5,132,166,35
532839,Fail,0,,,P5,132,166,35
532868,Fail,18,0.0,0.38064516129032255,P5,132,166,35
532869,Pass,17,0.0,0.4787234042553192,P5,132,166,35
533301,Pass,2,31.0,1.0,P5,132,166,35
534133,Pass,20,0.0,0.13424657534246576,P5,132,166,35
534323,Pass,3,6.0,0.8888888888888888,P5,132,166,35
534816,Fail,3,9.0,0.7755102040816326,P5,132,166,35
534946,Pass,7,4.0,0.22727272727272727,P5,132,166,35
534998,Pass,24,2.0,0.26903553299492383,P5,132,166,35
535269,Fail,0,,,P5,132,166,35
535379,Pass,2,33.0,1.0,P5,132,166,35
535833,Pass,6,5.0,0.2087912087912088,P5,132,166,35
536318,Pass,5,4.0,0.3191489361702128,P5,132,166,35
536632,Pass,3,32.0,1.0,P5,132,166,35
536649,Fail,5,3.0,0.5423728813559322,P5,132,166,35
536660,Pass,9,3.0,0.11290322580645161,P5,132,166,35
536666,Pass,3,31.0,1.0,P5,132,166,35
536852,Fail,8,0.0,0.4057971014492754,P5,132,166,35
536992,Pass,4,4.0,0.8947368421052632,P5,132,166,35
537271,Fail,0,,,P5,132,166,35
538210,Pass,2,16.0,0.9019607843137255,P5,132,166,35
539426,Fail,0,,,P5,132,166,35
539670,Fail,0,,,P5,132,166,35
540005,Pass,0,,,P5,132,166,35
540249,Fail,16,2.0,0.14444444444444443,P5,132,166,35
540293,Pass,7,2.0,0.6571428571428571,P5,132,166,35
540521,Pass,4,2.0,0.3448275862068966,P5,132,166,35
540602,Pass,7,3.0,0.3235294117647059,P5,132,166,35
540682,Pass,14,5.0,0.376425855513308,P5,132,166,35
542296,Pass,7,5.0,0.859375,P5,132,166,35
542472,Fail,0,,,P5,132,166,35
542707,Fail,11,4.0,0.7211538461538461,P5,132,166,35
543279,Fail,4,20.0,0.717948717948718,P5,132,166,35
543418,Withdrawn,0,,,P5,132,166,35
543428,Pass,16,5.0,0.44017094017094016,P5,132,166,35
545200,Pass,6,6.0,0.8,P5,132,166,35
545297,Fail,0,,,P5,132,166,35
545298,Pass,2,17.0,0.88,P5,132,166,35
545443,Pass,4,7.0,0.9,P5,132,166,35
545462,Pass,35,0.0,0.2170212765957447,P5,132,166,35
546195,Fail,0,,,P5,132,166,35
546196,Pass,5,5.0,0.4375,P5,132,166,35
547311,Fail,6,3.0,0.017241379310344827,P5,132,166,35
547718,Withdrawn,3,13.0,0.8421052631578947,P5,132,166,35
547979,Withdrawn,0,,,P5,132,166,35
548197,Pass,10,0.0,0.4365079365079365,P5,132,166,35
548899,Pass,7,3.0,0.16666666666666666,P5,132,166,35
549129,Pass,2,4.0,0.7021276595744681,P5,132,166,35
549226,Fail,2,33.0,1.0,P5,132,166,35
549445,Pass,5,3.0,0.3805309734513274,P5,132,166,35
549586,Pass,2,33.0,1.0,P5,132,166,35
549745,Withdrawn,1,0.0,0.0,P5,132,166,35
549873,Fail,0,,,P5,132,166,35
549918,Fail,34,0.0,0.22884283246977546,P5,132,166,35
550412,Pass,3,0.0,0.9285714285714286,P5,132,166,35
550941,Pass,6,4.0,0.7452830188679245,P5,132,166,35
551031,Fail,12,3.0,0.30612244897959184,P5,132,166,35
551205,Pass,1,33.0,1.0,P5,132,166,35
551219,Pass,9,5.0,0.07,P5,132,166,35
551234,Pass,31,0.0,0.31994645247657294,P5,132,166,35
551347,Pass,4,8.0,0.6842105263157895,P5,132,166,35
551802,Fail,5,6.0,0.7450980392156863,P5,132,166,35
551836,Pass,6,1.0,0.8,P5,132,166,35
552116,Pass,12,1.0,0.2676056338028169,P5,132,166,35
552177,Fail,0,,,P5,132,166,35
552205,Pass,9,2.0,0.0,P5,132,166,35
552339,Pass,22,0.0,0.3470790378006873,P5,132,166,35
552515,Pass,1,29.0,1.0,P5,132,166,35
552622,Pass,19,0.0,0.128099173553719,P5,132,166,35
552883,Fail,0,,,P5,132,166,35
553078,Pass,2,0.0,0.9523809523809523,P5,132,166,35
553825,Pass,1,26.0,0.0,P5,132,166,35
553856,Pass,16,3.0,0.3862433862433862,P5,132,166,35
553893,Fail,0,,,P5,132,166,35
554243,Fail,1,34.0,1.0,P5,132,166,35
554297,Fail,0,,,P5,132,166,35
554314,Fail,3,18.0,0.8275862068965517,P5,132,166,35
554540,Pass,14,0.0,0.2,P5,132,166,35
555061,Fail,0,,,P5,132,166,35
555346,Pass,12,3.0,0.5864661654135338,P5,132,166,35
555721,Pass,14,2.0,0.15702479338842976,P5,132,166,35
556062,Fail,0,,,P5,132,166,35
556175,Pass,4,28.0,1.0,P5,132,166,35
556228,Pass,13,0.0,0.4264705882352941,P5,132,166,35
556427,Withdrawn,1,1.0,0.0,P5,132,166,35
556592,Pass,2,26.0,0.2926829268292683,P5,132,166,35
556738,Fail,0,,,P5,132,166,35
556972,Pass,13,0.0,0.3548387096774194,P5,132,166,35
557652,Fail,9,4.0,0.8350515463917526,P5,132,166,35
558035,Withdrawn,2,10.0,0.0,P5,132,166,35
558333,Pass,2,26.0,0.0,P5,132,166,35
558533,Pass,4,7.0,0.4714285714285714,P5,132,166,35
558661,Fail,5,0.0,0.7631578947368421,P5,132,166,35
558755,Fail,0,,,P5,132,166,35
558962,Pass,6,8.0,0.18032786885245902,P5,132,166,35
558983,Fail,8,3.0,0.1509433962264151,P5,132,166,35
559168,Pass,3,28.0,1.0,P5,132,166,35
559382,Pass,16,3.0,0.3416666666666667,P5,132,166,35
559414,Pass,12,3.0,0.3333333333333333,P5,132,166,35
559584,Pass,2,33.0,1.0,P5,132,166,35
559685,Fail,1,5.0,0.0,P5,132,166,35
559851,Pass,3,25.0,0.5272727272727272,P5,132,166,35
560030,Fail,0,,,P5,132,166,35
560074,Pass,6,0.0,0.7530864197530864,P5,132,166,35
560430,Fail,0,,,P5,132,166,35
560567,Pass,3,19.0,0.76,P5,132,166,35
560676,Fail,3,19.0,0.4857142857142857,P5,132,166,35
560773,Pass,11,1.0,0.38524590163934425,P5,132,166,35
561457,Pass,14,0.0,0.08955223880597014,P5,132,166,35
561534,Pass,22,6.0,0.5941558441558441,P5,132,166,35
561549,Fail,0,,,P5,132,166,35
561591,Pass,5,0.0,0.3333333333333333,P5,132,166,35
561841,Pass,18,2.0,0.47368421052631576,P5,132,166,35
562090,Pass,11,4.0,0.3368421052631579,P5,132,166,35
562270,Pass,24,0.0,0.23780487804878048,P5,132,166,35
562456,Fail,2,18.0,0.0,P5,132,166,35
563174,Fail,0,,,P5,132,166,35
563374,Fail,14,0.0,0.0,P5,132,166,35
563706,Pass,12,1.0,0.4830508474576271,P5,132,166,35
563733,Pass,3,16.0,0.15151515151515152,P5,132,166,35
563735,Pass,10,0.0,0.0,P5,132,166,35
563769,Fail,4,21.0,0.9782608695652174,P5,132,166,35
563794,Pass,5,6.0,0.6933333333333334,P5,132,166,35
564105,Pass,22,0.0,0.27986348122866894,P5,132,166,35
564129,Pass,1,25.0,0.0,P5,132,166,35
564144,Pass,2,33.0,1.0,P5,132,166,35
564245,Pass,11,0.0,0.4868421052631579,P5,132,166,35
564268,Pass,3,1.0,0.9166666666666666,P5,132,166,35
564596,Withdrawn,1,31.0,1.0,P5,132,166,35
564626,Fail,3,3.0,0.0,P5,132,166,35
564792,Fail,13,3.0,0.24175824175824176,P5,132,166,35
564958,Pass,7,0.0,0.7397260273972602,P5,132,166,35
565393,Fail,2,2.0,0.0,P5,132,166,35
565582,Pass,3,3.0,0.045454545454545456,P5,132,166,35
565607,Pass,7,4.0,0.8252427184466019,P5,132,166,35
565715,Pass,6,5.0,0.3269230769230769,P5,132,166,35
565888,Pass,4,8.0,0.9672131147540983,P5,132,166,35
565919,Pass,5,4.0,0.9074074074074074,P5,132,166,35
566339,Pass,4,15.0,0.5,P5,132,166,35
566358,Fail,2,0.0,0.6857142857142857,P5,132,166,35
566369,Pass,12,1.0,0.296875,P5,132,166,35
566392,Fail,14,0.0,0.1388888888888889,P5,132,166,35
566407,Pass,10,2.0,0.6336633663366337,P5,132,166,35
566415,Pass,2,33.0,1.0,P5,132,166,35
566720,Pass,17,1.0,0.4101123595505618,P5,132,166,35
566813,Pass,4,5.0,0.42424242424242425,P5,132,166,35
566814,Pass,6,6.0,0.08,P5,132,166,35
567013,Fail,0,,,P5,132,166,35
567160,Fail,1,30.0,1.0,P5,132,166,35
567262,Pass,5,21.0,0.7213114754098361,P5,132,166,35
567363,Pass,7,0.0,0.14285714285714285,P5,132,166,35
567402,Pass,14,0.0,0.034482758620689655,P5,132,166,35
567429,Pass,7,1.0,0.7205882352941176,P5,132,166,35
567627,Pass,3,6.0,0.8666666666666667,P5,132,166,35
567754,Pass,22,2.0,0.266304347826087,P5,132,166,35
567915,Fail,3,25.0,0.9591836734693877,P5,132,166,35
567929,Fail,9,2.0,0.8360655737704918,P5,132,166,35
567958,Pass,0,,,P5,132,166,35
567979,Pass,2,1.0,0.7307692307692307,P5,132,166,35
568074,Pass,6,6.0,0.6914893617021277,P5,132,166,35
568474,Pass,5,3.0,0.4864864864864865,P5,132,166,35
568502,Pass,7,7.0,0.5641025641025641,P5,132,166,35
569035,Pass,17,0.0,0.1144578313253012,P5,132,166,35
569141,Pass,2,25.0,0.7,P5,132,166,35
569334,Fail,2,9.0,0.0,P5,132,166,35
569854,Pass,6,0.0,0.5116279069767442,P5,132,166,35
569862,Pass,9,3.0,0.4166666666666667,P5,132,166,35
569930,Pass,18,1.0,0.07920792079207921,P5,132,166,35
570137,Pass,12,0.0,0.05555555555555555,P5,132,166,35
570157,Pass,14,0.0,0.2236024844720497,P5,132,166,35
570168,Pass,20,0.0,0.05102040816326531,P5,132,166,35
570271,Pass,27,0.0,0.21809744779582366,P5,132,166,35
570287,Pass,3,2.0,0.0,P5,132,166,35
570351,Pass,10,2.0,0.22085889570552147,P5,132,166,35
570519,Fail,0,,,P5,132,166,35
570623,Pass,19,1.0,0.4276729559748428,P5,132,166,35
570759,Pass,5,3.0,0.8,P5,132,166,35
570783,Pass,12,0.0,0.4177215189873418,P5,132,166,35
570864,Pass,5,0.0,0.0,P5,132,166,35
571083,Pass,7,4.0,0.28125,P5,132,166,35
571441,Pass,4,4.0,0.9473684210526315,P5,132,166,35
571503,Pass,9,4.0,0.8137931034482758,P5,132,166,35
571516,Pass,7,5.0,0.04081632653061224,P5,132,166,35
571554,Pass,12,3.0,0.5616438356164384,P5,132,166,35
571672,Fail,0,,,P5,132,166,35
571681,Pass,27,0.0,0.27346938775510204,P5,132,166,35
571693,Fail,2,26.0,0.59375,P5,132,166,35
571779,Pass,7,4.0,0.0851063829787234,P5,132,166,35
571871,Pass,15,6.0,0.5502958579881657,P5,132,166,35
571885,Pass,7,1.0,0.3770491803278688,P5,132,166,35
571907,Pass,6,1.0,0.22448979591836735,P5,132,166,35
572051,Pass,5,9.0,0.8181818181818182,P5,132,166,35
572067,Pass,10,0.0,0.5147058823529411,P5,132,166,35
572103,Pass,5,0.0,0.49411764705882355,P5,132,166,35
572131,Fail,0,,,P5,132,166,35
572173,Fail,0,,,P5,132,166,35
572277,Fail,0,,,P5,132,166,35
572416,Pass,11,0.0,0.024390243902439025,P5,132,166,35
572447,Pass,3,0.0,0.7222222222222222,P5,132,166,35
572504,Pass,5,8.0,0.6,P5,132,166,35
572508,Pass,12,4.0,0.25806451612903225,P5,132,166,35
572514,Fail,7,0.0,0.68,P5,132,166,35
572733,Pass,5,6.0,0.9375,P5,132,166,35
572739,Withdrawn,1,11.0,0.0,P5,132,166,35
572752,Pass,3,31.0,1.0,P5,132,166,35
572765,Pass,3,26.0,0.42105263157894735,P5,132,166,35
572918,Fail,0,,,P5,132,166,35
572937,Fail,0,,,P5,132,166,35
573043,Pass,9,2.0,0.6802325581395349,P5,132,166,35
573063,Pass,7,3.0,0.30985915492957744,P5,132,166,35
573208,Pass,1,31.0,1.0,P5,132,166,35
573217,Fail,0,,,P5,132,166,35
573223,Fail,0,,,P5,132,166,35
573225,Fail,2,0.0,0.782608695652174,P5,132,166,35
573275,Fail,0,,,P5,132,166,35
573411,Pass,8,0.0,0.12962962962962962,P5,132,166,35
573433,Pass,19,0.0,0.023952095808383235,P5,132,166,35
573453,Pass,5,0.0,0.4489795918367347,P5,132,166,35
573487,Fail,0,,,P5,132,166,35
573578,Pass,8,4.0,0.7710843373493976,P5,132,166,35
573654,Pass,12,2.0,0.21551724137931033,P5,132,166,35
573777,Pass,5,18.0,0.6222222222222222,P5,132,166,35
573790,Pass,9,3.0,0.5882352941176471,P5,132,166,35
573821,Pass,4,12.0,0.2714285714285714,P5,132,166,35
573831,Pass,0,,,P5,132,166,35
573893,Fail,5,28.0,1.0,P5,132,166,35
573986,Pass,2,0.0,0.8947368421052632,P5,132,166,35
574002,Fail,4,4.0,0.6923076923076923,P5,132,166,35
574051,Fail,0,,,P5,132,166,35
574125,Pass,11,3.0,0.1941747572815534,P5,132,166,35
574194,Pass,8,2.0,0.7073170731707317,P5,132,166,35
574250,Pass,12,1.0,0.4722222222222222,P5,132,166,35
574348,Pass,18,1.0,0.015,P5,132,166,35
574549,Pass,5,0.0,0.42857142857142855,P5,132,166,35
574708,Fail,9,9.0,0.038461538461538464,P5,132,166,35
574766,Fail,0,,,P5,132,166,35
574973,Pass,33,0.0,0.1625,P5,132,166,35
575018,Pass,6,11.0,0.8461538461538461,P5,132,166,35
575089,Fail,2,2.0,0.0,P5,132,166,35
575100,Fail,6,19.0,0.8157894736842105,P5,132,166,35
575124,Pass,19,0.0,0.13095238095238096,P5,132,166,35
575281,Fail,2,24.0,0.9285714285714286,P5,132,166,35
575290,Pass,19,0.0,0.32894736842105265,P5,132,166,35
575387,Pass,24,0.0,0.22865853658536586,P5,132,166,35
575480,Fail,0,,,P5,132,166,35
575681,Pass,24,0.0,0.2531194295900178,P5,132,166,35
575929,Fail,3,10.0,0.0,P5,132,166,35
575930,Pass,10,1.0,0.14772727272727273,P5,132,166,35
575982,Fail,0,,,P5,132,166,35
576158,Pass,4,3.0,0.3103448275862069,P5,132,166,35
576226,Fail,0,,,P5,132,166,35
576483,Pass,4,26.0,0.8076923076923077,P5,132,166,35
576524,Fail,6,4.0,0.5,P5,132,166,35
576600,Pass,4,6.0,0.828125,P5,132,166,35
576815,Fail,0,,,P5,132,166,35
576841,Pass,9,2.0,0.2,P5,132,166,35
576882,Fail,8,0.0,0.7380952380952381,P5,132,166,35
576935,Fail,15,0.0,0.4174757281553398,P5,132,166,35
576940,Pass,25,0.0,0.3145539906103286,P5,132,166,35
576946,Pass,14,0.0,0.7291666666666666,P5,132,166,35
576947,Fail,0,,,P5,132,166,35
576981,Pass,0,,,P5,132,166,35
577099,Pass,8,1.0,0.19696969696969696,P5,132,166,35
577256,Pass,7,16.0,0.75,P5,132,166,35
577280,Pass,6,6.0,0.4473684210526316,P5,132,166,35
577286,Pass,2,25.0,0.03225806451612903,P5,132,166,35
577347,Fail,3,1.0,0.6785714285714286,P5,132,166,35
577376,Pass,8,0.0,0.5,P5,132,166,35
577498,Fail,11,5.0,0.2542372881355932,P5,132,166,35
577648,Fail,13,0.0,0.6909090909090909,P5,132,166,35
577680,Pass,19,1.0,0.24793388429752067,P5,132,166,35
577692,Fail,3,5.0,0.0,P5,132,166,35
577915,Pass,3,31.0,1.0,P5,132,166,35
577949,Fail,0,,,P5,132,166,35
577980,Pass,6,4.0,0.6511627906976745,P5,132,166,35
578057,Fail,0,,,P5,132,166,35
578062,Fail,0,,,P5,132,166,35
578197,Pass,7,0.0,0.0967741935483871,P5,132,166,35
578362,Fail,0,,,P5,132,166,35
578447,Pass,0,,,P5,132,166,35
578546,Pass,13,7.0,0.16666666666666666,P5,132,166,35
578578,Pass,10,10.0,0.13793103448275862,P5,132,166,35
578600,Pass,14,1.0,0.06220095693779904,P5,132,166,35
578676,Fail,2,5.0,0.9772727272727273,P5,132,166,35
578717,Pass,4,16.0,0.9285714285714286,P5,132,166,35
579279,Pass,3,9.0,0.9827586206896551,P5,132,166,35
579316,Pass,3,24.0,0.4230769230769231,P5,132,166,35
579549,Pass,22,0.0,0.11864406779661017,P5,132,166,35
579571,Pass,7,3.0,0.03773584905660377,P5,132,166,35
579575,Pass,3,29.0,1.0,P5,132,166,35
579619,Pass,24,1.0,0.23652694610778444,P5,132,166,35
579718,Fail,0,,,P5,132,166,35
579762,Pass,5,20.0,0.9365079365079365,P5,132,166,35
580094,Pass,21,0.0,0.19339622641509435,P5,132,166,35
580314,Fail,0,,,P5,132,166,35
580346,Pass,35,0.0,0.25564880568108456,P5,132,166,35
580360,Pass,3,7.0,0.9666666666666667,P5,132,166,35
580412,Withdrawn,0,,,P5,132,166,35
580540,Pass,4,0.0,0.6060606060606061,P5,132,166,35
580592,Withdrawn,3,0.0,0.14285714285714285,P5,132,166,35
580612,Pass,10,0.0,0.18627450980392157,P5,132,166,35
580684,Fail,6,1.0,0.0,P5,132,166,35
580880,Pass,18,2.0,0.3384615384615385,P5,132,166,35
580883,Pass,18,1.0,0.35526315789473684,P5,132,166,35
580960,Pass,13,1.0,0.16535433070866143,P5,132,166,35
580975,Fail,1,13.0,0.0,P5,132,166,35
581027,Fail,0,,,P5,132,166,35
581038,Fail,0,,,P5,132,166,35
581139,Pass,4,17.0,0.8611111111111112,P5,132,166,35
581305,Fail,7,19.0,0.12173913043478261,P5,132,166,35
581431,Fail,2,17.0,0.8648648648648649,P5,132,166,35
581530,Pass,1,4.0,0.0,P5,132,166,35
581586,Pass,8,3.0,0.06557377049180328,P5,132,166,35
581625,Fail,0,,,P5,132,166,35
581657,Pass,4,12.0,0.4358974358974359,P5,132,166,35
582093,Fail,0,,,P5,132,166,35
582123,Pass,3,18.0,0.0,P5,132,166,35
582184,Withdrawn,5,6.0,0.0,P5,132,166,35
582190,Fail,2,13.0,0.6071428571428571,P5,132,166,35
582218,Fail,1,34.0,1.0,P5,132,166,35
582301,Fail,1,17.0,0.0,P5,132,166,35
582305,Pass,13,4.0,0.7,P5,132,166,35
582390,Pass,9,1.0,0.39436619718309857,P5,132,166,35
582394,Pass,22,0.0,0.47844827586206895,P5,132,166,35
582406,Pass,1,20.0,0.0,P5,132,166,35
582439,Fail,0,,,P5,132,166,35
582446,Pass,4,9.0,0.9152542372881356,P5,132,166,35
582474,Pass,19,1.0,0.14826498422712933,P5,132,166,35
582574,Pass,10,0.0,0.0,P5,132,166,35
582578,Pass,7,6.0,0.296875,P5,132,166,35
582591,Fail,0,,,P5,132,166,35
582636,Pass,1,34.0,1.0,P5,132,166,35
582650,Pass,2,13.0,0.0,P5,132,166,35
582833,Fail,1,34.0,1.0,P5,132,166,35
582878,Pass,2,9.0,0.9629629629629629,P5,132,166,35
582940,Pass,3,24.0,0.5189873417721519,P5,132,166,35
582975,Pass,7,5.0,0.0,P5,132,166,35
583007,Fail,0,,,P5,132,166,35
583012,Pass,2,5.0,0.1891891891891892,P5,132,166,35
583039,Pass,4,0.0,0.7745098039215687,P5,132,166,35
583098,Fail,10,17.0,0.22527472527472528,P5,132,166,35
583113,Fail,2,13.0,0.7142857142857143,P5,132,166,35
583142,Withdrawn,5,0.0,0.27586206896551724,P5,132,166,35
583191,Pass,9,2.0,0.5074626865671642,P5,132,166,35
583240,Fail,3,2.0,0.16666666666666666,P5,132,166,35
583301,Fail,0,,,P5,132,166,35
583367,Fail,1,22.0,0.0,P5,132,166,35
583433,Pass,19,1.0,0.25333333333333335,P5,132,166,35
583459,Pass,16,0.0,0.41975308641975306,P5,132,166,35
583473,Pass,3,22.0,0.9230769230769231,P5,132,166,35
583534,Fail,0,,,P5,132,166,35
583598,Fail,0,,,P5,132,166,35
583609,Pass,22,0.0,0.12921348314606743,P5,132,166,35
583645,Pass,11,2.0,0.2835820895522388,P5,132,166,35
583708,Pass,4,8.0,0.5,P5,132,166,35
583873,Pass,12,1.0,0.6129032258064516,P5,132,166,35
583964,Pass,8,15.0,0.43478260869565216,P5,132,166,35
583977,Fail,3,21.0,0.4482758620689655,P5,132,166,35
584042,Pass,3,20.0,0.6923076923076923,P5,132,166,35
584178,Pass,5,10.0,0.0,P5,132,166,35
584238,Fail,0,,,P5,132,166,35
584325,Withdrawn,10,0.0,0.410958904109589,P5,132,166,35
584408,Fail,3,4.0,0.8461538461538461,P5,132,166,35
584580,Pass,1,34.0,1.0,P5,132,166,35
584611,Fail,0,,,P5,132,166,35
584766,Pass,5,10.0,0.9473684210526315,P5,132,166,35
584813,Pass,6,3.0,0.13513513513513514,P5,132,166,35
585074,Fail,1,14.0,0.0,P5,132,166,35
585170,Pass,13,2.0,0.5873015873015873,P5,132,166,35
585212,Pass,10,3.0,0.4634146341463415,P5,132,166,35
585406,Pass,3,26.0,0.56,P5,132,166,35
585603,Pass,4,4.0,0.0,P5,132,166,35
585611,Pass,1,31.0,1.0,P5,132,166,35
585644,Pass,0,,,P5,132,166,35
585652,Pass,2,2.0,0.9523809523809523,P5,132,166,35
585693,Pass,32,0.0,0.2769121813031161,P5,132,166,35
585779,Pass,18,3.0,0.43703703703703706,P5,132,166,35
585816,Fail,1,32.0,1.0,P5,132,166,35
585915,Fail,0,,,P5,132,166,35
585963,Fail,0,,,P5,132,166,35
586072,Fail,0,,,P5,132,166,35
586078,Pass,1,31.0,1.0,P5,132,166,35
586145,Fail,0,,,P5,132,166,35
586165,Fail,1,34.0,1.0,P5,132,166,35
586346,Pass,24,0.0,0.22633744855967078,P5,132,166,35
586416,Pass,15,0.0,0.3051948051948052,P5,132,166,35
586440,Pass,3,5.0,0.95,P5,132,166,35
586490,Fail,0,,,P5,132,166,35
586535,Pass,13,1.0,0.4344262295081967,P5,132,166,35
586581,Pass,7,2.0,0.7980769230769231,P5,132,166,35
586720,Fail,0,,,P5,132,166,35
586742,Pass,4,6.0,0.9142857142857143,P5,132,166,35
586836,Fail,0,,,P5,132,166,35
586843,Pass,4,11.0,0.9090909090909091,P5,132,166,35
586882,Fail,0,,,P5,132,166,35
586928,Fail,1,27.0,0.0,P5,132,166,35
587051,Fail,0,,,P5,132,166,35
587071,Fail,0,,,P5,132,166,35
587192,Pass,9,0.0,0.40425531914893614,P5,132,166,35
587194,Fail,2,26.0,0.8666666666666667,P5,132,166,35
587297,Pass,16,3.0,0.20114942528735633,P5,132,166,35
587409,Pass,3,28.0,1.0,P5,132,166,35
587418,Pass,8,3.0,0.8846153846153846,P5,132,166,35
587564,Pass,10,9.0,0.648854961832061,P5,132,166,35
587702,Pass,8,4.0,0.3516483516483517,P5,132,166,35
587732,Pass,12,1.0,0.5645161290322581,P5,132,166,35
587754,Pass,3,13.0,0.9666666666666667,P5,132,166,35
587755,Pass,3,3.0,0.918918918918919,P5,132,166,35
587810,Pass,12,0.0,0.27586206896551724,P5,132,166,35
587824,Fail,0,,,P5,132,166,35
587838,Withdrawn,0,,,P5,132,166,35
587923,Pass,5,5.0,0.9090909090909091,P5,132,166,35
587961,Fail,4,6.0,0.0,P5,132,166,35
588265,Pass,3,29.0,1.0,P5,132,166,35
588355,Pass,9,14.0,0.5196078431372549,P5,132,166,35
588432,Fail,0,,,P5,132,166,35
588642,Pass,4,9.0,0.8135593220338984,P5,132,166,35
588713,Fail,0,,,P5,132,166,35
588910,Pass,27,0.0,0.32857142857142857,P5,132,166,35
589067,Pass,5,0.0,0.4731182795698925,P5,132,166,35
589123,Pass,12,5.0,0.5,P5,132,166,35
589296,Pass,31,0.0,0.2691397000789266,P5,132,166,35
589302,Pass,19,4.0,0.40384615384615385,P5,132,166,35
589509,Pass,2,8.0,0.9666666666666667,P5,132,166,35
589903,Pass,7,0.0,0.26851851851851855,P5,132,166,35
589950,Pass,2,3.0,0.8095238095238095,P5,132,166,35
590202,Pass,6,7.0,0.23225806451612904,P5,132,166,35
590231,Pass,6,1.0,0.875,P5,132,166,35
590308,Fail,1,34.0,1.0,P5,132,166,35
590325,Pass,5,2.0,0.8297872340425532,P5,132,166,35
590360,Fail,2,33.0,1.0,P5,132,166,35
590362,Pass,6,5.0,0.0,P5,132,166,35
590365,Fail,0,,,P5,132,166,35
590372,Pass,19,2.0,0.3116883116883117,P5,132,166,35
590502,Fail,0,,,P5,132,166,35
590625,Pass,10,2.0,0.34177215189873417,P5,132,166,35
590867,Fail,0,,,P5,132,166,35
590923,Fail,0,,,P5,132,166,35
590931,Pass,9,0.0,0.7631578947368421,P5,132,166,35
591030,Pass,3,22.0,0.2413793103448276,P5,132,166,35
591034,Fail,1,24.0,0.0,P5,132,166,35
591223,Pass,26,0.0,0.17825311942959002,P5,132,166,35
591257,Fail,1,10.0,0.0,P5,132,166,35
591273,Pass,3,10.0,0.6666666666666666,P5,132,166,35
591410,Fail,1,31.0,1.0,P5,132,166,35
591414,Pass,11,7.0,0.5037593984962406,P5,132,166,35
591420,Pass,3,3.0,0.0,P5,132,166,35
591440,Fail,0,,,P5,132,166,35
591558,Pass,13,0.0,0.33043478260869563,P5,132,166,35
591574,Pass,15,0.0,0.16346153846153846,P5,132,166,35
591589,Pass,4,24.0,0.9830508474576272,P5,132,166,35
591591,Fail,9,4.0,0.8648648648648649,P5,132,166,35
591785,Fail,2,3.0,0.0,P5,132,166,35
591787,Pass,2,16.0,0.32142857142857145,P5,132,166,35
591820,Pass,7,0.0,0.7413793103448276,P5,132,166,35
591978,Fail,7,5.0,0.543859649122807,P5,132,166,35
592081,Fail,0,,,P5,132,166,35
592147,Pass,10,4.0,0.5892857142857143,P5,132,166,35
592205,Pass,4,11.0,0.9393939393939394,P5,132,166,35
592256,Fail,1,28.0,1.0,P5,132,166,35
592290,Pass,4,5.0,0.5769230769230769,P5,132,166,35
592317,Pass,6,3.0,0.4852941176470588,P5,132,166,35
592322,Pass,20,0.0,0.15841584158415842,P5,132,166,35
592441,Pass,2,27.0,0.37209302325581395,P5,132,166,35
592480,Pass,3,2.0,0.9705882352941176,P5,132,166,35
592496,Pass,12,4.0,0.5043478260869565,P5,132,166,35
592618,Pass,7,5.0,0.7450980392156863,P5,132,166,35
592624,Pass,4,6.0,0.8947368421052632,P5,132,166,35
592772,Pass,5,5.0,0.7857142857142857,P5,132,166,35
592815,Withdrawn,12,0.0,0.0,P5,132,166,35
592854,Pass,3,9.0,0.7647058823529411,P5,132,166,35
592900,Pass,12,0.0,0.5585585585585585,P5,132,166,35
592949,Withdrawn,4,1.0,0.0,P5,132,166,35
593023,Pass,3,19.0,0.4,P5,132,166,35
593081,Pass,2,23.0,0.4166666666666667,P5,132,166,35
593189,Fail,0,,,P5,132,166,35
593299,Fail,0,,,P5,132,166,35
593385,Pass,7,4.0,0.5277777777777778,P5,132,166,35
593421,Pass,2,9.0,0.9692307692307692,P5,132,166,35
593427,Pass,15,0.0,0.23853211009174313,P5,132,166,35
593444,Pass,5,3.0,0.06976744186046512,P5,132,166,35
593510,Pass,3,22.0,0.46153846153846156,P5,132,166,35
593513,Pass,4,6.0,0.0,P5,132,166,35
593514,Fail,3,10.0,0.0625,P5,132,166,35
593593,Pass,3,11.0,0.2702702702702703,P5,132,166,35
593613,Fail,0,,,P5,132,166,35
593631,Pass,11,0.0,0.1,P5,132,166,35
593685,Pass,1,34.0,1.0,P5,132,166,35
593692,Pass,13,3.0,0.4024390243902439,P5,132,166,35
593694,Pass,35,0.0,0.2707794606575545,P5,132,166,35
593695,Pass,5,0.0,0.8,P5,132,166,35
593709,Fail,0,,,P5,132,166,35
593711,Pass,1,34.0,1.0,P5,132,166,35
593712,Pass,5,2.0,0.7894736842105263,P5,132,166,35
593715,Pass,1,29.0,1.0,P5,132,166,35
593727,Pass,23,1.0,0.26198083067092653,P5,132,166,35
593743,Pass,5,18.0,0.9042553191489362,P5,132,166,35
593798,Pass,5,8.0,0.013888888888888888,P5,132,166,35
593871,Pass,14,3.0,0.6073298429319371,P5,132,166,35
593898,Pass,29,5.0,0.2028985507246377,P5,132,166,35
593900,Pass,7,0.0,0.55,P5,132,166,35
594015,Pass,6,5.0,0.41025641025641024,P5,132,166,35
594038,Fail,1,12.0,0.0,P5,132,166,35
594056,Pass,10,0.0,0.22727272727272727,P5,132,166,35
594456,Pass,4,13.0,0.2962962962962963,P5,132,166,35
594468,Pass,17,4.0,0.1507537688442211,P5,132,166,35
594497,Fail,0,,,P5,132,166,35
594677,Pass,4,7.0,0.4307692307692308,P5,132,166,35
594697,Fail,0,,,P5,132,166,35
594762,Pass,12,2.0,0.5072463768115942,P5,132,166,35
594776,Pass,15,2.0,0.38461538461538464,P5,132,166,35
594845,Fail,4,4.0,0.1724137931034483,P5,132,166,35
594928,Pass,8,1.0,0.08536585365853659,P5,132,166,35
595010,Fail,1,0.0,0.0,P5,132,166,35
595094,Fail,0,,,P5,132,166,35
595103,Pass,14,3.0,0.1388888888888889,P5,132,166,35
595138,Pass,2,31.0,1.0,P5,132,166,35
595241,Fail,3,9.0,0.3076923076923077,P5,132,166,35
595295,Pass,3,10.0,0.7777777777777778,P5,132,166,35
595298,Fail,1,0.0,0.0,P5,132,166,35
595345,Pass,8,3.0,0.7540983606557377,P5,132,166,35
595436,Pass,8,5.0,0.5106382978723404,P5,132,166,35
595499,Fail,2,17.0,0.9333333333333333,P5,132,166,35
595509,Fail,0,,,P5,132,166,35
595570,Fail,10,1.0,0.15,P5,132,166,35
595672,Fail,3,14.0,0.8666666666666667,P5,132,166,35
595678,Pass,5,9.0,0.6666666666666666,P5,132,166,35
595711,Fail,0,,,P5,132,166,35
595818,Pass,13,0.0,0.42857142857142855,P5,132,166,35
595854,Pass,8,3.0,0.47435897435897434,P5,132,166,35
595874,Pass,3,26.0,0.8055555555555556,P5,132,166,35
595877,Fail,0,,,P5,132,166,35
595925,Pass,6,0.0,0.0,P5,132,166,35
596016,Fail,0,,,P5,132,166,35
596017,Pass,10,0.0,0.05454545454545454,P5,132,166,35
596100,Withdrawn,0,,,P5,132,166,35
596107,Pass,4,12.0,0.046511627906976744,P5,132,166,35
596108,Pass,5,4.0,0.0,P5,132,166,35
596114,Pass,22,2.0,0.6852791878172588,P5,132,166,35
596144,Pass,11,3.0,0.4426229508196721,P5,132,166,35
596242,Pass,3,22.0,0.7301587301587301,P5,132,166,35
596360,Fail,0,,,P5,132,166,35
596372,Pass,9,5.0,0.2767857142857143,P5,132,166,35
596390,Pass,3,21.0,0.9666666666666667,P5,132,166,35
596417,Pass,7,10.0,0.25862068965517243,P5,132,166,35
596451,Pass,28,0.0,0.24655172413793103,P5,132,166,35
596535,Pass,5,0.0,0.5901639344262295,P5,132,166,35
596596,Fail,3,4.0,0.9272727272727272,P5,132,166,35
596677,Fail,1,21.0,0.0,P5,132,166,35
596814,Fail,0,,,P5,132,166,35
596849,Fail,0,,,P5,132,166,35
596892,Fail,10,1.0,0.037037037037037035,P5,132,166,35
596897,Pass,2,33.0,1.0,P5,132,166,35
596961,Fail,0,,,P5,132,166,35
596964,Pass,9,0.0,0.08571428571428572,P5,132,166,35
597033,Fail,0,,,P5,132,166,35
597078,Fail,0,,,P5,132,166,35
597142,Fail,0,,,P5,132,166,35
597301,Pass,15,0.0,0.45045045045045046,P5,132,166,35
597532,Withdrawn,1,33.0,1.0,P5,132,166,35
597582,Fail,0,,,P5,132,166,35
597689,Fail,7,5.0,0.6785714285714286,P5,132,166,35
597742,Pass,4,11.0,0.8031496062992126,P5,132,166,35
597790,Pass,9,2.0,0.6618357487922706,P5,132,166,35
597866,Fail,4,0.0,0.0,P5,132,166,35
597878,Pass,11,11.0,0.46564885496183206,P5,132,166,35
597894,Pass,22,0.0,0.3514018691588785,P5,132,166,35
598000,Pass,5,4.0,0.2857142857142857,P5,132,166,35
598202,Fail,0,,,P5,132,166,35
598230,Pass,10,0.0,0.21693121693121692,P5,132,166,35
598243,Pass,4,10.0,0.6666666666666666,P5,132,166,35
598252,Pass,3,16.0,0.7631578947368421,P5,132,166,35
598253,Pass,0,,,P5,132,166,35
598260,Withdrawn,2,3.0,0.9545454545454546,P5,132,166,35
598351,Pass,6,11.0,0.7536231884057971,P5,132,166,35
598462,Pass,8,5.0,0.8461538461538461,P5,132,166,35
598538,Fail,0,,,P5,132,166,35
598562,Fail,0,,,P5,132,166,35
598623,Pass,9,7.0,0.3783783783783784,P5,132,166,35
598709,Pass,8,3.0,0.746268656716418,P5,132,166,35
598760,Pass,4,3.0,0.6862745098039216,P5,132,166,35
598865,Pass,5,7.0,0.0,P5,132,166,35
598907,Pass,24,1.0,0.22900763358778625,P5,132,166,35
598914,Pass,6,17.0,0.8333333333333334,P5,132,166,35
598969,Pass,16,4.0,0.16535433070866143,P5,132,166,35
598986,Fail,10,0.0,0.4186046511627907,P5,132,166,35
599016,Pass,2,19.0,0.35,P5,132,166,35
599037,Pass,11,1.0,0.7268292682926829,P5,132,166,35
599292,Pass,11,0.0,0.13114754098360656,P5,132,166,35
599402,Pass,3,22.0,0.8,P5,132,166,35
599427,Fail,0,,,P5,132,166,35
599434,Fail,0,,,P5,132,166,35
599640,Fail,0,,,P5,132,166,35
599644,Fail,0,,,P5,132,166,35
599709,Fail,0,,,P5,132,166,35
599739,Pass,7,24.0,0.6941176470588235,P5,132,166,35
599748,Pass,3,6.0,0.0,P5,132,166,35
599785,Pass,4,2.0,0.5166666666666667,P5,132,166,35
599787,Pass,17,2.0,0.2857142857142857,P5,132,166,35
599794,Pass,25,0.0,0.30364372469635625,P5,132,166,35
599802,Fail,0,,,P5,132,166,35
599836,Pass,11,0.0,0.14285714285714285,P5,132,166,35
599840,Fail,3,32.0,1.0,P5,132,166,35
599895,Pass,15,2.0,0.1794871794871795,P5,132,166,35
599908,Pass,15,5.0,0.4690265486725664,P5,132,166,35
600121,Pass,28,0.0,0.14871794871794872,P5,132,166,35
600211,Fail,0,,,P5,132,166,35
600263,Fail,0,,,P5,132,166,35
600279,Pass,30,0.0,0.108348134991119,P5,132,166,35
600370,Pass,4,18.0,0.9411764705882353,P5,132,166,35
600470,Fail,3,14.0,0.6666666666666666,P5,132,166,35
600476,Fail,0,,,P5,132,166,35
600579,Withdrawn,0,,,P5,132,166,35
600740,Pass,10,1.0,0.5175438596491229,P5,132,166,35
600749,Fail,0,,,P5,132,166,35
600770,Fail,0,,,P5,132,166,35
600771,Pass,3,8.0,0.7674418604651163,P5,132,166,35
600845,Fail,0,,,P5,132,166,35
600966,Pass,7,12.0,0.3392857142857143,P5,132,166,35
600967,Fail,0,,,P5,132,166,35
600999,Fail,0,,,P5,132,166,35
601251,Pass,3,16.0,0.3684210526315789,P5,132,166,35
601269,Pass,7,0.0,0.19,P5,132,166,35
601455,Pass,7,2.0,0.0,P5,132,166,35
601499,Pass,12,1.0,0.11067193675889328,P5,132,166,35
601504,Pass,29,0.0,0.2157968970380818,P5,132,166,35
601505,Fail,4,6.0,0.74,P5,132,166,35
601551,Fail,6,0.0,0.43636363636363634,P5,132,166,35
601558,Fail,0,,,P5,132,166,35
601635,Pass,7,0.0,0.4489795918367347,P5,132,166,35
601655,Pass,8,0.0,0.3184713375796178,P5,132,166,35
601706,Withdrawn,2,0.0,0.8823529411764706,P5,132,166,35
601885,Pass,3,20.0,0.7837837837837838,P5,132,166,35
601887,Pass,2,30.0,1.0,P5,132,166,35
601896,Fail,3,1.0,0.6666666666666666,P5,132,166,35
601934,Fail,8,0.0,0.0,P5,132,166,35
601951,Fail,3,1.0,0.0,P5,132,166,35
602009,Pass,2,31.0,1.0,P5,132,166,35
602014,Pass,12,1.0,0.18518518518518517,P5,132,166,35
602032,Fail,0,,,P5,132,166,35
602066,Pass,10,5.0,0.5581395348837209,P5,132,166,35
602147,Pass,2,22.0,0.3835616438356164,P5,132,166,35
602245,Pass,20,0.0,0.29430051813471503,P5,132,166,35
602324,Fail,0,,,P5,132,166,35
602395,Pass,1,33.0,1.0,P5,132,166,35
602458,Pass,9,3.0,0.33980582524271846,P5,132,166,35
602483,Fail,1,11.0,0.0,P5,132,166,35
602496,Pass,3,23.0,0.8448275862068966,P5,132,166,35
602598,Fail,0,,,P5,132,166,35
602739,Withdrawn,0,,,P5,132,166,35
602767,Fail,7,2.0,0.08547008547008547,P5,132,166,35
602826,Fail,2,10.0,0.0,P5,132,166,35
603012,Pass,5,10.0,0.22033898305084745,P5,132,166,35
603035,Pass,1,29.0,1.0,P5,132,166,35
603036,Pass,11,3.0,0.26744186046511625,P5,132,166,35
603038,Pass,5,7.0,0.4878048780487805,P5,132,166,35
603123,Pass,1,2.0,0.0,P5,132,166,35
603210,Pass,4,3.0,0.7814569536423841,P5,132,166,35
603265,Fail,0,,,P5,132,166,35
603270,Fail,11,1.0,0.4838709677419355,P5,132,166,35
603287,Pass,3,28.0,1.0,P5,132,166,35
603398,Pass,6,4.0,0.9487179487179487,P5,132,166,35
603440,Pass,8,4.0,0.7678571428571429,P5,132,166,35
603446,Pass,11,2.0,0.7768595041322314,P5,132,166,35
603601,Pass,8,13.0,0.35294117647058826,P5,132,166,35
603661,Pass,9,3.0,0.8552631578947368,P5,132,166,35
603908,Pass,3,4.0,0.0,P5,132,166,35
604095,Fail,0,,,P5,132,166,35
604147,Fail,6,3.0,0.32608695652173914,P5,132,166,35
604154,Pass,1,32.0,1.0,P5,132,166,35
604187,Pass,6,11.0,0.15384615384615385,P5,132,166,35
604196,Pass,7,7.0,0.4482758620689655,P5,132,166,35
604200,Pass,35,0.0,0.3015030946065429,P5,132,166,35
604204,Pass,1,31.0,1.0,P5,132,166,35
604238,Pass,9,5.0,0.7966101694915254,P5,132,166,35
604292,Pass,19,3.0,0.3814553990610329,P5,132,166,35
604356,Pass,9,0.0,0.618421052631579,P5,132,166,35
604543,Pass,4,0.0,0.25,P5,132,166,35
604556,Pass,5,23.0,0.6976744186046512,P5,132,166,35
604731,Fail,1,34.0,1.0,P5,132,166,35
604752,Fail,0,,,P5,132,166,35
604916,Pass,6,13.0,0.7169811320754716,P5,132,166,35
604917,Pass,8,3.0,0.503448275862069,P5,132,166,35
604919,Pass,10,6.0,0.19718309859154928,P5,132,166,35
604921,Fail,29,0.0,0.2834101382488479,P5,132,166,35
604923,Fail,0,,,P5,132,166,35
604932,Pass,4,13.0,0.39473684210526316,P5,132,166,35
604939,Fail,8,0.0,0.2222222222222222,P5,132,166,35
604942,Pass,10,3.0,0.4232209737827715,P5,132,166,35
604951,Fail,0,,,P5,132,166,35
604966,Pass,24,0.0,0.10629067245119306,P5,132,166,35
604982,Pass,9,0.0,0.2,P5,132,166,35
605009,Pass,8,0.0,0.1643835616438356,P5,132,166,35
605102,Pass,4,0.0,0.5454545454545454,P5,132,166,35
605207,Pass,20,0.0,0.10144927536231885,P5,132,166,35
605246,Pass,2,33.0,1.0,P5,132,166,35
605255,Fail,3,17.0,0.9166666666666666,P5,132,166,35
605309,Fail,0,,,P5,132,166,35
605327,Fail,0,,,P5,132,166,35
605390,Pass,9,2.0,0.35384615384615387,P5,132,166,35
605505,Withdrawn,2,31.0,1.0,P5,132,166,35
605594,Fail,3,31.0,1.0,P5,132,166,35
605595,Fail,1,29.0,1.0,P5,132,166,35
605679,Pass,0,,,P5,132,166,35
605832,Pass,1,32.0,1.0,P5,132,166,35
605854,Fail,2,23.0,0.8235294117647058,P5,132,166,35
605916,Pass,28,0.0,0.2839506172839506,P5,132,166,35
605930,Pass,3,27.0,0.6,P5,132,166,35
606097,Pass,8,19.0,0.7980769230769231,P5,132,166,35
606194,Pass,32,0.0,0.21141649048625794,P5,132,166,35
606229,Pass,6,8.0,0.4,P5,132,166,35
606377,Pass,0,,,P5,132,166,35
606410,Pass,5,2.0,0.6363636363636364,P5,132,166,35
606412,Pass,8,0.0,0.3953488372093023,P5,132,166,35
606414,Pass,10,3.0,0.32,P5,132,166,35
606420,Pass,16,0.0,0.17482517482517482,P5,132,166,35
606422,Pass,8,2.0,0.5423728813559322,P5,132,166,35
606458,Pass,2,19.0,0.8571428571428571,P5,132,166,35
606465,Pass,2,33.0,1.0,P5,132,166,35
606546,Pass,3,32.0,1.0,P5,132,166,35
606572,Pass,17,0.0,0.22426470588235295,P5,132,166,35
606651,Fail,0,,,P5,132,166,35
606685,Pass,14,1.0,0.6894409937888198,P5,132,166,35
606697,Pass,17,4.0,0.4098360655737705,P5,132,166,35
606762,Fail,0,,,P5,132,166,35
607097,Pass,6,0.0,0.7350427350427351,P5,132,166,35
607300,Fail,5,20.0,0.5373134328358209,P5,132,166,35
607382,Fail,0,,,P5,132,166,35
607398,Fail,6,6.0,0.8928571428571429,P5,132,166,35
607493,Pass,6,2.0,0.8461538461538461,P5,132,166,35
607642,Pass,1,34.0,1.0,P5,132,166,35
607699,Fail,1,33.0,1.0,P5,132,166,35
607725,Pass,1,26.0,0.0,P5,132,166,35
607735,Pass,17,1.0,0.27017543859649124,P5,132,166,35
607778,Pass,3,32.0,1.0,P5,132,166,35
607804,Pass,4,3.0,0.9821428571428571,P5,132,166,35
607808,Fail,0,,,P5,132,166,35
607887,Pass,7,9.0,0.5652173913043478,P5,132,166,35
607889,Pass,6,1.0,0.45652173913043476,P5,132,166,35
607914,Pass,24,0.0,0.15702479338842976,P5,132,166,35
607937,Pass,23,1.0,0.12406947890818859,P5,132,166,35
608000,Pass,11,0.0,0.35051546391752575,P5,132,166,35
608041,Pass,10,0.0,0.463855421686747,P5,132,166,35
608047,Pass,3,2.0,0.8205128205128205,P5,132,166,35
608264,Pass,10,5.0,0.34545454545454546,P5,132,166,35
608419,Pass,13,3.0,0.29523809523809524,P5,132,166,35
608564,Fail,0,,,P5,132,166,35
608578,Pass,7,1.0,0.7368421052631579,P5,132,166,35
608623,Pass,4,11.0,0.9444444444444444,P5,132,166,35
608647,Pass,10,11.0,0.8279569892473119,P5,132,166,35
608738,Fail,7,0.0,0.6744186046511628,P5,132,166,35
608766,Pass,6,3.0,0.8245614035087719,P5,132,166,35
608939,Fail,0,,,P5,132,166,35
609010,Pass,3,0.0,0.5,P5,132,166,35
609046,Pass,8,0.0,0.2631578947368421,P5,132,166,35
609047,Fail,8,3.0,0.6825396825396826,P5,132,166,35
609307,Pass,6,0.0,0.5932203389830508,P5,132,166,35
609510,Fail,1,6.0,0.0,P5,132,166,35
609679,Pass,7,2.0,0.4838709677419355,P5,132,166,35
609704,Pass,5,12.0,0.7241379310344828,P5,132,166,35
609764,Fail,0,,,P5,132,166,35
609804,Fail,3,4.0,0.9166666666666666,P5,132,166,35
609812,Pass,3,23.0,0.6875,P5,132,166,35
609815,Pass,2,20.0,0.8125,P5,132,166,35
609817,Pass,3,5.0,0.0,P5,132,166,35
609850,Fail,0,,,P5,132,166,35
609864,Pass,1,21.0,0.0,P5,132,166,35
609871,Pass,0,,,P5,132,166,35
609887,Fail,0,,,P5,132,166,35
610059,Pass,3,5.0,0.9090909090909091,P5,132,166,35
610260,Pass,9,9.0,0.3157894736842105,P5,132,166,35
610362,Pass,7,5.0,0.5128205128205128,P5,132,166,35
610423,Fail,0,,,P5,132,166,35
610428,Pass,4,17.0,0.05405405405405406,P5,132,166,35
610553,Pass,1,33.0,1.0,P5,132,166,35
610700,Fail,0,,,P5,132,166,35
610725,Pass,1,34.0,1.0,P5,132,166,35
610731,Fail,0,,,P5,132,166,35
610740,Fail,0,,,P5,132,166,35
610745,Pass,8,3.0,0.5,P5,132,166,35
610751,Fail,0,,,P5,132,166,35
610763,Pass,3,10.0,0.11764705882352941,P5,132,166,35
610776,Fail,0,,,P5,132,166,35
610780,Fail,3,8.0,0.7777777777777778,P5,132,166,35
610804,Fail,0,,,P5,132,166,35
610906,Pass,12,4.0,0.6296296296296297,P5,132,166,35
611004,Fail,0,,,P5,132,166,35
611012,Pass,11,4.0,0.29508196721311475,P5,132,166,35
611017,Pass,3,27.0,0.1702127659574468,P5,132,166,35
611023,Pass,3,26.0,0.9090909090909091,P5,132,166,35
611048,Fail,0,,,P5,132,166,35
611051,Fail,0,,,P5,132,166,35
611060,Pass,9,7.0,0.5443037974683544,P5,132,166,35
611096,Fail,0,,,P5,132,166,35
611182,Fail,1,14.0,0.0,P5,132,166,35
611228,Pass,6,10.0,0.39473684210526316,P5,132,166,35
611268,Fail,5,2.0,0.9423076923076923,P5,132,166,35
611531,Pass,32,0.0,0.18796992481203006,P5,132,166,35
611688,Pass,9,10.0,0.43125,P5,132,166,35
611690,Pass,2,33.0,1.0,P5,132,166,35
612210,Pass,5,24.0,0.9384615384615385,P5,132,166,35
612217,Pass,4,17.0,0.8947368421052632,P5,132,166,35
612252,Pass,2,32.0,1.0,P5,132,166,35
612255,Pass,10,2.0,0.136986301369863,P5,132,166,35
612355,Pass,5,2.0,0.7903225806451613,P5,132,166,35
612361,Pass,6,2.0,0.21235521235521235,P5,132,166,35
612484,Pass,17,0.0,0.3008130081300813,P5,132,166,35
612517,Pass,0,,,P5,132,166,35
612684,Pass,5,10.0,0.375,P5,132,166,35
612757,Pass,16,0.0,0.22388059701492538,P5,132,166,35
612891,Pass,18,2.0,0.39267015706806285,P5,132,166,35
613051,Fail,0,,,P5,132,166,35
613158,Pass,4,20.0,0.8085106382978723,P5,132,166,35
613171,Pass,11,0.0,0.18584070796460178,P5,132,166,35
613173,Pass,4,4.0,0.0,P5,132,166,35
613175,Fail,1,34.0,1.0,P5,132,166,35
613177,Pass,30,0.0,0.1282051282051282,P5,132,166,35
613191,Withdrawn,0,,,P5,132,166,35
613196,Pass,6,10.0,0.02857142857142857,P5,132,166,35
613200,Pass,12,4.0,0.07575757575757576,P5,132,166,35
613208,Pass,4,5.0,0.7945205479452054,P5,132,166,35
613293,Pass,8,11.0,0.463768115942029,P5,132,166,35
613416,Pass,2,10.0,0.0,P5,132,166,35
613418,Pass,9,3.0,0.1206896551724138,P5,132,166,35
613738,Pass,14,0.0,0.025974025974025976,P5,132,166,35
614013,Pass,5,3.0,0.0,P5,132,166,35
614064,Pass,5,26.0,0.47692307692307695,P5,132,166,35
614068,Withdrawn,3,16.0,0.0,P5,132,166,35
614072,Pass,14,0.0,0.2781954887218045,P5,132,166,35
614148,Fail,0,,,P5,132,166,35
614556,Pass,6,4.0,0.6979166666666666,P5,132,166,35
616342,Pass,6,3.0,0.5614035087719298,P5,132,166,35
616735,Pass,9,3.0,0.17857142857142858,P5,132,166,35
617116,Pass,5,6.0,0.8157894736842105,P5,132,166,35
617472,Pass,7,6.0,0.23376623376623376,P5,132,166,35
619082,Pass,23,0.0,0.5897435897435898,P5,132,166,35
619941,Pass,6,5.0,0.0830945558739255,P5,132,166,35
1105438,Pass,3,12.0,0.8260869565217391,P5,132,166,35
1399285,Pass,4,1.0,0.7948717948717948,P5,132,166,35
1405594,Pass,33,0.0,0.34177215189873417,P5,132,166,35
1411627,Pass,21,1.0,0.14156626506024098,P5,132,166,35
1421720,Pass,12,0.0,0.4177215189873418,P5,132,166,35
1440341,Pass,19,1.0,0.3,P5,132,166,35
1467014,Pass,15,4.0,0.34074074074074073,P5,132,166,35
1503056,Pass,3,9.0,0.0,P5,132,166,35
1521687,Fail,0,,,P5,132,166,35
1536774,Pass,22,0.0,0.33480176211453744,P5,132,166,35
1541133,Fail,23,2.0,0.2205128205128205,P5,132,166,35
1594621,Pass,4,4.0,0.6338028169014085,P5,132,166,35
1627017,Pass,16,4.0,0.2425531914893617,P5,132,166,35
1695710,Pass,20,1.0,0.7027027027027027,P5,132,166,35
1731564,Pass,3,19.0,0.8,P5,132,166,35
1778145,Pass,10,0.0,0.23880597014925373,P5,132,166,35
1781804,Fail,0,,,P5,132,166,35
1797168,Pass,13,0.0,0.4722222222222222,P5,132,166,35
1903677,Pass,2,20.0,0.0,P5,132,166,35
1910175,Pass,10,0.0,0.3431952662721893,P5,132,166,35
1946308,Pass,7,1.0,0.7647058823529411,P5,132,166,35
1963287,Fail,0,,,P5,132,166,35
1990650,Fail,1,25.0,0.0,P5,132,166,35
1993672,Withdrawn,1,7.0,0.0,P5,132,166,35
1998790,Fail,1,24.0,0.0,P5,132,166,35
2001687,Pass,11,12.0,0.8043478260869565,P5,132,166,35
2002046,Pass,13,1.0,0.6521739130434783,P5,132,166,35
2006283,Pass,4,3.0,0.975609756097561,P5,132,166,35
2023561,Withdrawn,0,,,P5,132,166,35
2029037,Pass,21,0.0,0.2638888888888889,P5,132,166,35
2034300,Pass,2,29.0,1.0,P5,132,166,35
2044036,Fail,0,,,P5,132,166,35
2056947,Fail,0,,,P5,132,166,35
2061889,Pass,0,,,P5,132,166,35
2062995,Pass,5,5.0,0.6984126984126984,P5,132,166,35
2072166,Withdrawn,3,25.0,0.42857142857142855,P5,132,166,35
2078768,Pass,24,0.0,0.15942028985507245,P5,132,166,35
2083576,Pass,12,1.0,0.4567901234567901,P5,132,166,35
2095379,Pass,3,6.0,0.94,P5,132,166,35
2111015,Pass,9,3.0,0.22727272727272727,P5,132,166,35
2115711,Pass,24,2.0,0.03333333333333333,P5,132,166,35
2128304,Pass,11,0.0,0.6363636363636364,P5,132,166,35
2132966,Pass,5,1.0,0.0,P5,132,166,35
2140444,Fail,21,0.0,0.15254237288135594,P5,132,166,35
2147687,Fail,0,,,P5,132,166,35
2147929,Pass,1,32.0,1.0,P5,132,166,35
2160453,Pass,10,0.0,0.48091603053435117,P5,132,166,35
2164944,Fail,3,10.0,0.0,P5,132,166,35
2174835,Pass,4,3.0,0.75,P5,132,166,35
2196054,Pass,4,0.0,0.8064516129032258,P5,132,166,35
2210666,Fail,0,,,P5,132,166,35
2211448,Fail,0,,,P5,132,166,35
2214631,Pass,7,0.0,0.3076923076923077,P5,132,166,35
2225190,Fail,0,,,P5,132,166,35
2226301,Pass,10,6.0,0.25316455696202533,P5,132,166,35
2229783,Fail,6,1.0,0.6666666666666666,P5,132,166,35
2239140,Fail,0,,,P5,132,166,35
2242290,Fail,0,,,P5,132,166,35
2262671,Fail,0,,,P5,132,166,35
2266650,Fail,0,,,P5,132,166,35
2271644,Pass,0,,,P5,132,166,35
2280314,Pass,17,0.0,0.723342939481268,P5,132,166,35
2282129,Fail,0,,,P5,132,166,35
2284583,Pass,10,1.0,0.8132295719844358,P5,132,166,35
2294490,Fail,0,,,P5,132,166,35
2318763,Fail,1,22.0,0.0,P5,132,166,35
2320306,Pass,16,0.0,0.26066350710900477,P5,132,166,35
2334319,Pass,18,0.0,0.4838709677419355,P5,132,166,35
2346025,Fail,0,,,P5,132,166,35
2363875,Pass,6,5.0,0.7272727272727273,P5,132,166,35
2382253,Fail,6,6.0,0.2835820895522388,P5,132,166,35
2392824,Pass,13,0.0,0.3853211009174312,P5,132,166,35
2396786,Fail,0,,,P5,132,166,35
2400851,Pass,13,2.0,0.20994475138121546,P5,132,166,35
2411595,Pass,8,1.0,0.8297872340425532,P5,132,166,35
2416774,Pass,7,1.0,0.8363636363636363,P5,132,166,35
2420909,Pass,2,9.0,0.0,P5,132,166,35
2421929,Fail,0,,,P5,132,166,35
2425156,Pass,11,3.0,0.6582278481012658,P5,132,166,35
2444641,Fail,6,0.0,0.9821428571428571,P5,132,166,35
2451269,Pass,13,0.0,0.421875,P5,132,166,35
2452289,Pass,12,4.0,0.20535714285714285,P5,132,166,35
2453657,Fail,0,,,P5,132,166,35
2455066,Pass,18,2.0,0.3730834752981261,P5,132,166,35
2455578,Pass,13,0.0,0.675,P5,132,166,35
2459051,Fail,0,,,P5,132,166,35
2460002,Fail,0,,,P5,132,166,35
2463213,Pass,33,0.0,0.2599118942731278,P5,132,166,35
2463950,Pass,13,0.0,0.2222222222222222,P5,132,166,35
2464683,Pass,14,4.0,0.19213973799126638,P5,132,166,35
2468280,Pass,1,33.0,1.0,P5,132,166,35
2510414,Fail,2,14.0,0.375,P5,132,166,35
2512392,Pass,9,4.0,0.26373626373626374,P5,132,166,35
2514379,Fail,2,9.0,0.9130434782608695,P5,132,166,35
2528352,Fail,1,0.0,0.0,P5,132,166,35
2529306,Fail,5,17.0,0.5348837209302325,P5,132,166,35
2532647,Fail,6,4.0,0.6888888888888889,P5,132,166,35
2544448,Fail,3,0.0,0.0,P5,132,166,35
2550290,Fail,0,,,P5,132,166,35
2553890,Pass,19,0.0,0.24468085106382978,P5,132,166,35
2564744,Pass,2,16.0,0.14285714285714285,P5,132,166,35
2567158,Pass,28,0.0,0.24822695035460993,P5,132,166,35
2573353,Fail,0,,,P5,132,166,35
2575994,Fail,4,22.0,0.013888888888888888,P5,132,166,35
2578802,Pass,7,4.0,0.11864406779661017,P5,132,166,35
2579673,Fail,1,20.0,0.0,P5,132,166,35
2583791,Fail,3,31.0,1.0,P5,132,166,35
2584834,Pass,7,1.0,0.02857142857142857,P5,132,166,35
2585937,Pass,4,1.0,0.5833333333333334,P5,132,166,35
2587329,Pass,13,0.0,0.5333333333333333,P5,132,166,35
2588742,Pass,15,0.0,0.037037037037037035,P5,132,166,35
2591421,Pass,8,7.0,0.9191919191919192,P5,132,166,35
2607641,Pass,13,0.0,0.3103448275862069,P5,132,166,35
2617839,Pass,1,29.0,1.0,P5,132,166,35
2625315,Fail,0,,,P5,132,166,35
2631545,Fail,0,,,P5,132,166,35
2638377,Pass,15,0.0,0.16831683168316833,P5,132,166,35
2642717,Pass,13,4.0,0.5555555555555556,P5,132,166,35
2650236,Fail,0,,,P5,132,166,35
2662716,Fail,0,,,P5,132,166,35
2664036,Fail,0,,,P5,132,166,35
2680344,Pass,17,0.0,0.11875,P5,132,166,35
2691100,Pass,12,0.0,0.2857142857142857,P5,132,166,35
2691566,Fail,2,27.0,0.6065573770491803,P5,132,166,35
27759,Fail,6,13.0,0.045454545454545456,P6,167,208,42
30091,Pass,6,0.0,0.6101694915254238,P6,167,208,42
31849,Pass,9,1.0,0.38461538461538464,P6,167,208,42
37622,Pass,3,34.0,0.95,P6,167,208,42
38234,Fail,0,,,P6,167,208,42
47855,Withdrawn,0,,,P6,167,208,42
48040,Pass,25,2.0,0.5172413793103449,P6,167,208,42
48503,Pass,4,2.0,0.4473684210526316,P6,167,208,42
52797,Pass,12,1.0,0.07017543859649122,P6,167,208,42
52899,Pass,10,2.0,0.0967741935483871,P6,167,208,42
55026,Pass,7,1.0,0.7346938775510204,P6,167,208,42
56340,Fail,0,,,P6,167,208,42
56789,Pass,2,40.0,1.0,P6,167,208,42
57079,Fail,4,11.0,0.9777777777777777,P6,167,208,42
63044,Fail,0,,,P6,167,208,42
68556,Fail,0,,,P6,167,208,42
73489,Pass,24,0.0,0.21052631578947367,P6,167,208,42
84812,Pass,4,23.0,0.54,P6,167,208,42
86291,Fail,2,5.0,0.0,P6,167,208,42
90243,Pass,3,11.0,0.9827586206896551,P6,167,208,42
96475,Pass,0,,,P6,167,208,42
97567,Pass,3,32.0,0.5309734513274337,P6,167,208,42
98268,Pass,12,3.0,0.45544554455445546,P6,167,208,42
98720,Pass,5,5.0,0.3559322033898305,P6,167,208,42
105527,Pass,14,0.0,0.25225225225225223,P6,167,208,42
105851,Pass,3,0.0,0.8275862068965517,P6,167,208,42
105883,Pass,24,0.0,0.15250544662309368,P6,167,208,42
108118,Pass,0,,,P6,167,208,42
108760,Fail,2,0.0,0.6190476190476191,P6,167,208,42
109372,Pass,13,0.0,0.25555555555555554,P6,167,208,42
111942,Pass,17,1.0,0.3816793893129771,P6,167,208,42
119898,Pass,1,40.0,1.0,P6,167,208,42
123716,Pass,17,0.0,0.36065573770491804,P6,167,208,42
124909,Pass,21,0.0,0.16145833333333334,P6,167,208,42
128386,Fail,0,,,P6,167,208,42
128889,Pass,42,0.0,0.18142235123367198,P6,167,208,42
131051,Pass,22,0.0,0.3142857142857143,P6,167,208,42
132626,Withdrawn,0,,,P6,167,208,42
134563,Pass,33,0.0,0.16913946587537093,P6,167,208,42
138289,Fail,4,3.0,0.3287671232876712,P6,167,208,42
138920,Fail,0,,,P6,167,208,42
139549,Pass,4,3.0,0.8125,P6,167,208,42
141949,Pass,6,10.0,0.31746031746031744,P6,167,208,42
146165,Pass,5,5.0,0.02631578947368421,P6,167,208,42
146600,Pass,5,19.0,0.058823529411764705,P6,167,208,42
151800,Fail,0,,,P6,167,208,42
151917,Fail,15,0.0,0.01762114537444934,P6,167,208,42
153704,Fail,1,26.0,0.0,P6,167,208,42
154011,Pass,5,6.0,0.06976744186046512,P6,167,208,42
156311,Pass,9,2.0,0.7244897959183674,P6,167,208,42
157060,Pass,3,5.0,0.7333333333333333,P6,167,208,42
157795,Pass,9,18.0,0.3333333333333333,P6,167,208,42
169213,Pass,7,8.0,0.3333333333333333,P6,167,208,42
174222,Pass,2,35.0,1.0,P6,167,208,42
174440,Fail,0,,,P6,167,208,42
174487,Pass,3,4.0,0.9767441860465116,P6,167,208,42
178738,Fail,0,,,P6,167,208,42
178963,Pass,1,35.0,1.0,P6,167,208,42
179254,Fail,0,,,P6,167,208,42
182661,Pass,0,,,P6,167,208,42
188026,Fail,9,0.0,0.23880597014925373,P6,167,208,42
189095,Fail,0,,,P6,167,208,42
191269,Pass,5,7.0,0.875,P6,167,208,42
193215,Fail,0,,,P6,167,208,42
195096,Pass,7,0.0,0.0,P6,167,208,42
197240,Pass,1,38.0,1.0,P6,167,208,42
197412,Pass,5,0.0,0.7763157894736842,P6,167,208,42
197759,Pass,18,0.0,0.12560386473429952,P6,167,208,42
199663,Pass,7,4.0,0.09210526315789473,P6,167,208,42
202879,Fail,0,,,P6,167,208,42
203640,Pass,5,3.0,0.8205128205128205,P6,167,208,42
205788,Pass,14,3.0,0.02857142857142857,P6,167,208,42
227416,Fail,0,,,P6,167,208,42
230081,Pass,15,0.0,0.2962962962962963,P6,167,208,42
233317,Pass,5,33.0,0.8222222222222222,P6,167,208,42
233752,Pass,35,0.0,0.2669404517453799,P6,167,208,42
233957,Fail,3,6.0,0.5882352941176471,P6,167,208,42
234929,Fail,4,10.0,0.7532467532467533,P6,167,208,42
240993,Pass,21,0.0,0.16822429906542055,P6,167,208,42
241338,Fail,0,,,P6,167,208,42
242149,Fail,0,,,P6,167,208,42
243851,Pass,22,0.0,0.17557251908396945,P6,167,208,42
243909,Fail,0,,,P6,167,208,42
243992,Pass,3,22.0,0.7647058823529411,P6,167,208,42
245987,Pass,2,2.0,0.0,P6,167,208,42
247902,Pass,5,3.0,0.6046511627906976,P6,167,208,42
248716,Pass,7,0.0,0.0,P6,167,208,42
251815,Fail,3,0.0,0.0,P6,167,208,42
252257,Pass,12,7.0,0.375,P6,167,208,42
253577,Pass,20,2.0,0.12436548223350254,P6,167,208,42
256998,Pass,1,41.0,1.0,P6,167,208,42
260179,Pass,5,2.0,0.04918032786885246,P6,167,208,42
261332,Fail,0,,,P6,167,208,42
261466,Pass,16,7.0,0.2631578947368421,P6,167,208,42
262639,Pass,8,0.0,0.1951219512195122,P6,167,208,42
264152,Pass,28,0.0,0.14563106796116504,P6,167,208,42
264744,Pass,3,25.0,0.9166666666666666,P6,167,208,42
265170,Fail,0,,,P6,167,208,42
266564,Pass,3,0.0,0.9459459459459459,P6,167,208,42
268589,Pass,8,6.0,0.30985915492957744,P6,167,208,42
269204,Pass,26,2.0,0.22774869109947643,P6,167,208,42
270646,Pass,2,28.0,0.06666666666666667,P6,167,208,42
272172,Fail,0,,,P6,167,208,42
274247,Fail,2,4.0,0.9615384615384616,P6,167,208,42
274971,Pass,2,6.0,0.0,P6,167,208,42
277537,Fail,0,,,P6,167,208,42
278272,Fail,4,4.0,0.0,P6,167,208,42
278794,Pass,16,0.0,0.3010752688172043,P6,167,208,42
280140,Fail,0,,,P6,167,208,42
280151,Fail,0,,,P6,167,208,42
284906,Pass,12,6.0,0.11764705882352941,P6,167,208,42
285050,Fail,7,1.0,0.8333333333333334,P6,167,208,42
286690,Fail,0,,,P6,167,208,42
287309,Pass,8,23.0,0.23404255319148937,P6,167,208,42
287679,Pass,2,0.0,0.0,P6,167,208,42
289965,Fail,0,,,P6,167,208,42
292537,Pass,4,16.0,0.6666666666666666,P6,167,208,42
293760,Pass,1,41.0,1.0,P6,167,208,42
301583,Fail,0,,,P6,167,208,42
301987,Pass,7,1.0,0.5432098765432098,P6,167,208,42
303617,Fail,0,,,P6,167,208,42
305173,Fail,0,,,P6,167,208,42
305935,Fail,1,21.0,0.0,P6,167,208,42
306964,Pass,3,23.0,0.5925925925925926,P6,167,208,42
308509,Fail,0,,,P6,167,208,42
310933,Pass,3,33.0,0.3939393939393939,P6,167,208,42
316076,Pass,24,0.0,0.17038539553752535,P6,167,208,42
318848,Pass,6,3.0,0.23333333333333334,P6,167,208,42
319618,Pass,4,0.0,0.4,P6,167,208,42
320051,Pass,2,39.0,1.0,P6,167,208,42
320757,Pass,13,19.0,0.609375,P6,167,208,42
323090,Pass,3,26.0,0.5,P6,167,208,42
323606,Pass,10,2.0,0.3247863247863248,P6,167,208,42
325887,Pass,11,0.0,0.4642857142857143,P6,167,208,42
329030,Fail,3,6.0,0.7613168724279835,P6,167,208,42
335136,Fail,1,12.0,0.0,P6,167,208,42
335481,Fail,0,,,P6,167,208,42
336478,Pass,4,15.0,0.09210526315789473,P6,167,208,42
336646,Fail,0,,,P6,167,208,42
337151,Pass,5,0.0,0.16981132075471697,P6,167,208,42
338741,Pass,4,3.0,0.5833333333333334,P6,167,208,42
339494,Pass,10,0.0,0.49122807017543857,P6,167,208,42
339608,Pass,1,38.0,1.0,P6,167,208,42
340911,Pass,3,0.0,0.8392857142857143,P6,167,208,42
340965,Pass,4,0.0,0.41935483870967744,P6,167,208,42
342685,Pass,7,3.0,0.7264150943396226,P6,167,208,42
344568,Pass,17,0.0,0.12380952380952381,P6,167,208,42
345128,Fail,10,2.0,0.8633540372670807,P6,167,208,42
349554,Pass,14,0.0,0.0658682634730539,P6,167,208,42
349675,Fail,0,,,P6,167,208,42
352112,Pass,5,0.0,0.019230769230769232,P6,167,208,42
352688,Pass,14,3.0,0.14102564102564102,P6,167,208,42
354779,Pass,1,12.0,0.0,P6,167,208,42
360876,Fail,0,,,P6,167,208,42
364666,Fail,0,,,P6,167,208,42
364871,Pass,5,10.0,0.49019607843137253,P6,167,208,42
365169,Pass,15,0.0,0.0,P6,167,208,42
365631,Pass,12,0.0,0.7016129032258065,P6,167,208,42
366524,Pass,8,1.0,0.0,P6,167,208,42
367433,Pass,2,37.0,1.0,P6,167,208,42
368077,Pass,11,0.0,0.3900709219858156,P6,167,208,42
369986,Pass,5,0.0,0.9,P6,167,208,42
370859,Pass,20,0.0,0.7,P6,167,208,42
372172,Fail,0,,,P6,167,208,42
372658,Pass,8,4.0,0.47368421052631576,P6,167,208,42
373174,Fail,0,,,P6,167,208,42
373269,Fail,1,4.0,0.0,P6,167,208,42
373807,Fail,0,,,P6,167,208,42
373848,Pass,11,2.0,0.017391304347826087,P6,167,208,42
374038,Fail,6,4.0,0.5,P6,167,208,42
375960,Pass,3,20.0,0.7222222222222222,P6,167,208,42
379210,Fail,1,11.0,0.0,P6,167,208,42
379983,Fail,0,,,P6,167,208,42
380205,Fail,0,,,P6,167,208,42
380240,Fail,5,4.0,0.0,P6,167,208,42
381541,Pass,5,0.0,0.0,P6,167,208,42
381669,Pass,2,17.0,0.16666666666666666,P6,167,208,42
382575,Fail,1,18.0,0.0,P6,167,208,42
382920,Pass,13,6.0,0.05806451612903226,P6,167,208,42
383303,Fail,1,40.0,1.0,P6,167,208,42
385040,Fail,0,,,P6,167,208,42
385820,Pass,13,3.0,0.4354066985645933,P6,167,208,42
386889,Pass,3,20.0,0.3076923076923077,P6,167,208,42
387700,Fail,3,10.0,0.9629629629629629,P6,167,208,42
388052,Pass,2,34.0,0.18181818181818182,P6,167,208,42
388432,Fail,6,11.0,0.0,P6,167,208,42
388549,Fail,0,,,P6,167,208,42
388975,Fail,2,6.0,0.0,P6,167,208,42
389471,Fail,1,41.0,1.0,P6,167,208,42
390958,Pass,8,0.0,0.3055555555555556,P6,167,208,42
392281,Fail,3,14.0,0.0,P6,167,208,42
393327,Pass,8,2.0,0.10526315789473684,P6,167,208,42
395073,Fail,1,23.0,0.0,P6,167,208,42
398891,Pass,2,34.0,0.7307692307692307,P6,167,208,42
398956,Fail,0,,,P6,167,208,42
402993,Pass,4,8.0,0.13636363636363635,P6,167,208,42
404269,Pass,6,3.0,0.5538461538461539,P6,167,208,42
404708,Pass,16,3.0,0.3044776119402985,P6,167,208,42
405945,Pass,12,3.0,0.46397694524495675,P6,167,208,42
408975,Pass,2,40.0,1.0,P6,167,208,42
409160,Fail,0,,,P6,167,208,42
409930,Pass,2,29.0,0.9090909090909091,P6,167,208,42
409945,Pass,4,0.0,0.5319148936170213,P6,167,208,42
410052,Pass,7,0.0,0.7157894736842105,P6,167,208,42
410281,Fail,4,10.0,0.15217391304347827,P6,167,208,42
410537,Pass,6,6.0,0.015384615384615385,P6,167,208,42
410842,Pass,4,4.0,0.0,P6,167,208,42
411642,Pass,6,0.0,0.0,P6,167,208,42
415216,Pass,5,1.0,0.358974358974359,P6,167,208,42
415546,Fail,0,,,P6,167,208,42
417657,Fail,0,,,P6,167,208,42
417785,Fail,0,,,P6,167,208,42
419375,Pass,33,0.0,0.2,P6,167,208,42
420163,Pass,7,1.0,0.25,P6,167,208,42
420724,Fail,7,3.0,0.31666666666666665,P6,167,208,42
421018,Pass,6,2.0,0.6712328767123288,P6,167,208,42
422223,Fail,0,,,P6,167,208,42
422479,Pass,12,0.0,0.2987012987012987,P6,167,208,42
423399,Pass,6,2.0,0.2159090909090909,P6,167,208,42
424539,Pass,2,19.0,0.0,P6,167,208,42
424637,Fail,1,41.0,1.0,P6,167,208,42
426458,Pass,5,15.0,0.2894736842105263,P6,167,208,42
427921,Pass,10,3.0,0.3333333333333333,P6,167,208,42
428323,Pass,16,0.0,0.234375,P6,167,208,42
428653,Pass,6,0.0,0.1111111111111111,P6,167,208,42
430392,Pass,7,13.0,0.0,P6,167,208,42
430708,Pass,7,3.0,0.7,P6,167,208,42
431071,Fail,0,,,P6,167,208,42
432144,Pass,23,0.0,0.21768707482993196,P6,167,208,42
432237,Pass,3,7.0,0.8125,P6,167,208,42
433280,Pass,7,4.0,0.863013698630137,P6,167,208,42
433864,Pass,14,1.0,0.06422018348623854,P6,167,208,42
434397,Pass,5,0.0,0.0,P6,167,208,42
434585,Pass,16,0.0,0.2903225806451613,P6,167,208,42
438551,Pass,11,0.0,0.0,P6,167,208,42
439182,Pass,10,4.0,0.13615023474178403,P6,167,208,42
439294,Fail,0,,,P6,167,208,42
440225,Pass,4,6.0,0.6,P6,167,208,42
440563,Pass,41,0.0,0.17302325581395347,P6,167,208,42
440593,Pass,0,,,P6,167,208,42
440765,Fail,0,,,P6,167,208,42
442910,Pass,3,25.0,0.8787878787878788,P6,167,208,42
444225,Fail,0,,,P6,167,208,42
444821,Pass,3,6.0,0.7631578947368421,P6,167,208,42
445760,Pass,5,2.0,0.41333333333333333,P6,167,208,42
446345,Fail,3,12.0,0.7435897435897436,P6,167,208,42
446873,Fail,0,,,P6,167,208,42
447086,Pass,1,40.0,1.0,P6,167,208,42
447516,Pass,6,10.0,0.5494505494505495,P6,167,208,42
464525,Pass,20,0.0,0.2,P6,167,208,42
465730,Fail,0,,,P6,167,208,42
466202,Pass,5,17.0,0.8928571428571429,P6,167,208,42
466477,Pass,1,1.0,0.0,P6,167,208,42
466800,Pass,6,0.0,0.45714285714285713,P6,167,208,42
466854,Fail,0,,,P6,167,208,42
468187,Fail,0,,,P6,167,208,42
469878,Pass,35,0.0,0.2123076923076923,P6,167,208,42
470869,Pass,3,13.0,0.21153846153846154,P6,167,208,42
471196,Pass,10,1.0,0.05660377358490566,P6,167,208,42
471711,Pass,9,1.0,0.30973451327433627,P6,167,208,42
472262,Fail,6,12.0,0.38,P6,167,208,42
472327,Pass,7,0.0,0.6666666666666666,P6,167,208,42
474071,Fail,5,10.0,0.09375,P6,167,208,42
475241,Fail,0,,,P6,167,208,42
475594,Fail,0,,,P6,167,208,42
476278,Pass,20,0.0,0.05580357142857143,P6,167,208,42
476816,Fail,0,,,P6,167,208,42
477825,Pass,4,5.0,0.5806451612903226,P6,167,208,42
478069,Pass,3,26.0,0.7380952380952381,P6,167,208,42
478718,Fail,0,,,P6,167,208,42
478967,Fail,12,0.0,0.189873417721519,P6,167,208,42
479020,Pass,15,0.0,0.05238095238095238,P6,167,208,42
479170,Pass,19,0.0,0.18115942028985507,P6,167,208,42
479305,Pass,10,0.0,0.4727272727272727,P6,167,208,42
482356,Pass,10,1.0,0.3466666666666667,P6,167,208,42
482680,Pass,4,1.0,0.11764705882352941,P6,167,208,42
482810,Pass,3,10.0,0.5384615384615384,P6,167,208,42
483646,Pass,1,41.0,1.0,P6,167,208,42
483876,Pass,6,7.0,0.9,P6,167,208,42
484135,Pass,9,0.0,0.5301204819277109,P6,167,208,42
484301,Pass,20,0.0,0.49019607843137253,P6,167,208,42
484412,Pass,27,0.0,0.4074074074074074,P6,167,208,42
485006,Pass,29,0.0,0.08060453400503778,P6,167,208,42
485762,Pass,11,6.0,0.2608695652173913,P6,167,208,42
485772,Fail,13,2.0,0.136986301369863,P6,167,208,42
486004,Pass,3,21.0,0.041666666666666664,P6,167,208,42
487214,Fail,3,3.0,0.0,P6,167,208,42
487371,Pass,7,4.0,0.3125,P6,167,208,42
487681,Pass,7,11.0,0.2608695652173913,P6,167,208,42
488195,Pass,11,2.0,0.17567567567567569,P6,167,208,42
488427,Pass,19,2.0,0.35940409683426444,P6,167,208,42
489320,Pass,1,2.0,0.0,P6,167,208,42
489889,Pass,2,35.0,1.0,P6,167,208,42
490500,Fail,0,,,P6,167,208,42
490677,Pass,12,1.0,0.3284671532846715,P6,167,208,42
490894,Fail,2,5.0,0.0,P6,167,208,42
491097,Fail,0,,,P6,167,208,42
491279,Pass,19,4.0,0.14953271028037382,P6,167,208,42
491907,Fail,0,,,P6,167,208,42
491966,Pass,4,32.0,0.9782608695652174,P6,167,208,42
492153,Pass,12,0.0,0.49107142857142855,P6,167,208,42
492286,Pass,7,5.0,0.6410256410256411,P6,167,208,42
492726,Pass,15,0.0,0.21686746987951808,P6,167,208,42
493453,Pass,2,0.0,0.6666666666666666,P6,167,208,42
493465,Pass,10,0.0,0.6880733944954128,P6,167,208,42
493999,Fail,0,,,P6,167,208,42
494471,Fail,13,0.0,0.21739130434782608,P6,167,208,42
494960,Pass,13,0.0,0.35802469135802467,P6,167,208,42
495035,Pass,3,23.0,0.92,P6,167,208,42
495449,Pass,15,0.0,0.8556701030927835,P6,167,208,42
495509,Pass,3,21.0,0.9523809523809523,P6,167,208,42
495625,Pass,11,0.0,0.3448275862068966,P6,167,208,42
495879,Pass,18,0.0,0.3339587242026266,P6,167,208,42
495913,Pass,4,2.0,0.15151515151515152,P6,167,208,42
496091,Fail,0,,,P6,167,208,42
496334,Fail,5,7.0,0.5,P6,167,208,42
496442,Pass,5,4.0,0.36363636363636365,P6,167,208,42
497130,Pass,37,0.0,0.1187214611872146,P6,167,208,42
497632,Pass,8,1.0,0.375,P6,167,208,42
498543,Pass,2,11.0,0.5555555555555556,P6,167,208,42
498635,Pass,20,3.0,0.14782608695652175,P6,167,208,42
498755,Pass,2,38.0,1.0,P6,167,208,42
498841,Withdrawn,1,24.0,0.0,P6,167,208,42
498892,Fail,0,,,P6,167,208,42
499624,Withdrawn,0,,,P6,167,208,42
500016,Pass,11,0.0,0.07246376811594203,P6,167,208,42
500135,Fail,11,11.0,0.16129032258064516,P6,167,208,42
500552,Pass,10,0.0,0.36633663366336633,P6,167,208,42
500668,Pass,9,0.0,0.0,P6,167,208,42
501053,Fail,0,,,P6,167,208,42
501208,Pass,5,5.0,0.012345679012345678,P6,167,208,42
501637,Pass,14,3.0,0.36904761904761907,P6,167,208,42
501862,Fail,0,,,P6,167,208,42
503322,Pass,22,2.0,0.07692307692307693,P6,167,208,42
503516,Fail,3,4.0,0.9545454545454546,P6,167,208,42
503804,Pass,11,2.0,0.013513513513513514,P6,167,208,42
503878,Fail,3,13.0,0.0,P6,167,208,42
504013,Pass,3,21.0,0.2222222222222222,P6,167,208,42
504022,Pass,1,40.0,1.0,P6,167,208,42
504466,Pass,7,2.0,0.6545454545454545,P6,167,208,42
504635,Pass,1,39.0,1.0,P6,167,208,42
505413,Pass,3,4.0,0.6818181818181818,P6,167,208,42
506185,Fail,6,0.0,0.3387096774193548,P6,167,208,42
506248,Fail,0,,,P6,167,208,42
506804,Pass,10,6.0,0.26851851851851855,P6,167,208,42
506980,Fail,0,,,P6,167,208,42
507016,Pass,12,0.0,0.0,P6,167,208,42
507279,Fail,1,5.0,0.0,P6,167,208,42
507387,Fail,0,,,P6,167,208,42
507676,Fail,0,,,P6,167,208,42
508028,Pass,14,5.0,0.0931174089068826,P6,167,208,42
508079,Pass,9,9.0,0.25,P6,167,208,42
508422,Fail,0,,,P6,167,208,42
508517,Fail,0,,,P6,167,208,42
509036,Fail,0,,,P6,167,208,42
509236,Fail,1,3.0,0.0,P6,167,208,42
509258,Fail,0,,,P6,167,208,42
509390,Fail,0,,,P6,167,208,42
509913,Fail,5,0.0,0.3870967741935484,P6,167,208,42
510149,Fail,35,0.0,0.3611911623439001,P6,167,208,42
510438,Fail,0,,,P6,167,208,42
510776,Fail,0,,,P6,167,208,42
510868,Withdrawn,0,,,P6,167,208,42
511678,Pass,41,0.0,0.1309171597633136,P6,167,208,42
512417,Pass,24,6.0,0.37267080745341613,P6,167,208,42
512581,Fail,14,1.0,0.1984126984126984,P6,167,208,42
512775,Pass,4,0.0,0.0,P6,167,208,42
512839,Fail,0,,,P6,167,208,42
512940,Pass,5,0.0,0.2,P6,167,208,42
512977,Pass,3,33.0,0.9722222222222222,P6,167,208,42
513076,Fail,0,,,P6,167,208,42
514043,Pass,3,0.0,0.28125,P6,167,208,42
514302,Pass,6,23.0,0.6630434782608695,P6,167,208,42
514445,Pass,0,,,P6,167,208,42
514776,Fail,5,22.0,0.956140350877193,P6,167,208,42
514864,Pass,37,0.0,0.1649122807017544,P6,167,208,42
515203,Fail,2,0.0,0.0,P6,167,208,42
515417,Fail,0,,,P6,167,208,42
515646,Pass,6,0.0,0.9468599033816425,P6,167,208,42
515676,Pass,9,7.0,0.16346153846153846,P6,167,208,42
516364,Withdrawn,7,7.0,0.08108108108108109,P6,167,208,42
516926,Fail,1,17.0,0.0,P6,167,208,42
517016,Fail,0,,,P6,167,208,42
517231,Pass,24,0.0,0.14428857715430862,P6,167,208,42
517352,Pass,11,1.0,0.2774566473988439,P6,167,208,42
518126,Pass,4,18.0,0.5111111111111111,P6,167,208,42
518223,Pass,10,0.0,0.17105263157894737,P6,167,208,42
518496,Pass,10,13.0,0.3130434782608696,P6,167,208,42
519294,Pass,7,0.0,0.33653846153846156,P6,167,208,42
519584,Pass,12,4.0,0.1497005988023952,P6,167,208,42
519622,Fail,2,17.0,0.0,P6,167,208,42
520002,Pass,26,0.0,0.19875776397515527,P6,167,208,42
520100,Fail,0,,,P6,167,208,42
520325,Fail,7,0.0,0.14,P6,167,208,42
521341,Pass,26,1.0,0.20075757575757575,P6,167,208,42
521509,Pass,5,3.0,0.35294117647058826,P6,167,208,42
521590,Pass,16,1.0,0.5922619047619048,P6,167,208,42
521666,Fail,1,11.0,0.0,P6,167,208,42
521895,Pass,3,4.0,0.68,P6,167,208,42
522426,Pass,16,4.0,0.23893805309734514,P6,167,208,42
522434,Pass,14,3.0,0.20202020202020202,P6,167,208,42
522441,Pass,4,15.0,0.65625,P6,167,208,42
522443,Fail,0,,,P6,167,208,42
522446,Pass,29,0.0,0.25977410947002605,P6,167,208,42
522529,Pass,13,0.0,0.3225806451612903,P6,167,208,42
522622,Pass,1,40.0,1.0,P6,167,208,42
522714,Pass,20,0.0,0.5774647887323944,P6,167,208,42
522792,Pass,21,2.0,0.3065217391304348,P6,167,208,42
522889,Fail,5,0.0,0.6868686868686869,P6,167,208,42
522891,Pass,10,0.0,0.10294117647058823,P6,167,208,42
522894,Pass,13,0.0,0.04807692307692308,P6,167,208,42
522899,Fail,13,0.0,0.20192307692307693,P6,167,208,42
523331,Fail,0,,,P6,167,208,42
523466,Pass,10,0.0,0.4126984126984127,P6,167,208,42
523545,Pass,7,9.0,0.7777777777777778,P6,167,208,42
523655,Pass,2,26.0,0.0,P6,167,208,42
523757,Fail,0,,,P6,167,208,42
523857,Pass,13,4.0,0.012195121951219513,P6,167,208,42
523928,Pass,14,5.0,0.2145748987854251,P6,167,208,42
524076,Fail,0,,,P6,167,208,42
524496,Fail,0,,,P6,167,208,42
525877,Withdrawn,1,32.0,0.0,P6,167,208,42
525885,Fail,4,2.0,0.0,P6,167,208,42
526088,Fail,0,,,P6,167,208,42
526177,Pass,4,20.0,0.7037037037037037,P6,167,208,42
527393,Pass,8,2.0,0.7313432835820896,P6,167,208,42
527580,Pass,8,0.0,0.3584905660377358,P6,167,208,42
527636,Fail,0,,,P6,167,208,42
527799,Fail,17,0.0,0.16049382716049382,P6,167,208,42
528056,Fail,0,,,P6,167,208,42
528464,Pass,1,40.0,1.0,P6,167,208,42
529000,Fail,0,,,P6,167,208,42
529597,Fail,1,7.0,0.0,P6,167,208,42
529795,Fail,0,,,P6,167,208,42
530021,Fail,0,,,P6,167,208,42
530112,Fail,0,,,P6,167,208,42
530487,Pass,15,10.0,0.22580645161290322,P6,167,208,42
530514,Pass,6,19.0,0.7021276595744681,P6,167,208,42
530753,Fail,0,,,P6,167,208,42
530841,Pass,16,2.0,0.20388349514563106,P6,167,208,42
531384,Pass,32,0.0,0.3223350253807107,P6,167,208,42
532335,Pass,23,0.0,0.14912280701754385,P6,167,208,42
532477,Pass,9,0.0,0.0,P6,167,208,42
532739,Pass,1,9.0,0.0,P6,167,208,42
532839,Fail,1,27.0,0.0,P6,167,208,42
532868,Fail,12,5.0,0.4868421052631579,P6,167,208,42
532869,Pass,16,0.0,0.21052631578947367,P6,167,208,42
533301,Pass,3,1.0,0.4,P6,167,208,42
534133,Pass,19,0.0,0.14646464646464646,P6,167,208,42
534323,Pass,3,38.0,1.0,P6,167,208,42
534816,Fail,4,4.0,0.8620689655172413,P6,167,208,42
534946,Pass,6,8.0,0.03333333333333333,P6,167,208,42
534998,Pass,23,0.0,0.10300429184549356,P6,167,208,42
535269,Fail,0,,,P6,167,208,42
535379,Pass,4,32.0,0.9487179487179487,P6,167,208,42
535833,Pass,3,18.0,0.13793103448275862,P6,167,208,42
536318,Pass,5,0.0,0.1896551724137931,P6,167,208,42
536632,Pass,3,39.0,1.0,P6,167,208,42
536649,Fail,6,3.0,0.29310344827586204,P6,167,208,42
536660,Pass,1,39.0,1.0,P6,167,208,42
536666,Pass,10,6.0,0.6615384615384615,P6,167,208,42
536852,Fail,9,0.0,0.5079365079365079,P6,167,208,42
536992,Pass,2,39.0,1.0,P6,167,208,42
537271,Fail,0,,,P6,167,208,42
538210,Pass,3,5.0,0.2830188679245283,P6,167,208,42
539426,Fail,0,,,P6,167,208,42
539670,Fail,0,,,P6,167,208,42
540005,Pass,0,,,P6,167,208,42
540249,Fail,23,1.0,0.29559748427672955,P6,167,208,42
540293,Pass,10,0.0,0.5,P6,167,208,42
540521,Pass,2,32.0,0.96,P6,167,208,42
540602,Pass,14,1.0,0.34615384615384615,P6,167,208,42
540682,Pass,16,0.0,0.4574468085106383,P6,167,208,42
542296,Pass,18,2.0,0.06349206349206349,P6,167,208,42
542472,Fail,0,,,P6,167,208,42
542707,Fail,8,5.0,0.9081632653061225,P6,167,208,42
543279,Fail,3,33.0,0.925,P6,167,208,42
543428,Pass,21,0.0,0.19500780031201248,P6,167,208,42
545200,Pass,7,1.0,0.6976744186046512,P6,167,208,42
545297,Fail,0,,,P6,167,208,42
545298,Pass,0,,,P6,167,208,42
545443,Pass,2,3.0,0.6444444444444445,P6,167,208,42
545462,Pass,36,0.0,0.24708926261319533,P6,167,208,42
546195,Fail,0,,,P6,167,208,42
546196,Pass,7,4.0,0.0,P6,167,208,42
547311,Fail,9,3.0,0.18045112781954886,P6,167,208,42
548197,Pass,4,30.0,0.9318181818181818,P6,167,208,42
548899,Pass,8,4.0,0.09803921568627451,P6,167,208,42
549129,Pass,3,6.0,0.9142857142857143,P6,167,208,42
549226,Fail,4,23.0,0.5,P6,167,208,42
549445,Pass,6,1.0,0.6622516556291391,P6,167,208,42
549586,Pass,3,26.0,0.9459459459459459,P6,167,208,42
549745,Withdrawn,0,,,P6,167,208,42
549873,Fail,0,,,P6,167,208,42
549918,Fail,34,0.0,0.24519230769230768,P6,167,208,42
550412,Pass,2,12.0,0.95,P6,167,208,42
550941,Pass,4,17.0,0.5,P6,167,208,42
551031,Fail,12,0.0,0.0,P6,167,208,42
551205,Pass,4,0.0,0.8484848484848485,P6,167,208,42
551219,Pass,16,0.0,0.1188118811881188,P6,167,208,42
551234,Pass,27,0.0,0.3075117370892019,P6,167,208,42
551347,Pass,5,0.0,0.14705882352941177,P6,167,208,42
551802,Fail,3,39.0,1.0,P6,167,208,42
551836,Pass,3,21.0,0.5357142857142857,P6,167,208,42
552116,Pass,8,3.0,0.4444444444444444,P6,167,208,42
552177,Fail,0,,,P6,167,208,42
552205,Pass,11,20.0,0.7889908256880734,P6,167,208,42
552339,Pass,27,0.0,0.2317596566523605,P6,167,208,42
552515,Pass,1,37.0,1.0,P6,167,208,42
552622,Pass,20,0.0,0.132,P6,167,208,42
552883,Fail,0,,,P6,167,208,42
553078,Pass,1,40.0,1.0,P6,167,208,42
553825,Pass,3,10.0,0.19230769230769232,P6,167,208,42
553856,Pass,18,6.0,0.15862068965517243,P6,167,208,42
553893,Fail,0,,,P6,167,208,42
554297,Fail,0,,,P6,167,208,42
554314,Fail,2,1.0,0.0,P6,167,208,42
554540,Pass,21,0.0,0.3076923076923077,P6,167,208,42
555061,Fail,0,,,P6,167,208,42
555346,Pass,19,0.0,0.06806282722513089,P6,167,208,42
555721,Pass,12,3.0,0.4618320610687023,P6,167,208,42
556062,Fail,0,,,P6,167,208,42
556175,Pass,12,0.0,0.296875,P6,167,208,42
556228,Pass,27,0.0,0.40654205607476634,P6,167,208,42
556427,Withdrawn,0,,,P6,167,208,42
556592,Pass,5,13.0,0.6511627906976745,P6,167,208,42
556738,Fail,0,,,P6,167,208,42
556972,Pass,11,4.0,0.4782608695652174,P6,167,208,42
557652,Fail,6,3.0,0.3392857142857143,P6,167,208,42
558333,Pass,1,39.0,1.0,P6,167,208,42
558533,Pass,7,3.0,0.0,P6,167,208,42
558661,Fail,5,5.0,0.3114754098360656,P6,167,208,42
558755,Fail,0,,,P6,167,208,42
558962,Pass,3,15.0,0.971830985915493,P6,167,208,42
558983,Fail,8,2.0,0.29310344827586204,P6,167,208,42
559168,Pass,9,2.0,0.34545454545454546,P6,167,208,42
559382,Pass,14,4.0,0.42735042735042733,P6,167,208,42
559414,Pass,5,34.0,0.3018867924528302,P6,167,208,42
559584,Pass,3,35.0,1.0,P6,167,208,42
559685,Fail,1,41.0,1.0,P6,167,208,42
559851,Pass,6,13.0,0.3958333333333333,P6,167,208,42
560030,Fail,0,,,P6,167,208,42
560074,Pass,4,0.0,0.8676470588235294,P6,167,208,42
560430,Fail,0,,,P6,167,208,42
560567,Pass,5,11.0,0.43333333333333335,P6,167,208,42
560676,Fail,10,14.0,0.2361111111111111,P6,167,208,42
560773,Pass,9,0.0,0.2831858407079646,P6,167,208,42
561457,Pass,12,0.0,0.27,P6,167,208,42
561534,Pass,20,3.0,0.4370860927152318,P6,167,208,42
561549,Fail,0,,,P6,167,208,42
561591,Pass,4,1.0,0.0,P6,167,208,42
561841,Pass,17,0.0,0.31521739130434784,P6,167,208,42
562090,Pass,6,3.0,0.6,P6,167,208,42
562270,Pass,29,0.0,0.26441631504922647,P6,167,208,42
562456,Fail,0,,,P6,167,208,42
563174,Fail,0,,,P6,167,208,42
563374,Fail,1,30.0,0.0,P6,167,208,42
563706,Pass,11,0.0,0.20408163265306123,P6,167,208,42
563733,Pass,7,12.0,0.1320754716981132,P6,167,208,42
563735,Pass,4,3.0,0.6323529411764706,P6,167,208,42
563769,Fail,1,41.0,1.0,P6,167,208,42
563794,Pass,8,2.0,0.2463768115942029,P6,167,208,42
564105,Pass,22,1.0,0.4146981627296588,P6,167,208,42
564129,Pass,3,26.0,0.07692307692307693,P6,167,208,42
564144,Pass,0,,,P6,167,208,42
564245,Pass,6,0.0,0.40425531914893614,P6,167,208,42
564268,Pass,5,23.0,0.9705882352941176,P6,167,208,42
564596,Withdrawn,2,4.0,0.0,P6,167,208,42
564626,Fail,1,41.0,1.0,P6,167,208,42
564792,Fail,11,4.0,0.0,P6,167,208,42
564958,Pass,12,9.0,0.3691275167785235,P6,167,208,42
565393,Fail,1,30.0,0.0,P6,167,208,42
565582,Pass,2,10.0,0.3157894736842105,P6,167,208,42
565607,Pass,9,17.0,0.654320987654321,P6,167,208,42
565715,Pass,7,10.0,0.140625,P6,167,208,42
565888,Pass,4,9.0,0.9430379746835443,P6,167,208,42
565919,Pass,3,7.0,0.8518518518518519,P6,167,208,42
566339,Pass,4,9.0,0.3333333333333333,P6,167,208,42
566358,Fail,5,2.0,0.8888888888888888,P6,167,208,42
566369,Pass,5,11.0,0.3,P6,167,208,42
566392,Fail,13,2.0,0.12169312169312169,P6,167,208,42
566407,Pass,4,2.0,0.04,P6,167,208,42
566415,Pass,0,,,P6,167,208,42
566720,Pass,20,5.0,0.136986301369863,P6,167,208,42
566813,Pass,13,4.0,0.40816326530612246,P6,167,208,42
566814,Pass,6,5.0,0.26785714285714285,P6,167,208,42
567013,Fail,0,,,P6,167,208,42
567160,Fail,0,,,P6,167,208,42
567262,Pass,4,3.0,0.0,P6,167,208,42
567363,Pass,4,0.0,0.8125,P6,167,208,42
567402,Pass,11,4.0,0.20833333333333334,P6,167,208,42
567429,Pass,4,3.0,0.6363636363636364,P6,167,208,42
567627,Pass,2,0.0,0.9473684210526315,P6,167,208,42
567754,Pass,26,0.0,0.2838709677419355,P6,167,208,42
567915,Fail,2,1.0,0.14285714285714285,P6,167,208,42
567929,Fail,6,20.0,0.7530864197530864,P6,167,208,42
567958,Pass,7,0.0,0.4117647058823529,P6,167,208,42
567979,Pass,2,5.0,0.0,P6,167,208,42
568074,Pass,4,12.0,0.8235294117647058,P6,167,208,42
568474,Pass,5,0.0,0.0,P6,167,208,42
568502,Pass,2,32.0,0.38461538461538464,P6,167,208,42
569035,Pass,17,1.0,0.26126126126126126,P6,167,208,42
569141,Pass,1,41.0,1.0,P6,167,208,42
569334,Fail,0,,,P6,167,208,42
569854,Pass,8,0.0,0.25925925925925924,P6,167,208,42
569862,Pass,8,12.0,0.0,P6,167,208,42
569930,Pass,10,0.0,0.09375,P6,167,208,42
570137,Pass,15,5.0,0.11351351351351352,P6,167,208,42
570157,Pass,23,0.0,0.13978494623655913,P6,167,208,42
570168,Pass,12,2.0,0.2076923076923077,P6,167,208,42
570271,Pass,20,0.0,0.3837837837837838,P6,167,208,42
570287,Pass,1,40.0,1.0,P6,167,208,42
570351,Pass,4,12.0,0.68,P6,167,208,42
570519,Fail,0,,,P6,167,208,42
570623,Pass,20,4.0,0.37735849056603776,P6,167,208,42
570759,Pass,5,8.0,0.8372093023255814,P6,167,208,42
570783,Pass,12,1.0,0.765625,P6,167,208,42
570864,Pass,4,10.0,0.0,P6,167,208,42
571083,Pass,4,8.0,0.5185185185185185,P6,167,208,42
571441,Pass,6,0.0,0.5833333333333334,P6,167,208,42
571503,Pass,9,14.0,0.71875,P6,167,208,42
571516,Pass,8,2.0,0.18333333333333332,P6,167,208,42
571554,Pass,16,0.0,0.3473684210526316,P6,167,208,42
571672,Fail,0,,,P6,167,208,42
571681,Pass,18,0.0,0.12322274881516587,P6,167,208,42
571693,Fail,3,38.0,1.0,P6,167,208,42
571779,Pass,10,0.0,0.38202247191011235,P6,167,208,42
571871,Pass,10,2.0,0.3269230769230769,P6,167,208,42
571885,Pass,4,5.0,0.125,P6,167,208,42
571907,Pass,5,0.0,0.5675675675675675,P6,167,208,42
572051,Pass,5,8.0,0.6491228070175439,P6,167,208,42
572067,Pass,5,0.0,0.5454545454545454,P6,167,208,42
572103,Pass,7,0.0,0.2857142857142857,P6,167,208,42
572131,Fail,0,,,P6,167,208,42
572173,Fail,0,,,P6,167,208,42
572277,Fail,0,,,P6,167,208,42
572416,Pass,8,0.0,0.15254237288135594,P6,167,208,42
572447,Pass,2,13.0,0.0,P6,167,208,42
572504,Pass,7,3.0,0.05194805194805195,P6,167,208,42
572508,Pass,9,4.0,0.11224489795918367,P6,167,208,42
572514,Fail,9,1.0,0.2857142857142857,P6,167,208,42
572733,Pass,6,8.0,0.8253968253968254,P6,167,208,42
572739,Withdrawn,0,,,P6,167,208,42
572752,Pass,3,11.0,0.5384615384615384,P6,167,208,42
572765,Pass,4,4.0,0.9876543209876543,P6,167,208,42
572918,Fail,0,,,P6,167,208,42
572937,Fail,0,,,P6,167,208,42
573043,Pass,6,10.0,0.7804878048780488,P6,167,208,42
573063,Pass,8,0.0,0.3372093023255814,P6,167,208,42
573208,Pass,0,,,P6,167,208,42
573217,Fail,0,,,P6,167,208,42
573223,Fail,1,25.0,0.0,P6,167,208,42
573225,Fail,4,0.0,0.5555555555555556,P6,167,208,42
573275,Fail,0,,,P6,167,208,42
573411,Pass,17,2.0,0.058823529411764705,P6,167,208,42
573433,Pass,21,2.0,0.24479166666666666,P6,167,208,42
573453,Pass,11,3.0,0.588957055214724,P6,167,208,42
573487,Fail,0,,,P6,167,208,42
573578,Pass,9,2.0,0.3821656050955414,P6,167,208,42
573654,Pass,10,1.0,0.4407894736842105,P6,167,208,42
573777,Pass,3,39.0,1.0,P6,167,208,42
573790,Pass,9,3.0,0.21875,P6,167,208,42
573821,Pass,5,5.0,0.417910447761194,P6,167,208,42
573831,Pass,3,10.0,0.3235294117647059,P6,167,208,42
573893,Fail,3,9.0,0.9512195121951219,P6,167,208,42
573986,Pass,1,41.0,1.0,P6,167,208,42
574002,Fail,4,0.0,0.0,P6,167,208,42
574051,Fail,0,,,P6,167,208,42
574125,Pass,10,4.0,0.12878787878787878,P6,167,208,42
574194,Pass,8,2.0,0.5168539325842697,P6,167,208,42
574250,Pass,8,7.0,0.45695364238410596,P6,167,208,42
574348,Pass,9,1.0,0.16822429906542055,P6,167,208,42
574549,Pass,6,0.0,0.0,P6,167,208,42
574708,Fail,1,12.0,0.0,P6,167,208,42
574766,Fail,4,0.0,0.0,P6,167,208,42
574973,Pass,30,0.0,0.1411042944785276,P6,167,208,42
575018,Pass,3,14.0,0.7666666666666667,P6,167,208,42
575089,Fail,0,,,P6,167,208,42
575100,Fail,2,39.0,1.0,P6,167,208,42
575124,Pass,21,0.0,0.043010752688172046,P6,167,208,42
575281,Fail,1,17.0,0.0,P6,167,208,42
575290,Pass,14,0.0,0.40298507462686567,P6,167,208,42
575387,Pass,22,0.0,0.22920203735144312,P6,167,208,42
575480,Fail,0,,,P6,167,208,42
575681,Pass,25,0.0,0.1170018281535649,P6,167,208,42
575929,Fail,22,4.0,0.41818181818181815,P6,167,208,42
575930,Pass,6,33.0,0.9659090909090909,P6,167,208,42
575982,Fail,0,,,P6,167,208,42
576158,Pass,2,38.0,1.0,P6,167,208,42
576226,Fail,0,,,P6,167,208,42
576483,Pass,6,5.0,0.3493975903614458,P6,167,208,42
576524,Fail,2,2.0,0.0,P6,167,208,42
576600,Pass,9,11.0,0.6,P6,167,208,42
576815,Fail,0,,,P6,167,208,42
576841,Pass,9,12.0,0.4090909090909091,P6,167,208,42
576882,Fail,3,1.0,0.9666666666666667,P6,167,208,42
576935,Fail,17,0.0,0.3384615384615385,P6,167,208,42
576940,Pass,20,0.0,0.3722466960352423,P6,167,208,42
576946,Pass,3,5.0,0.0,P6,167,208,42
576947,Fail,0,,,P6,167,208,42
576981,Pass,1,37.0,1.0,P6,167,208,42
577099,Pass,2,39.0,1.0,P6,167,208,42
577256,Pass,6,10.0,0.9433962264150944,P6,167,208,42
577280,Pass,7,11.0,0.8656716417910447,P6,167,208,42
577286,Pass,3,4.0,0.0,P6,167,208,42
577347,Fail,2,0.0,0.425531914893617,P6,167,208,42
577376,Pass,12,0.0,0.24324324324324326,P6,167,208,42
577498,Fail,11,3.0,0.13333333333333333,P6,167,208,42
577648,Fail,13,0.0,0.5714285714285714,P6,167,208,42
577680,Pass,21,0.0,0.3119266055045872,P6,167,208,42
577692,Fail,0,,,P6,167,208,42
577915,Pass,5,20.0,0.7209302325581395,P6,167,208,42
577949,Fail,0,,,P6,167,208,42
577980,Pass,4,0.0,0.9565217391304348,P6,167,208,42
578057,Fail,0,,,P6,167,208,42
578062,Fail,0,,,P6,167,208,42
578197,Pass,12,0.0,0.25757575757575757,P6,167,208,42
578362,Fail,0,,,P6,167,208,42
578447,Pass,5,32.0,0.6333333333333333,P6,167,208,42
578546,Pass,12,0.0,0.4132231404958678,P6,167,208,42
578578,Pass,12,4.0,0.8217821782178217,P6,167,208,42
578600,Pass,9,3.0,0.08333333333333333,P6,167,208,42
578676,Fail,3,4.0,0.96875,P6,167,208,42
578717,Pass,7,2.0,0.7105263157894737,P6,167,208,42
579279,Pass,4,35.0,1.0,P6,167,208,42
579316,Pass,3,0.0,0.8333333333333334,P6,167,208,42
579549,Pass,5,8.0,0.5384615384615384,P6,167,208,42
579571,Pass,5,4.0,0.7777777777777778,P6,167,208,42
579575,Pass,1,41.0,1.0,P6,167,208,42
579619,Pass,22,0.0,0.16744186046511628,P6,167,208,42
579718,Fail,0,,,P6,167,208,42
579762,Pass,6,23.0,0.75,P6,167,208,42
580094,Pass,23,0.0,0.07462686567164178,P6,167,208,42
580314,Fail,0,,,P6,167,208,42
580346,Pass,37,0.0,0.1525207402680281,P6,167,208,42
580360,Pass,0,,,P6,167,208,42
580540,Pass,10,6.0,0.6458333333333334,P6,167,208,42
580612,Pass,17,1.0,0.12,P6,167,208,42
580684,Fail,4,8.0,0.1875,P6,167,208,42
580880,Pass,23,1.0,0.1574074074074074,P6,167,208,42
580883,Pass,30,0.0,0.12355212355212356,P6,167,208,42
580960,Pass,12,13.0,0.18085106382978725,P6,167,208,42
580975,Fail,0,,,P6,167,208,42
581027,Fail,0,,,P6,167,208,42
581038,Fail,0,,,P6,167,208,42
581139,Pass,2,3.0,0.9545454545454546,P6,167,208,42
581305,Fail,3,16.0,0.37209302325581395,P6,167,208,42
581431,Fail,1,41.0,1.0,P6,167,208,42
581530,Pass,0,,,P6,167,208,42
581586,Pass,9,3.0,0.034482758620689655,P6,167,208,42
581625,Fail,0,,,P6,167,208,42
581657,Pass,1,6.0,0.0,P6,167,208,42
582093,Fail,0,,,P6,167,208,42
582123,Pass,3,24.0,0.058823529411764705,P6,167,208,42
582190,Fail,9,8.0,0.11842105263157894,P6,167,208,42
582218,Fail,0,,,P6,167,208,42
582301,Fail,2,3.0,0.0,P6,167,208,42
582305,Pass,11,3.0,0.4603174603174603,P6,167,208,42
582390,Pass,6,3.0,0.30158730158730157,P6,167,208,42
582394,Pass,18,0.0,0.3508771929824561,P6,167,208,42
582406,Pass,5,9.0,0.625,P6,167,208,42
582439,Fail,0,,,P6,167,208,42
582446,Pass,7,9.0,0.41025641025641024,P6,167,208,42
582474,Pass,30,0.0,0.13157894736842105,P6,167,208,42
582574,Pass,10,2.0,0.1346153846153846,P6,167,208,42
582578,Pass,13,3.0,0.3620689655172414,P6,167,208,42
582591,Fail,0,,,P6,167,208,42
582636,Pass,1,41.0,1.0,P6,167,208,42
582650,Pass,5,3.0,0.0,P6,167,208,42
582833,Fail,1,40.0,1.0,P6,167,208,42
582878,Pass,4,27.0,0.7714285714285715,P6,167,208,42
582940,Pass,2,6.0,0.6666666666666666,P6,167,208,42
582975,Pass,8,2.0,0.6615384615384615,P6,167,208,42
583007,Fail,0,,,P6,167,208,42
583012,Pass,3,12.0,0.9642857142857143,P6,167,208,42
583039,Pass,5,0.0,0.0,P6,167,208,42
583098,Fail,6,10.0,0.018867924528301886,P6,167,208,42
583113,Fail,2,5.0,0.6578947368421053,P6,167,208,42
583142,Withdrawn,8,0.0,0.35185185185185186,P6,167,208,42
583191,Pass,8,1.0,0.045454545454545456,P6,167,208,42
583240,Fail,7,8.0,0.67,P6,167,208,42
583301,Fail,0,,,P6,167,208,42
583367,Fail,0,,,P6,167,208,42
583433,Pass,27,0.0,0.19881305637982197,P6,167,208,42
583459,Pass,16,2.0,0.37681159420289856,P6,167,208,42
583473,Pass,15,0.0,0.3425925925925926,P6,167,208,42
583534,Fail,0,,,P6,167,208,42
583598,Fail,0,,,P6,167,208,42
583609,Pass,10,0.0,0.2,P6,167,208,42
583645,Pass,13,1.0,0.07377049180327869,P6,167,208,42
583708,Pass,5,4.0,0.47692307692307695,P6,167,208,42
583873,Pass,12,2.0,0.4090909090909091,P6,167,208,42
583964,Pass,7,17.0,0.2054794520547945,P6,167,208,42
583977,Fail,5,18.0,0.4868421052631579,P6,167,208,42
584042,Pass,5,5.0,0.7282608695652174,P6,167,208,42
584178,Pass,4,16.0,0.0,P6,167,208,42
584238,Fail,0,,,P6,167,208,42
584325,Withdrawn,5,0.0,0.0,P6,167,208,42
584408,Fail,2,35.0,1.0,P6,167,208,42
584580,Pass,0,,,P6,167,208,42
584611,Fail,3,1.0,0.0,P6,167,208,42
584766,Pass,8,10.0,0.12195121951219512,P6,167,208,42
584813,Pass,10,3.0,0.06521739130434782,P6,167,208,42
585074,Fail,0,,,P6,167,208,42
585170,Pass,25,1.0,0.1437908496732026,P6,167,208,42
585212,Pass,9,0.0,0.6976744186046512,P6,167,208,42
585406,Pass,2,5.0,0.9375,P6,167,208,42
585603,Pass,11,10.0,0.2358490566037736,P6,167,208,42
585611,Pass,5,3.0,0.9433962264150944,P6,167,208,42
585644,Pass,2,25.0,0.35714285714285715,P6,167,208,42
585652,Pass,1,40.0,1.0,P6,167,208,42
585693,Pass,25,0.0,0.14959202175883954,P6,167,208,42
585779,Pass,24,0.0,0.08737864077669903,P6,167,208,42
585816,Fail,0,,,P6,167,208,42
585915,Fail,0,,,P6,167,208,42
585963,Fail,0,,,P6,167,208,42
586072,Fail,0,,,P6,167,208,42
586078,Pass,3,31.0,0.25925925925925924,P6,167,208,42
586145,Fail,0,,,P6,167,208,42
586165,Fail,4,6.0,0.9375,P6,167,208,42
586346,Pass,29,0.0,0.5459770114942529,P6,167,208,42
586416,Pass,10,3.0,0.38613861386138615,P6,167,208,42
586440,Pass,2,40.0,1.0,P6,167,208,42
586490,Fail,0,,,P6,167,208,42
586535,Pass,8,0.0,0.42,P6,167,208,42
586581,Pass,6,0.0,0.74,P6,167,208,42
586720,Fail,0,,,P6,167,208,42
586742,Pass,4,6.0,0.9666666666666667,P6,167,208,42
586836,Fail,0,,,P6,167,208,42
586843,Pass,12,8.0,0.4421052631578947,P6,167,208,42
586882,Fail,0,,,P6,167,208,42
586928,Fail,0,,,P6,167,208,42
587051,Fail,0,,,P6,167,208,42
587071,Fail,0,,,P6,167,208,42
587192,Pass,12,2.0,0.375,P6,167,208,42
587194,Fail,3,5.0,0.7272727272727273,P6,167,208,42
587297,Pass,12,3.0,0.2782874617737003,P6,167,208,42
587409,Pass,0,,,P6,167,208,42
587418,Pass,6,1.0,0.8309859154929577,P6,167,208,42
587564,Pass,1,40.0,1.0,P6,167,208,42
587702,Pass,13,0.0,0.273224043715847,P6,167,208,42
587732,Pass,12,0.0,0.0,P6,167,208,42
587754,Pass,1,41.0,1.0,P6,167,208,42
587755,Pass,4,37.0,1.0,P6,167,208,42
587810,Pass,8,3.0,0.0,P6,167,208,42
587824,Fail,0,,,P6,167,208,42
587923,Pass,3,0.0,0.14285714285714285,P6,167,208,42
587961,Fail,0,,,P6,167,208,42
588265,Pass,0,,,P6,167,208,42
588355,Pass,17,10.0,0.20833333333333334,P6,167,208,42
588432,Fail,0,,,P6,167,208,42
588642,Pass,3,9.0,0.9555555555555556,P6,167,208,42
588713,Fail,0,,,P6,167,208,42
588910,Pass,27,0.0,0.3076923076923077,P6,167,208,42
589067,Pass,5,13.0,0.22727272727272727,P6,167,208,42
589123,Pass,12,10.0,0.4,P6,167,208,42
589296,Pass,36,0.0,0.0910828025477707,P6,167,208,42
589302,Pass,22,0.0,0.29285714285714287,P6,167,208,42
589509,Pass,1,35.0,1.0,P6,167,208,42
589903,Pass,7,6.0,0.4153846153846154,P6,167,208,42
589950,Pass,6,10.0,0.6585365853658537,P6,167,208,42
590202,Pass,12,2.0,0.04712041884816754,P6,167,208,42
590231,Pass,3,0.0,0.875,P6,167,208,42
590308,Fail,0,,,P6,167,208,42
590325,Pass,5,2.0,0.5625,P6,167,208,42
590360,Fail,1,41.0,1.0,P6,167,208,42
590362,Pass,3,17.0,0.0,P6,167,208,42
590365,Fail,0,,,P6,167,208,42
590372,Pass,16,4.0,0.15463917525773196,P6,167,208,42
590502,Fail,0,,,P6,167,208,42
590625,Pass,14,0.0,0.2222222222222222,P6,167,208,42
590867,Fail,0,,,P6,167,208,42
590923,Fail,0,,,P6,167,208,42
590931,Pass,5,25.0,0.0,P6,167,208,42
591030,Pass,1,38.0,1.0,P6,167,208,42
591034,Fail,0,,,P6,167,208,42
591223,Pass,28,0.0,0.08905380333951762,P6,167,208,42
591257,Fail,0,,,P6,167,208,42
591273,Pass,3,16.0,0.0,P6,167,208,42
591410,Fail,0,,,P6,167,208,42
591414,Pass,8,5.0,0.4864864864864865,P6,167,208,42
591420,Pass,5,0.0,0.36904761904761907,P6,167,208,42
591440,Fail,0,,,P6,167,208,42
591558,Pass,14,0.0,0.4583333333333333,P6,167,208,42
591574,Pass,17,3.0,0.04411764705882353,P6,167,208,42
591589,Pass,5,13.0,0.6526315789473685,P6,167,208,42
591591,Fail,3,11.0,0.1951219512195122,P6,167,208,42
591785,Fail,0,,,P6,167,208,42
591787,Pass,4,32.0,0.5,P6,167,208,42
591820,Pass,12,0.0,0.2602739726027397,P6,167,208,42
591978,Fail,4,0.0,0.0,P6,167,208,42
592081,Fail,0,,,P6,167,208,42
592147,Pass,20,0.0,0.13194444444444445,P6,167,208,42
592205,Pass,3,38.0,1.0,P6,167,208,42
592256,Fail,0,,,P6,167,208,42
592290,Pass,7,6.0,0.5352112676056338,P6,167,208,42
592317,Pass,4,6.0,0.5319148936170213,P6,167,208,42
592322,Pass,20,0.0,0.37735849056603776,P6,167,208,42
592441,Pass,3,6.0,0.5384615384615384,P6,167,208,42
592480,Pass,6,0.0,0.8,P6,167,208,42
592496,Pass,17,2.0,0.24742268041237114,P6,167,208,42
592618,Pass,4,4.0,0.686046511627907,P6,167,208,42
592624,Pass,2,28.0,0.8333333333333334,P6,167,208,42
592772,Pass,4,17.0,0.6966292134831461,P6,167,208,42
592815,Withdrawn,5,0.0,0.7419354838709677,P6,167,208,42
592854,Pass,3,3.0,0.5185185185185185,P6,167,208,42
592900,Pass,11,11.0,0.8622754491017964,P6,167,208,42
592949,Withdrawn,2,11.0,0.0,P6,167,208,42
593023,Pass,4,10.0,0.02702702702702703,P6,167,208,42
593081,Pass,1,41.0,1.0,P6,167,208,42
593189,Fail,0,,,P6,167,208,42
593299,Fail,0,,,P6,167,208,42
593385,Pass,8,11.0,0.2222222222222222,P6,167,208,42
593421,Pass,2,38.0,1.0,P6,167,208,42
593427,Pass,9,0.0,0.08,P6,167,208,42
593444,Pass,7,3.0,0.2654320987654321,P6,167,208,42
593510,Pass,4,17.0,0.8260869565217391,P6,167,208,42
593513,Pass,4,26.0,0.0,P6,167,208,42
593514,Fail,4,3.0,0.06896551724137931,P6,167,208,42
593593,Pass,1,31.0,0.0,P6,167,208,42
593613,Fail,0,,,P6,167,208,42
593631,Pass,10,3.0,0.13846153846153847,P6,167,208,42
593685,Pass,1,40.0,1.0,P6,167,208,42
593692,Pass,8,6.0,0.0,P6,167,208,42
593694,Pass,42,0.0,0.19138359569179786,P6,167,208,42
593695,Pass,6,11.0,0.6031746031746031,P6,167,208,42
593709,Fail,0,,,P6,167,208,42
593711,Pass,3,1.0,0.8518518518518519,P6,167,208,42
593712,Pass,4,20.0,0.4117647058823529,P6,167,208,42
593715,Pass,4,0.0,0.46153846153846156,P6,167,208,42
593727,Pass,16,0.0,0.18907563025210083,P6,167,208,42
593743,Pass,4,30.0,0.4098360655737705,P6,167,208,42
593798,Pass,6,11.0,0.10666666666666667,P6,167,208,42
593871,Pass,11,0.0,0.38095238095238093,P6,167,208,42
593898,Pass,36,0.0,0.07471264367816093,P6,167,208,42
593900,Pass,4,0.0,0.7241379310344828,P6,167,208,42
594015,Pass,4,12.0,0.984375,P6,167,208,42
594038,Fail,0,,,P6,167,208,42
594056,Pass,5,0.0,0.6521739130434783,P6,167,208,42
594456,Pass,8,6.0,0.49206349206349204,P6,167,208,42
594468,Pass,29,0.0,0.08735632183908046,P6,167,208,42
594497,Fail,0,,,P6,167,208,42
594677,Pass,6,3.0,0.4426229508196721,P6,167,208,42
594697,Fail,0,,,P6,167,208,42
594762,Pass,13,3.0,0.32653061224489793,P6,167,208,42
594776,Pass,13,3.0,0.35185185185185186,P6,167,208,42
594845,Fail,1,39.0,1.0,P6,167,208,42
594928,Pass,4,0.0,0.16049382716049382,P6,167,208,42
595010,Fail,0,,,P6,167,208,42
595094,Fail,2,12.0,0.8888888888888888,P6,167,208,42
595103,Pass,13,3.0,0.05555555555555555,P6,167,208,42
595138,Pass,5,1.0,0.6338028169014085,P6,167,208,42
595241,Fail,1,0.0,0.0,P6,167,208,42
595295,Pass,5,4.0,0.881578947368421,P6,167,208,42
595298,Fail,0,,,P6,167,208,42
595345,Pass,6,20.0,0.2891566265060241,P6,167,208,42
595436,Pass,7,0.0,0.6,P6,167,208,42
595499,Fail,4,20.0,0.2,P6,167,208,42
595509,Fail,0,,,P6,167,208,42
595570,Fail,11,0.0,0.5815602836879432,P6,167,208,42
595672,Fail,3,16.0,0.9722222222222222,P6,167,208,42
595678,Pass,3,18.0,0.9743589743589743,P6,167,208,42
595711,Fail,0,,,P6,167,208,42
595818,Pass,8,1.0,0.3225806451612903,P6,167,208,42
595854,Pass,4,3.0,0.6835443037974683,P6,167,208,42
595874,Pass,3,37.0,1.0,P6,167,208,42
595877,Fail,0,,,P6,167,208,42
595925,Pass,3,7.0,0.0,P6,167,208,42
596016,Fail,0,,,P6,167,208,42
596017,Pass,14,7.0,0.09554140127388536,P6,167,208,42
596100,Withdrawn,0,,,P6,167,208,42
596107,Pass,2,10.0,0.043478260869565216,P6,167,208,42
596108,Pass,9,4.0,0.3333333333333333,P6,167,208,42
596114,Pass,24,0.0,0.23985239852398524,P6,167,208,42
596144,Pass,6,2.0,0.7272727272727273,P6,167,208,42
596242,Pass,4,20.0,0.9836065573770492,P6,167,208,42
596360,Fail,0,,,P6,167,208,42
596372,Pass,11,9.0,0.12244897959183673,P6,167,208,42
596390,Pass,2,40.0,1.0,P6,167,208,42
596417,Pass,4,11.0,0.0,P6,167,208,42
596451,Pass,25,0.0,0.10817307692307693,P6,167,208,42
596535,Pass,3,0.0,0.7391304347826086,P6,167,208,42
596596,Fail,2,36.0,1.0,P6,167,208,42
596677,Fail,0,,,P6,167,208,42
596814,Fail,0,,,P6,167,208,42
596849,Fail,0,,,P6,167,208,42
596892,Fail,5,3.0,0.22727272727272727,P6,167,208,42
596897,Pass,3,5.0,0.3157894736842105,P6,167,208,42
596961,Fail,0,,,P6,167,208,42
596964,Pass,5,13.0,0.5306122448979592,P6,167,208,42
597033,Fail,0,,,P6,167,208,42
597078,Fail,0,,,P6,167,208,42
597142,Fail,0,,,P6,167,208,42
597301,Pass,13,2.0,0.08974358974358974,P6,167,208,42
597532,Withdrawn,6,4.0,0.1917808219178082,P6,167,208,42
597582,Fail,0,,,P6,167,208,42
597689,Fail,1,40.0,1.0,P6,167,208,42
597742,Pass,7,4.0,0.18681318681318682,P6,167,208,42
597790,Pass,12,6.0,0.050505050505050504,P6,167,208,42
597866,Fail,1,35.0,1.0,P6,167,208,42
597878,Pass,8,4.0,0.7910447761194029,P6,167,208,42
597894,Pass,30,0.0,0.07950530035335689,P6,167,208,42
598000,Pass,12,0.0,0.4748201438848921,P6,167,208,42
598202,Fail,0,,,P6,167,208,42
598230,Pass,12,6.0,0.0,P6,167,208,42
598243,Pass,2,25.0,0.0,P6,167,208,42
598252,Pass,4,2.0,0.6779661016949152,P6,167,208,42
598253,Pass,1,36.0,1.0,P6,167,208,42
598260,Withdrawn,2,6.0,0.8125,P6,167,208,42
598351,Pass,13,0.0,0.2206896551724138,P6,167,208,42
598462,Pass,15,1.0,0.3511450381679389,P6,167,208,42
598538,Fail,0,,,P6,167,208,42
598562,Fail,0,,,P6,167,208,42
598623,Pass,12,0.0,0.4642857142857143,P6,167,208,42
598709,Pass,13,2.0,0.35714285714285715,P6,167,208,42
598760,Pass,1,39.0,1.0,P6,167,208,42
598865,Pass,0,,,P6,167,208,42
598907,Pass,25,0.0,0.06547619047619048,P6,167,208,42
598914,Pass,3,20.0,0.8421052631578947,P6,167,208,42
598969,Pass,19,3.0,0.5050505050505051,P6,167,208,42
598986,Fail,9,1.0,0.6046511627906976,P6,167,208,42
599016,Pass,4,6.0,0.24,P6,167,208,42
599037,Pass,16,2.0,0.4793028322440087,P6,167,208,42
599292,Pass,14,2.0,0.16901408450704225,P6,167,208,42
599402,Pass,7,2.0,0.3118279569892473,P6,167,208,42
599427,Fail,0,,,P6,167,208,42
599434,Fail,0,,,P6,167,208,42
599640,Fail,0,,,P6,167,208,42
599644,Fail,0,,,P6,167,208,42
599709,Fail,0,,,P6,167,208,42
599739,Pass,7,19.0,0.8192771084337349,P6,167,208,42
599748,Pass,3,3.0,0.0,P6,167,208,42
599785,Pass,4,1.0,0.0,P6,167,208,42
599787,Pass,15,0.0,0.2482758620689655,P6,167,208,42
599794,Pass,24,0.0,0.34651162790697676,P6,167,208,42
599802,Fail,0,,,P6,167,208,42
599836,Pass,11,0.0,0.18018018018018017,P6,167,208,42
599840,Fail,3,38.0,1.0,P6,167,208,42
599895,Pass,15,0.0,0.0703125,P6,167,208,42
599908,Pass,15,1.0,0.368,P6,167,208,42
600121,Pass,28,0.0,0.1223021582733813,P6,167,208,42
600211,Fail,0,,,P6,167,208,42
600263,Fail,0,,,P6,167,208,42
600279,Pass,16,0.0,0.11363636363636363,P6,167,208,42
600370,Pass,5,17.0,0.4583333333333333,P6,167,208,42
600470,Fail,2,25.0,0.6666666666666666,P6,167,208,42
600476,Fail,0,,,P6,167,208,42
600579,Withdrawn,0,,,P6,167,208,42
600740,Pass,9,4.0,0.6288659793814433,P6,167,208,42
600749,Fail,0,,,P6,167,208,42
600770,Fail,0,,,P6,167,208,42
600771,Pass,2,18.0,0.9230769230769231,P6,167,208,42
600845,Fail,0,,,P6,167,208,42
600966,Pass,4,30.0,0.6097560975609756,P6,167,208,42
600967,Fail,0,,,P6,167,208,42
600999,Fail,0,,,P6,167,208,42
601251,Pass,8,10.0,0.32989690721649484,P6,167,208,42
601269,Pass,6,2.0,0.51,P6,167,208,42
601455,Pass,7,2.0,0.2571428571428571,P6,167,208,42
601499,Pass,15,0.0,0.11740890688259109,P6,167,208,42
601504,Pass,22,0.0,0.18029739776951673,P6,167,208,42
601505,Fail,0,,,P6,167,208,42
601551,Fail,0,,,P6,167,208,42
601558,Fail,0,,,P6,167,208,42
601635,Pass,7,14.0,0.22950819672131148,P6,167,208,42
601655,Pass,8,1.0,0.5725806451612904,P6,167,208,42
601706,Withdrawn,1,0.0,0.0,P6,167,208,42
601885,Pass,1,38.0,1.0,P6,167,208,42
601887,Pass,2,40.0,1.0,P6,167,208,42
601896,Fail,1,41.0,1.0,P6,167,208,42
601934,Fail,0,,,P6,167,208,42
601951,Fail,1,13.0,0.0,P6,167,208,42
602009,Pass,4,14.0,0.6756756756756757,P6,167,208,42
602014,Pass,6,0.0,0.8163265306122449,P6,167,208,42
602032,Fail,0,,,P6,167,208,42
602066,Pass,8,3.0,0.5348837209302325,P6,167,208,42
602147,Pass,3,27.0,0.8552631578947368,P6,167,208,42
602245,Pass,24,0.0,0.1497175141242938,P6,167,208,42
602324,Fail,0,,,P6,167,208,42
602395,Pass,2,4.0,0.7894736842105263,P6,167,208,42
602458,Pass,7,0.0,0.5443037974683544,P6,167,208,42
602483,Fail,0,,,P6,167,208,42
602496,Pass,2,25.0,0.9259259259259259,P6,167,208,42
602598,Fail,0,,,P6,167,208,42
602767,Fail,4,1.0,0.0,P6,167,208,42
602826,Fail,0,,,P6,167,208,42
603012,Pass,7,5.0,0.09183673469387756,P6,167,208,42
603035,Pass,3,15.0,0.9,P6,167,208,42
603036,Pass,14,7.0,0.23115577889447236,P6,167,208,42
603038,Pass,2,6.0,0.0,P6,167,208,42
603123,Pass,3,33.0,0.8461538461538461,P6,167,208,42
603210,Pass,5,1.0,0.85,P6,167,208,42
603265,Fail,0,,,P6,167,208,42
603270,Fail,6,3.0,0.7702702702702703,P6,167,208,42
603287,Pass,4,17.0,0.35714285714285715,P6,167,208,42
603398,Pass,2,2.0,0.3333333333333333,P6,167,208,42
603440,Pass,5,10.0,0.7530864197530864,P6,167,208,42
603446,Pass,12,10.0,0.49295774647887325,P6,167,208,42
603601,Pass,17,1.0,0.20224719101123595,P6,167,208,42
603661,Pass,11,3.0,0.6391752577319587,P6,167,208,42
603908,Pass,3,8.0,0.0,P6,167,208,42
604095,Fail,2,13.0,0.0,P6,167,208,42
604147,Fail,1,41.0,1.0,P6,167,208,42
604154,Pass,1,35.0,1.0,P6,167,208,42
604187,Pass,14,2.0,0.34814814814814815,P6,167,208,42
604196,Pass,4,1.0,0.4166666666666667,P6,167,208,42
604200,Pass,40,0.0,0.23260247855100094,P6,167,208,42
604204,Pass,2,34.0,0.03333333333333333,P6,167,208,42
604238,Pass,17,0.0,0.6839080459770115,P6,167,208,42
604292,Pass,25,0.0,0.26410026857654434,P6,167,208,42
604356,Pass,6,0.0,0.7096774193548387,P6,167,208,42
604543,Pass,9,2.0,0.20253164556962025,P6,167,208,42
604556,Pass,4,31.0,0.8648648648648649,P6,167,208,42
604731,Fail,2,40.0,1.0,P6,167,208,42
604752,Fail,0,,,P6,167,208,42
604916,Pass,6,4.0,0.0,P6,167,208,42
604917,Pass,7,5.0,0.7631578947368421,P6,167,208,42
604919,Pass,6,12.0,0.4675324675324675,P6,167,208,42
604921,Fail,29,1.0,0.18359375,P6,167,208,42
604923,Fail,0,,,P6,167,208,42
604932,Pass,1,33.0,0.0,P6,167,208,42
604939,Fail,9,0.0,0.011111111111111112,P6,167,208,42
604942,Pass,12,5.0,0.2145922746781116,P6,167,208,42
604951,Fail,0,,,P6,167,208,42
604966,Pass,19,0.0,0.17676767676767677,P6,167,208,42
604982,Pass,6,0.0,0.7166666666666667,P6,167,208,42
605009,Pass,12,0.0,0.14492753623188406,P6,167,208,42
605102,Pass,3,0.0,0.5666666666666667,P6,167,208,42
605207,Pass,9,2.0,0.19626168224299065,P6,167,208,42
605246,Pass,2,39.0,1.0,P6,167,208,42
605255,Fail,0,,,P6,167,208,42
605309,Fail,0,,,P6,167,208,42
605327,Fail,0,,,P6,167,208,42
605390,Pass,12,0.0,0.44516129032258067,P6,167,208,42
605505,Withdrawn,2,14.0,0.0,P6,167,208,42
605594,Fail,0,,,P6,167,208,42
605595,Fail,1,36.0,1.0,P6,167,208,42
605679,Pass,2,6.0,0.8823529411764706,P6,167,208,42
605832,Pass,2,2.0,0.9285714285714286,P6,167,208,42
605854,Fail,3,3.0,0.423728813559322,P6,167,208,42
605916,Pass,28,1.0,0.12761506276150628,P6,167,208,42
605930,Pass,3,38.0,1.0,P6,167,208,42
606097,Pass,8,4.0,0.6909090909090909,P6,167,208,42
606194,Pass,26,3.0,0.04199475065616798,P6,167,208,42
606229,Pass,2,39.0,1.0,P6,167,208,42
606377,Pass,3,14.0,0.24242424242424243,P6,167,208,42
606410,Pass,5,6.0,0.7073170731707317,P6,167,208,42
606412,Pass,2,38.0,1.0,P6,167,208,42
606414,Pass,15,3.0,0.45,P6,167,208,42
606420,Pass,6,15.0,0.7090909090909091,P6,167,208,42
606422,Pass,7,1.0,0.5555555555555556,P6,167,208,42
606458,Pass,2,40.0,1.0,P6,167,208,42
606465,Pass,2,17.0,0.0,P6,167,208,42
606546,Pass,2,39.0,1.0,P6,167,208,42
606572,Pass,19,0.0,0.29927007299270075,P6,167,208,42
606651,Fail,0,,,P6,167,208,42
606685,Pass,15,0.0,0.32051282051282054,P6,167,208,42
606697,Pass,20,3.0,0.47435897435897434,P6,167,208,42
606762,Fail,0,,,P6,167,208,42
607097,Pass,4,0.0,0.8113207547169812,P6,167,208,42
607300,Fail,2,5.0,0.0,P6,167,208,42
607382,Fail,0,,,P6,167,208,42
607398,Fail,15,1.0,0.7619047619047619,P6,167,208,42
607493,Pass,8,3.0,0.7162162162162162,P6,167,208,42
607642,Pass,1,41.0,1.0,P6,167,208,42
607699,Fail,1,4.0,0.0,P6,167,208,42
607725,Pass,5,17.0,0.6666666666666666,P6,167,208,42
607735,Pass,21,3.0,0.19795221843003413,P6,167,208,42
607778,Pass,6,30.0,0.8835616438356164,P6,167,208,42
607804,Pass,5,6.0,0.5333333333333333,P6,167,208,42
607808,Fail,0,,,P6,167,208,42
607887,Pass,3,7.0,0.7906976744186046,P6,167,208,42
607889,Pass,11,8.0,0.4666666666666667,P6,167,208,42
607914,Pass,23,0.0,0.18285714285714286,P6,167,208,42
607937,Pass,23,0.0,0.1987179487179487,P6,167,208,42
608000,Pass,15,0.0,0.3145539906103286,P6,167,208,42
608041,Pass,7,0.0,0.06862745098039216,P6,167,208,42
608047,Pass,4,16.0,0.6593406593406593,P6,167,208,42
608264,Pass,5,10.0,0.34,P6,167,208,42
608419,Pass,18,4.0,0.06293706293706294,P6,167,208,42
608564,Fail,0,,,P6,167,208,42
608578,Pass,7,2.0,0.796875,P6,167,208,42
608623,Pass,3,12.0,0.7142857142857143,P6,167,208,42
608647,Pass,6,18.0,0.7714285714285715,P6,167,208,42
608738,Fail,8,0.0,0.475,P6,167,208,42
608766,Pass,8,4.0,0.27586206896551724,P6,167,208,42
608939,Fail,0,,,P6,167,208,42
609010,Pass,4,12.0,0.6774193548387096,P6,167,208,42
609046,Pass,21,0.0,0.45714285714285713,P6,167,208,42
609047,Fail,4,6.0,0.8596491228070176,P6,167,208,42
609307,Pass,13,0.0,0.37948717948717947,P6,167,208,42
609510,Fail,2,0.0,0.0,P6,167,208,42
609679,Pass,6,12.0,0.14705882352941177,P6,167,208,42
609704,Pass,6,16.0,0.9156626506024096,P6,167,208,42
609764,Fail,0,,,P6,167,208,42
609804,Fail,0,,,P6,167,208,42
609812,Pass,2,27.0,0.8518518518518519,P6,167,208,42
609815,Pass,6,3.0,0.25,P6,167,208,42
609817,Pass,5,5.0,0.6153846153846154,P6,167,208,42
609850,Fail,0,,,P6,167,208,42
609864,Pass,6,3.0,0.16279069767441862,P6,167,208,42
609871,Pass,5,11.0,0.375,P6,167,208,42
609887,Fail,0,,,P6,167,208,42
610059,Pass,3,18.0,0.9333333333333333,P6,167,208,42
610260,Pass,10,8.0,0.0,P6,167,208,42
610362,Pass,4,14.0,0.034482758620689655,P6,167,208,42
610423,Fail,0,,,P6,167,208,42
610428,Pass,4,34.0,0.872093023255814,P6,167,208,42
610553,Pass,2,38.0,1.0,P6,167,208,42
610700,Fail,0,,,P6,167,208,42
610725,Pass,1,36.0,1.0,P6,167,208,42
610731,Fail,0,,,P6,167,208,42
610740,Fail,0,,,P6,167,208,42
610745,Pass,4,25.0,0.8292682926829268,P6,167,208,42
610751,Fail,0,,,P6,167,208,42
610763,Pass,6,13.0,0.4878048780487805,P6,167,208,42
610776,Fail,0,,,P6,167,208,42
610780,Fail,0,,,P6,167,208,42
610804,Fail,0,,,P6,167,208,42
610906,Pass,16,4.0,0.23943661971830985,P6,167,208,42
611004,Fail,0,,,P6,167,208,42
611012,Pass,5,14.0,0.01639344262295082,P6,167,208,42
611017,Pass,8,14.0,0.3893129770992366,P6,167,208,42
611023,Pass,2,39.0,1.0,P6,167,208,42
611048,Fail,0,,,P6,167,208,42
611051,Fail,0,,,P6,167,208,42
611060,Pass,5,11.0,0.7213114754098361,P6,167,208,42
611096,Fail,0,,,P6,167,208,42
611182,Fail,0,,,P6,167,208,42
611228,Pass,5,3.0,0.1388888888888889,P6,167,208,42
611268,Fail,1,41.0,1.0,P6,167,208,42
611531,Pass,19,0.0,0.26,P6,167,208,42
611688,Pass,8,9.0,0.10714285714285714,P6,167,208,42
611690,Pass,5,21.0,0.851063829787234,P6,167,208,42
612210,Pass,7,31.0,0.5494505494505495,P6,167,208,42
612217,Pass,4,11.0,0.10256410256410256,P6,167,208,42
612252,Pass,9,9.0,0.3804347826086957,P6,167,208,42
612255,Pass,8,4.0,0.24074074074074073,P6,167,208,42
612355,Pass,8,10.0,0.13559322033898305,P6,167,208,42
612361,Pass,6,10.0,0.6444444444444445,P6,167,208,42
612484,Pass,15,0.0,0.16748768472906403,P6,167,208,42
612517,Pass,1,40.0,1.0,P6,167,208,42
612684,Pass,11,0.0,0.39325842696629215,P6,167,208,42
612757,Pass,12,4.0,0.0547945205479452,P6,167,208,42
612891,Pass,19,0.0,0.4263157894736842,P6,167,208,42
613051,Fail,0,,,P6,167,208,42
613158,Pass,5,18.0,0.7115384615384616,P6,167,208,42
613171,Pass,13,0.0,0.3407079646017699,P6,167,208,42
613173,Pass,8,0.0,0.020942408376963352,P6,167,208,42
613175,Fail,0,,,P6,167,208,42
613177,Pass,33,1.0,0.10697674418604651,P6,167,208,42
613196,Pass,4,24.0,0.4594594594594595,P6,167,208,42
613200,Pass,5,11.0,0.02857142857142857,P6,167,208,42
613208,Pass,3,36.0,1.0,P6,167,208,42
613293,Pass,6,8.0,0.7966101694915254,P6,167,208,42
613416,Pass,7,10.0,0.021739130434782608,P6,167,208,42
613418,Pass,13,0.0,0.41025641025641024,P6,167,208,42
613738,Pass,6,1.0,0.027777777777777776,P6,167,208,42
614013,Pass,4,11.0,0.8431372549019608,P6,167,208,42
614064,Pass,6,2.0,0.7058823529411765,P6,167,208,42
614072,Pass,21,1.0,0.453551912568306,P6,167,208,42
614148,Fail,0,,,P6,167,208,42
614556,Pass,10,1.0,0.582089552238806,P6,167,208,42
616342,Pass,3,6.0,0.7866666666666666,P6,167,208,42
616735,Pass,15,1.0,0.15789473684210525,P6,167,208,42
617116,Pass,3,13.0,0.92,P6,167,208,42
617472,Pass,8,4.0,0.3424657534246575,P6,167,208,42
619082,Pass,13,2.0,0.5660377358490566,P6,167,208,42
619941,Pass,15,3.0,0.4625984251968504,P6,167,208,42
1105438,Pass,2,6.0,0.0,P6,167,208,42
1399285,Pass,5,9.0,0.0,P6,167,208,42
1405594,Pass,35,0.0,0.23966165413533835,P6,167,208,42
1411627,Pass,27,0.0,0.33251833740831294,P6,167,208,42
1421720,Pass,7,0.0,0.375,P6,167,208,42
1440341,Pass,18,1.0,0.4230769230769231,P6,167,208,42
1467014,Pass,22,0.0,0.5235294117647059,P6,167,208,42
1503056,Pass,2,12.0,0.0,P6,167,208,42
1521687,Fail,0,,,P6,167,208,42
1536774,Pass,24,0.0,0.06763285024154589,P6,167,208,42
1541133,Fail,25,0.0,0.1939655172413793,P6,167,208,42
1594621,Pass,8,2.0,0.3137254901960784,P6,167,208,42
1627017,Pass,11,0.0,0.09375,P6,167,208,42
1695710,Pass,11,0.0,0.4854368932038835,P6,167,208,42
1731564,Pass,2,17.0,0.0,P6,167,208,42
1778145,Pass,10,0.0,0.15384615384615385,P6,167,208,42
1781804,Fail,0,,,P6,167,208,42
1797168,Pass,11,2.0,0.5692307692307692,P6,167,208,42
1903677,Pass,1,39.0,1.0,P6,167,208,42
1910175,Pass,8,8.0,0.4634146341463415,P6,167,208,42
1946308,Pass,8,0.0,0.6666666666666666,P6,167,208,42
1963287,Fail,0,,,P6,167,208,42
1990650,Fail,0,,,P6,167,208,42
1998790,Fail,2,32.0,0.92,P6,167,208,42
2001687,Pass,16,0.0,0.42857142857142855,P6,167,208,42
2002046,Pass,12,4.0,0.0,P6,167,208,42
2006283,Pass,4,2.0,0.6875,P6,167,208,42
2023561,Withdrawn,0,,,P6,167,208,42
2029037,Pass,16,4.0,0.2222222222222222,P6,167,208,42
2034300,Pass,5,22.0,0.7454545454545455,P6,167,208,42
2044036,Fail,0,,,P6,167,208,42
2056947,Fail,0,,,P6,167,208,42
2061889,Pass,0,,,P6,167,208,42
2062995,Pass,4,11.0,0.5416666666666666,P6,167,208,42
2072166,Withdrawn,2,2.0,0.0,P6,167,208,42
2078768,Pass,26,0.0,0.007385524372230428,P6,167,208,42
2083576,Pass,6,1.0,0.6363636363636364,P6,167,208,42
2095379,Pass,1,40.0,1.0,P6,167,208,42
2111015,Pass,8,10.0,0.18604651162790697,P6,167,208,42
2115711,Pass,20,1.0,0.2076923076923077,P6,167,208,42
2128304,Pass,8,0.0,0.21359223300970873,P6,167,208,42
2132966,Pass,3,10.0,0.68,P6,167,208,42
2140444,Fail,4,0.0,0.0,P6,167,208,42
2147687,Fail,0,,,P6,167,208,42
2147929,Pass,4,7.0,0.39285714285714285,P6,167,208,42
2160453,Pass,10,0.0,0.2682926829268293,P6,167,208,42
2164944,Fail,3,10.0,0.0,P6,167,208,42
2174835,Pass,4,9.0,0.13157894736842105,P6,167,208,42
2196054,Pass,7,12.0,0.44155844155844154,P6,167,208,42
2210666,Fail,0,,,P6,167,208,42
2211448,Fail,0,,,P6,167,208,42
2214631,Pass,5,19.0,0.59375,P6,167,208,42
2225190,Fail,0,,,P6,167,208,42
2226301,Pass,8,9.0,0.37735849056603776,P6,167,208,42
2229783,Fail,0,,,P6,167,208,42
2239140,Fail,0,,,P6,167,208,42
2242290,Fail,0,,,P6,167,208,42
2262671,Fail,0,,,P6,167,208,42
2266650,Fail,0,,,P6,167,208,42
2271644,Pass,2,3.0,0.6363636363636364,P6,167,208,42
2280314,Pass,9,3.0,0.1,P6,167,208,42
2282129,Fail,0,,,P6,167,208,42
2284583,Pass,7,2.0,0.9,P6,167,208,42
2294490,Fail,0,,,P6,167,208,42
2318763,Fail,2,6.0,0.0,P6,167,208,42
2320306,Pass,18,0.0,0.25257731958762886,P6,167,208,42
2334319,Pass,20,0.0,0.2413793103448276,P6,167,208,42
2346025,Fail,0,,,P6,167,208,42
2363875,Pass,0,,,P6,167,208,42
2382253,Fail,1,1.0,0.0,P6,167,208,42
2392824,Pass,6,11.0,0.024691358024691357,P6,167,208,42
2396786,Fail,0,,,P6,167,208,42
2400851,Pass,18,3.0,0.128099173553719,P6,167,208,42
2411595,Pass,6,1.0,0.8076923076923077,P6,167,208,42
2416774,Pass,3,3.0,0.875,P6,167,208,42
2420909,Pass,4,9.0,0.46,P6,167,208,42
2421929,Fail,0,,,P6,167,208,42
2425156,Pass,3,0.0,0.52,P6,167,208,42
2444641,Fail,7,4.0,0.851063829787234,P6,167,208,42
2451269,Pass,9,0.0,0.275,P6,167,208,42
2452289,Pass,14,4.0,0.42990654205607476,P6,167,208,42
2453657,Fail,0,,,P6,167,208,42
2455066,Pass,18,1.0,0.22674418604651161,P6,167,208,42
2455578,Pass,11,3.0,0.34831460674157305,P6,167,208,42
2459051,Fail,0,,,P6,167,208,42
2460002,Fail,0,,,P6,167,208,42
2463213,Pass,41,0.0,0.16134060795011693,P6,167,208,42
2463950,Pass,7,0.0,0.02564102564102564,P6,167,208,42
2464683,Pass,10,0.0,0.2,P6,167,208,42
2468280,Pass,2,40.0,1.0,P6,167,208,42
2510414,Fail,3,6.0,0.90625,P6,167,208,42
2512392,Pass,32,0.0,0.10966542750929369,P6,167,208,42
2514379,Fail,2,39.0,1.0,P6,167,208,42
2528352,Fail,0,,,P6,167,208,42
2529306,Fail,2,38.0,1.0,P6,167,208,42
2532647,Fail,5,20.0,0.9491525423728814,P6,167,208,42
2544448,Fail,0,,,P6,167,208,42
2550290,Fail,1,40.0,1.0,P6,167,208,42
2553890,Pass,15,0.0,0.13445378151260504,P6,167,208,42
2564744,Pass,1,30.0,0.0,P6,167,208,42
2567158,Pass,31,0.0,0.10743801652892562,P6,167,208,42
2573353,Fail,0,,,P6,167,208,42
2575994,Fail,2,34.0,0.2,P6,167,208,42
2578802,Pass,9,0.0,0.15,P6,167,208,42
2579673,Fail,0,,,P6,167,208,42
2583791,Fail,3,34.0,0.6896551724137931,P6,167,208,42
2584834,Pass,3,0.0,0.0,P6,167,208,42
2585937,Pass,1,16.0,0.0,P6,167,208,42
2587329,Pass,11,0.0,0.8571428571428571,P6,167,208,42
2588742,Pass,6,14.0,0.3620689655172414,P6,167,208,42
2591421,Pass,8,5.0,0.7107438016528925,P6,167,208,42
2607641,Pass,9,3.0,0.10526315789473684,P6,167,208,42
2617839,Pass,6,4.0,0.32,P6,167,208,42
2625315,Fail,0,,,P6,167,208,42
2631545,Fail,0,,,P6,167,208,42
2638377,Pass,9,0.0,0.08653846153846154,P6,167,208,42
2642717,Pass,13,3.0,0.39097744360902253,P6,167,208,42
2650236,Fail,0,,,P6,167,208,42
2662716,Fail,0,,,P6,167,208,42
2664036,Fail,0,,,P6,167,208,42
2680344,Pass,21,0.0,0.11724137931034483,P6,167,208,42
2691100,Pass,10,8.0,0.20967741935483872,P6,167,208,42
2691566,Fail,3,37.0,1.0,P6,167,208,42
